Num,Gender,Age,Grade,Major,Only child,Residence,Number of online groups,Internet age,Daily online duration,Number of friends met online,SES7,SES3,SES9R,SES4,SES5R,SES10,SES1,SES8R,SES6R,SES2R,SWLS1,SWLS2,SWLS3,SWLS4,SWLS5,PANAS1,PANAS2,PANAS3,PANAS4,PANAS5,PANAS6,PANAS7,PANAS8,PANAS9,PANAS10,PANAS11,PANAS12,PANAS13,PANAS14,PANAS15,PANAS16,PANAS17,PANAS18,CD-RISC
1,1,21,4,1,1,1,3,4,2,2,4,4,4,1,4,3,3,3,4,4,5,5,5,2,5,2,4,2,3,4,2,2,3,4,4,5,4,5,2,5,4,5,5,67
2,1,22,4,2,2,2,1,4,1,2,2,2,3,3,2,3,3,2,2,2,4,4,4,4,1,1,1,1,3,3,2,1,1,1,1,1,1,1,1,2,1,1,1,51
3,2,22,4,2,2,2,3,4,2,3,2,3,2,2,1,2,2,2,2,3,3,4,2,4,1,1,1,2,1,1,1,1,1,5,1,1,1,1,1,1,2,1,1,41
4,2,22,4,2,1,2,1,4,3,2,2,3,2,3,2,3,3,2,3,3,4,4,5,5,1,3,4,1,3,1,3,1,3,4,3,1,4,1,3,3,1,2,4,63
5,2,21,4,2,1,1,3,4,1,4,3,3,4,3,2,3,3,2,4,3,4,3,4,3,4,3,2,1,4,1,4,2,3,1,3,1,4,1,3,3,1,1,4,66
6,1,19,1,4,2,2,4,4,1,4,3,2,2,4,1,4,4,1,4,4,6,7,6,2,7,3,4,2,5,1,3,1,4,1,3,1,3,1,4,5,1,1,1,68
7,1,19,1,5,2,1,3,4,2,4,3,3,3,3,2,4,3,2,3,4,4,4,4,1,1,1,3,1,2,1,2,1,2,1,1,1,3,1,4,3,1,1,3,72
8,2,20,4,1,1,1,4,4,1,4,3,3,1,2,2,3,3,1,1,1,4,4,4,1,1,1,3,1,3,1,3,1,3,1,3,1,3,1,3,1,3,1,3,59
9,1,18,1,5,2,2,3,4,1,2,3,3,3,3,3,3,3,2,3,3,4,4,5,4,5,2,3,1,3,1,3,1,3,2,3,1,3,1,3,3,1,2,3,56
10,1,18,1,5,1,1,3,2,3,2,4,3,4,3,4,3,3,2,3,3,5,7,7,4,1,1,4,1,4,2,4,1,5,3,5,1,5,1,4,5,2,2,3,72
11,1,18,1,5,2,2,1,3,2,4,2,3,3,3,3,3,3,2,4,4,4,4,4,6,4,5,5,4,4,4,3,3,3,4,3,4,4,4,5,4,1,5,5,53
12,1,18,1,5,2,1,3,4,3,2,4,3,4,4,1,4,4,1,3,4,4,4,7,4,7,1,1,4,1,1,3,1,1,1,1,1,1,1,1,3,1,1,1,76
13,1,18,1,5,1,1,3,4,1,3,3,3,3,2,3,3,3,2,4,4,4,4,6,5,7,2,1,1,4,1,3,1,4,5,5,1,5,1,2,5,1,2,4,52
14,1,19,1,5,2,2,1,3,2,2,4,4,2,2,3,2,3,1,3,2,2,2,3,6,5,4,4,3,4,3,2,3,3,3,4,4,4,2,3,3,2,2,2,67
15,2,21,4,2,1,2,1,4,1,1,2,2,4,2,3,1,4,3,4,3,3,5,3,4,5,1,4,2,2,4,2,3,4,3,2,3,3,4,4,3,3,3,3,55
16,2,21,4,5,2,2,3,4,2,4,3,3,3,3,2,3,3,2,3,3,3,3,3,3,3,2,2,1,3,1,3,1,2,1,1,1,3,1,2,2,1,1,2,53
17,2,22,4,2,2,2,3,1,2,3,2,3,2,3,2,3,3,2,4,4,4,5,5,5,2,2,4,2,4,2,2,4,2,4,2,4,4,4,4,4,2,4,2,72
18,2,21,4,2,1,1,1,4,3,2,3,3,3,3,2,4,2,1,3,3,3,3,4,5,4,1,3,1,3,1,1,1,1,1,1,1,3,1,2,4,1,1,3,71
19,2,22,4,3,1,1,3,4,2,2,3,3,2,2,2,2,2,2,2,2,3,3,3,2,1,3,2,2,1,1,1,1,1,3,2,1,3,1,2,2,1,1,1,44
20,2,22,4,5,2,2,3,4,1,3,3,3,3,3,2,3,3,2,3,3,4,4,4,1,2,3,4,3,5,3,3,3,4,3,4,3,4,3,3,4,2,1,5,65
21,2,21,4,2,2,2,3,4,3,1,3,2,3,4,1,3,4,1,3,3,2,4,4,1,1,1,1,1,1,2,3,1,3,1,3,1,1,1,1,1,2,2,1,57
22,2,21,4,2,2,2,4,4,2,2,3,3,2,3,2,3,3,2,3,3,3,5,4,3,2,3,2,1,3,2,3,1,3,2,3,2,2,2,3,2,2,2,2,57
23,1,20,4,1,2,2,3,4,2,2,3,2,2,4,2,2,3,2,2,3,5,5,5,4,5,2,3,2,3,2,3,3,3,4,3,4,4,3,3,3,3,3,4,75
24,2,23,4,2,2,2,3,3,2,5,3,3,4,3,3,3,3,2,3,3,5,4,3,5,5,1,2,3,2,2,3,4,4,5,5,4,3,2,3,3,2,2,2,73
25,2,24,1,1,1,2,3,4,1,2,4,4,4,3,3,4,4,1,2,2,3,6,6,6,3,1,3,1,3,1,4,1,4,1,3,1,3,1,3,3,1,1,3,63
26,2,22,4,1,2,2,4,4,2,4,3,3,3,3,2,3,3,2,4,4,5,5,5,5,5,3,5,2,3,2,2,2,3,3,3,2,3,2,3,3,2,2,3,62
27,2,23,4,1,1,1,1,1,3,1,3,3,3,3,2,3,3,2,3,3,4,4,3,2,1,3,3,3,4,2,3,3,3,3,3,2,3,1,2,3,1,1,3,71
28,2,22,4,2,2,1,3,4,2,4,4,4,3,3,3,3,4,2,3,3,3,4,3,4,2,4,3,1,3,2,3,4,2,4,4,4,3,1,1,3,5,3,2,81
29,2,22,4,2,1,1,1,4,1,5,3,3,3,3,2,3,1,2,2,3,4,4,7,7,1,1,4,1,4,1,3,2,2,2,3,1,4,1,4,4,1,2,4,79
30,2,20,4,2,2,2,3,4,2,5,4,4,3,2,2,3,3,3,3,3,4,4,4,4,1,3,3,2,3,3,3,2,3,3,3,3,3,2,3,3,2,2,2,60
31,1,19,1,5,1,1,1,3,2,2,4,3,2,2,1,3,3,2,2,2,4,4,7,1,1,1,1,1,1,1,1,1,1,1,1,1,1,1,1,5,1,1,1,91
32,1,18,1,5,1,1,3,4,2,3,3,3,3,3,3,3,3,3,4,4,3,4,3,1,1,4,3,4,4,3,3,3,3,5,4,4,3,3,3,4,3,3,3,60
33,1,19,5,2,2,2,3,3,2,4,3,3,3,4,3,4,2,2,4,3,1,4,4,1,1,1,4,2,4,2,3,3,3,4,3,1,3,1,1,4,3,3,3,58
34,1,20,1,5,1,1,3,3,2,3,3,3,3,3,2,2,3,2,4,4,4,4,4,3,2,1,2,1,3,2,2,3,1,1,1,1,3,1,2,3,1,1,2,56
35,1,20,4,2,1,2,2,2,2,2,3,3,3,3,2,3,3,2,3,3,4,4,4,4,1,3,3,2,3,2,2,2,3,3,3,2,3,2,3,3,2,3,3,63
36,1,22,4,2,1,2,1,3,2,3,4,4,3,2,1,3,4,1,3,2,5,6,4,4,2,1,1,1,1,1,1,3,3,1,3,1,4,1,4,4,4,1,4,74
37,1,22,4,2,1,2,1,4,2,2,3,3,4,3,2,3,3,1,3,4,4,4,5,3,3,1,3,1,3,1,1,1,3,3,3,2,4,2,3,4,3,4,4,59
38,1,21,4,2,2,1,3,4,1,5,4,2,2,2,2,4,1,3,2,1,7,5,6,4,2,1,4,1,4,1,5,5,1,5,4,4,1,1,4,5,1,1,4,50
39,1,21,3,2,1,1,4,4,1,5,3,3,3,3,3,3,3,1,2,3,5,6,6,5,7,1,2,1,2,1,3,1,3,1,3,3,4,3,4,5,1,2,4,63
40,1,22,4,2,2,2,1,2,1,1,2,2,4,2,3,1,2,4,4,3,1,1,1,1,5,1,5,1,3,3,3,1,5,5,5,5,5,3,5,3,1,3,4,37
41,1,21,1,2,2,2,3,4,2,3,3,3,2,4,2,2,3,3,2,1,5,4,5,3,5,3,4,3,4,3,4,4,4,3,4,3,5,4,3,4,3,4,3,68
42,1,21,4,1,2,2,2,2,3,2,3,2,2,3,2,2,3,3,2,2,5,4,5,6,5,3,2,3,4,2,3,4,3,3,4,3,4,2,3,4,3,4,4,70
43,1,21,4,1,1,1,2,3,3,3,3,3,2,3,2,2,3,3,2,3,6,5,5,6,5,4,3,4,3,4,3,2,3,4,3,4,3,4,3,2,4,3,4,67
44,1,22,4,2,2,2,3,4,3,2,4,4,4,4,4,4,4,1,2,3,4,3,5,2,4,3,3,2,4,3,3,2,3,3,4,2,5,1,3,4,2,2,3,83
45,1,22,4,2,2,2,3,2,2,3,4,4,3,3,2,4,3,1,2,3,4,3,5,2,3,1,1,1,3,1,4,2,3,1,4,1,4,1,3,5,1,1,3,77
46,1,22,2,4,2,1,3,4,2,3,3,2,3,3,3,3,3,2,3,4,5,4,5,4,5,1,3,1,3,1,3,1,2,1,2,1,1,1,2,2,1,1,2,72
47,1,24,1,2,2,1,3,4,3,3,4,4,3,3,2,3,3,3,3,3,5,5,5,3,3,1,1,1,5,1,5,1,5,5,5,1,5,1,5,5,1,5,5,69
48,1,22,4,2,1,1,3,4,2,3,4,4,3,3,3,3,3,1,3,3,4,4,4,4,4,1,1,2,1,2,1,1,2,2,1,2,1,1,1,1,1,1,1,64
49,1,21,4,2,1,1,3,4,3,4,3,3,3,3,2,2,3,1,4,4,5,4,5,4,4,1,2,1,4,1,4,1,4,2,3,1,4,1,4,5,1,1,5,79
50,1,22,4,1,1,1,3,4,3,3,3,3,3,3,3,3,3,1,2,3,5,3,4,5,5,1,1,1,3,1,2,1,1,2,2,1,2,1,1,1,1,1,1,60
51,1,22,4,1,1,1,3,4,3,3,3,3,2,3,3,3,3,2,3,2,4,5,5,4,5,2,3,3,2,3,2,3,2,3,2,3,2,3,2,3,2,3,2,73
52,1,21,4,2,2,2,1,3,3,1,3,3,3,3,3,3,3,2,3,3,6,5,6,5,4,1,3,1,3,1,4,1,4,2,3,1,3,1,3,4,1,1,4,63
53,1,23,4,3,2,3,3,4,3,5,4,3,3,3,3,4,4,2,3,3,6,2,7,6,5,2,3,1,5,1,5,1,3,5,5,1,5,1,3,4,1,2,4,76
54,1,23,2,1,2,2,3,4,2,2,2,3,1,3,1,2,3,1,1,1,4,3,3,3,4,2,2,1,2,3,2,3,1,2,1,1,2,1,1,2,1,2,1,44
55,1,21,4,2,1,2,1,3,1,3,2,3,2,2,2,2,2,3,3,3,5,4,5,5,6,3,4,2,3,2,2,3,2,3,3,3,3,1,2,3,2,1,2,46
56,1,21,4,2,1,2,3,4,2,3,3,3,3,3,3,3,3,2,3,3,5,4,6,4,2,1,3,1,5,2,3,2,3,2,4,1,4,1,3,5,1,2,3,69
57,1,21,4,2,2,1,3,4,3,2,3,3,4,3,3,3,3,1,3,3,5,5,5,5,4,2,3,1,3,1,4,1,4,5,3,2,3,3,3,3,3,3,3,70
58,1,22,2,2,2,2,4,3,3,2,3,3,2,3,2,3,3,2,2,2,4,5,4,4,5,4,4,3,3,3,4,3,3,4,3,3,3,4,3,3,3,3,3,79
59,1,20,4,5,2,1,1,4,1,2,3,3,4,2,3,3,3,1,4,4,3,1,1,1,1,3,4,3,3,2,5,5,5,2,2,1,5,1,5,5,1,1,5,88
60,1,18,1,5,2,2,3,4,2,3,3,3,4,3,4,4,3,1,4,4,4,4,6,3,2,4,3,2,5,5,5,3,3,4,5,1,4,2,4,4,2,3,4,76
61,1,19,1,5,2,2,3,4,3,5,3,3,3,3,2,3,4,3,3,3,4,4,5,4,1,1,2,1,3,1,3,2,3,3,3,1,3,2,3,3,3,2,3,69
62,1,20,1,5,2,1,3,4,2,3,3,4,3,3,3,3,3,2,2,4,3,4,4,4,1,1,2,1,2,2,3,2,4,1,4,1,5,1,3,4,1,1,3,74
63,1,19,1,5,1,2,3,4,1,3,3,3,3,3,2,3,2,1,3,3,4,4,7,1,1,3,3,2,4,2,4,3,4,2,4,2,4,3,2,4,1,2,4,58
64,1,19,1,5,1,2,1,2,2,2,3,3,3,2,3,3,3,2,3,3,5,4,4,3,6,3,3,3,5,4,3,3,2,2,3,2,3,3,4,4,2,4,3,59
65,1,19,1,5,1,1,1,4,2,3,3,3,3,2,3,3,3,2,4,3,5,7,1,5,3,1,1,2,1,5,1,1,1,3,1,1,1,1,2,1,2,1,1,66
66,1,18,1,5,1,2,1,2,2,2,3,3,3,2,2,3,2,3,3,3,4,7,7,7,4,1,2,3,4,2,3,2,1,2,3,4,2,3,2,5,1,2,3,55
67,1,21,1,5,2,2,1,4,2,3,3,3,3,3,2,3,3,2,3,3,4,4,7,1,1,1,1,1,2,1,4,1,3,4,4,1,4,1,2,3,1,4,2,54
68,1,19,1,5,2,1,2,2,2,4,3,3,3,3,3,2,2,2,3,3,4,1,5,3,1,2,3,1,4,2,4,1,3,2,3,1,4,2,4,4,1,2,3,71
69,1,18,1,5,2,2,4,3,2,3,4,3,4,4,4,4,4,2,4,4,7,6,6,4,1,1,5,1,5,1,5,1,5,3,5,1,5,1,5,5,1,1,5,95
70,1,18,1,5,1,1,1,2,2,3,4,4,4,3,2,4,4,1,4,4,5,5,6,6,6,1,1,1,4,1,4,2,4,3,4,3,5,2,4,4,1,2,5,71
71,1,20,1,5,2,2,2,4,4,3,2,3,3,3,2,3,2,3,3,3,4,3,6,1,2,1,1,1,1,1,2,1,1,1,2,1,3,1,1,2,1,1,2,76
72,1,19,1,5,1,1,1,4,2,3,2,2,3,2,2,2,3,2,3,2,5,4,4,3,2,1,1,1,3,2,3,1,2,3,3,2,3,1,3,3,1,3,3,48
73,1,18,1,5,2,1,4,3,3,5,3,3,3,4,2,3,4,2,4,4,3,3,3,3,2,2,4,4,3,4,5,3,3,4,3,1,5,3,3,4,2,3,3,69
74,2,23,4,3,2,1,1,4,1,3,3,3,1,2,3,2,4,3,1,3,4,7,4,1,5,4,5,4,5,4,5,4,5,4,5,4,4,5,5,4,4,4,4,62
75,1,22,4,1,1,2,1,4,2,4,3,3,3,2,3,4,4,1,3,3,4,4,4,4,1,1,3,1,3,1,4,1,3,1,4,1,3,1,4,5,1,3,5,67
76,2,18,1,2,1,2,1,4,1,5,3,2,2,2,3,1,3,1,3,2,1,2,2,5,7,1,3,2,2,4,5,4,3,3,2,5,1,3,5,2,2,4,3,36
77,1,22,4,2,1,2,2,2,2,2,3,3,1,4,2,3,3,1,2,1,6,6,5,6,5,4,5,4,4,4,4,5,5,5,4,3,4,3,4,3,4,4,4,85
78,1,22,4,1,1,2,1,4,2,2,4,4,4,4,2,4,3,1,4,3,2,3,5,5,3,1,1,1,1,1,1,1,1,1,1,1,1,1,3,1,1,1,1,64
79,1,22,4,2,2,2,3,4,2,3,2,4,4,2,3,3,3,1,2,3,5,4,5,7,5,1,2,1,3,1,3,2,3,2,5,4,4,1,1,3,1,3,4,63
80,1,22,4,2,1,1,1,4,2,4,4,3,4,4,4,3,3,2,4,4,5,4,5,4,3,1,4,1,3,1,4,1,3,1,3,1,3,1,3,4,1,1,4,70
81,1,22,4,1,1,1,2,3,1,2,3,3,3,3,1,3,3,2,3,3,3,4,2,5,4,1,2,1,3,2,1,2,1,1,1,1,1,1,2,2,1,1,1,58
82,1,22,4,2,1,1,1,4,2,2,4,4,3,3,2,3,3,2,3,3,4,4,4,1,1,1,1,1,1,1,3,1,3,,1,2,3,1,2,1,1,2,1,51
83,1,20,4,1,1,1,4,4,2,3,3,3,4,3,4,3,3,2,4,4,4,4,4,1,1,2,3,2,3,2,3,2,3,2,3,2,3,2,3,2,3,2,3,90
84,1,22,4,1,2,2,1,2,4,3,4,4,4,4,4,4,4,1,4,4,6,4,5,5,5,1,5,1,4,1,4,2,4,2,4,1,5,1,5,4,4,1,5,67
85,1,22,4,2,2,2,4,2,4,2,4,4,4,4,3,4,4,1,3,3,6,6,7,5,3,2,4,2,5,2,4,1,4,2,4,1,5,2,4,4,1,2,4,81
86,1,22,4,1,1,2,3,4,2,2,3,3,2,3,2,3,3,2,2,2,5,5,3,5,5,2,3,2,2,3,2,4,2,5,1,2,3,4,1,3,4,2,3,56
87,1,23,4,2,1,2,1,4,2,1,3,2,3,3,2,3,3,2,3,3,4,4,4,4,4,1,1,1,1,2,2,2,2,2,2,2,2,1,1,1,2,2,2,58
88,1,18,1,5,1,2,4,4,1,5,3,3,4,3,3,4,3,2,4,4,4,2,6,3,6,1,3,1,4,1,4,1,3,2,3,1,4,1,1,2,1,1,3,73
89,1,22,4,2,1,2,3,4,2,4,3,3,4,3,2,3,3,1,3,3,5,4,4,4,3,1,2,1,3,1,4,1,4,1,4,1,4,1,4,4,1,1,4,67
90,1,22,4,2,2,2,1,2,3,2,4,4,4,4,3,3,2,2,1,2,7,7,7,6,3,3,2,2,3,2,3,4,4,4,3,3,2,3,2,2,2,2,3,67
91,1,20,2,1,1,2,2,3,2,2,3,3,3,3,2,3,3,2,3,3,4,1,7,1,7,1,2,3,2,3,2,3,3,2,2,3,3,1,3,5,1,2,4,42
92,1,19,2,2,1,1,1,4,4,4,2,1,2,2,4,4,2,2,4,3,4,4,4,4,3,2,3,2,3,2,3,4,3,2,1,3,4,2,2,4,3,2,2,65
93,1,20,2,2,2,1,3,4,1,5,3,4,4,4,3,4,4,1,3,3,7,3,4,5,4,1,3,1,3,1,4,2,4,3,3,3,4,2,4,5,3,1,5,90
94,1,20,2,2,2,2,1,4,3,2,3,3,3,3,3,3,3,3,3,3,4,4,4,4,5,2,2,2,3,2,3,2,3,3,3,2,3,2,2,3,1,1,3,66
95,1,20,2,1,2,2,1,4,3,2,3,3,4,3,4,4,4,3,4,4,3,3,4,3,3,3,3,3,4,3,4,3,4,4,5,3,4,3,5,5,2,4,4,60
96,1,22,2,2,1,2,1,4,2,2,2,3,2,2,2,2,2,2,2,2,2,4,2,1,1,3,1,1,1,4,1,2,1,1,1,3,1,1,1,1,1,5,1,56
97,1,21,2,2,1,2,1,4,3,2,4,4,2,3,2,4,2,1,2,2,4,4,5,4,3,3,4,3,4,4,4,3,4,4,4,4,4,4,2,4,3,3,4,62
98,2,19,5,1,2,2,3,4,1,4,3,3,4,3,2,3,3,2,2,2,4,4,5,4,4,1,1,2,1,1,1,2,2,1,1,1,1,1,1,1,1,2,1,63
99,1,20,2,5,1,1,1,4,1,2,3,3,3,3,2,2,3,2,3,2,4,5,5,5,4,2,1,1,1,1,2,2,1,1,1,1,1,1,1,1,1,1,1,62
100,2,21,2,5,1,1,2,4,1,1,3,3,3,3,1,3,2,2,2,2,4,4,5,5,5,1,2,1,1,1,2,3,2,2,2,1,1,1,1,2,2,2,1,63
101,1,19,2,5,2,2,1,4,4,2,3,3,2,3,2,3,2,2,3,4,4,5,5,4,3,3,3,1,1,1,2,2,3,1,2,2,2,1,2,2,2,1,2,67
102,2,19,2,5,2,2,1,4,1,2,3,3,2,3,2,2,2,2,3,4,3,3,3,2,2,1,1,1,1,2,2,2,1,1,2,1,2,1,1,2,1,3,1,67
103,2,22,2,5,2,1,2,4,1,5,3,3,4,3,3,3,3,2,3,2,5,6,6,4,1,1,1,1,2,2,1,2,1,1,1,1,1,1,1,1,1,1,1,56
104,2,20,2,2,2,2,1,4,1,1,2,2,2,3,2,2,2,1,2,3,4,4,3,5,5,1,1,1,2,3,2,2,1,1,1,1,1,1,1,1,1,1,1,66
105,2,19,2,2,2,2,1,4,3,2,3,3,3,3,2,4,3,1,2,2,5,6,4,6,5,1,1,2,2,1,1,1,1,1,1,1,1,1,1,1,1,1,1,72
106,1,20,2,2,2,2,1,4,1,2,3,3,3,4,2,3,4,2,3,2,4,4,5,4,4,1,1,2,2,3,2,1,2,1,1,1,1,1,1,1,1,1,1,68
107,2,19,2,5,1,2,1,4,1,3,3,2,4,2,2,4,3,3,3,2,4,5,4,5,5,3,3,1,2,2,1,1,1,1,2,1,1,1,1,1,2,1,1,68
108,2,19,2,5,1,2,1,4,2,1,3,3,3,3,2,4,3,2,2,2,5,5,5,1,5,1,1,1,1,2,2,1,1,1,1,1,1,1,1,1,1,1,1,69
109,2,19,2,5,2,2,1,3,2,2,3,3,4,3,2,3,2,2,2,2,5,5,5,4,6,1,1,1,1,1,2,2,1,1,1,1,1,2,2,2,1,1,2,68
110,1,22,2,5,1,1,1,4,1,2,3,2,4,3,2,3,3,2,3,2,2,3,3,1,1,1,1,1,2,3,1,1,1,1,1,1,1,1,1,1,1,2,1,67
111,2,20,2,5,1,2,3,4,1,2,3,3,2,3,2,2,2,2,2,2,4,4,3,3,3,1,4,1,1,4,3,3,3,4,3,4,3,3,2,3,4,3,3,35
112,1,21,1,5,1,2,4,4,2,3,3,3,3,3,2,3,2,2,3,3,3,2,1,1,1,3,4,3,3,5,3,3,3,3,3,2,3,2,2,3,2,2,2,62
113,1,19,2,5,2,2,3,2,2,2,4,3,4,4,4,3,4,1,4,4,7,4,7,7,4,2,5,2,4,2,3,3,3,2,3,2,3,2,4,4,2,3,4,85
114,1,19,1,5,2,2,4,4,2,2,3,3,4,3,3,3,2,2,3,4,3,4,6,7,4,1,5,1,3,4,3,3,3,2,3,4,3,2,1,2,3,4,2,66
115,1,18,2,5,1,1,1,4,3,1,3,3,3,3,2,3,3,2,3,4,4,4,4,4,1,1,2,1,1,1,3,1,2,2,1,1,3,1,3,1,1,1,1,70
116,2,18,1,2,2,2,1,4,1,2,2,3,3,3,2,3,3,2,3,3,4,4,4,4,2,1,1,1,1,1,2,1,2,1,2,1,3,1,2,2,1,1,2,55
117,2,19,1,2,2,1,3,4,2,3,2,2,3,3,2,3,3,2,4,4,4,4,5,5,4,2,2,2,3,2,3,2,3,2,3,3,3,3,3,3,3,3,3,56
118,1,21,3,2,1,1,1,2,2,3,3,3,2,3,2,3,3,2,2,4,5,5,5,3,4,2,2,2,2,2,2,2,2,2,2,2,2,2,2,2,2,2,2,71
119,1,19,1,1,1,1,4,4,1,5,2,2,3,2,3,2,2,2,2,1,5,5,6,6,6,3,3,3,3,3,3,4,2,2,5,4,4,2,3,5,4,1,3,66
120,1,20,1,2,1,1,3,4,2,2,2,2,1,4,2,3,1,4,1,3,1,6,3,4,5,2,2,1,3,3,4,2,2,2,4,3,3,2,4,3,2,3,4,48
121,1,18,1,2,2,2,3,4,1,3,3,3,4,3,2,3,2,2,3,4,2,1,2,1,3,1,2,1,2,3,3,2,3,3,3,4,3,3,1,1,3,3,4,61
122,1,19,1,2,2,1,3,2,2,2,2,2,4,2,3,2,1,3,3,4,5,6,5,4,5,3,3,2,2,1,1,2,1,2,2,1,1,2,2,1,1,2,3,56
123,1,19,1,2,1,1,3,4,3,3,3,3,3,3,3,3,3,2,3,3,5,3,6,4,4,2,4,2,4,3,4,3,5,3,3,3,3,2,4,4,1,2,5,68
124,1,19,1,2,1,2,3,4,1,2,3,3,4,3,3,4,4,1,4,4,6,5,6,5,1,1,2,2,2,2,4,2,4,2,2,2,2,2,2,4,2,2,4,79
125,2,19,1,3,2,2,4,3,1,2,3,3,3,2,2,3,2,2,2,2,3,3,4,2,2,1,5,1,2,2,3,2,3,3,3,2,3,2,3,3,2,2,3,63
126,2,20,1,5,2,1,4,4,1,2,3,3,2,2,3,2,2,1,3,3,5,5,2,1,1,1,5,1,2,1,2,5,2,2,2,1,3,3,3,3,2,5,2,57
127,1,19,1,2,1,1,3,4,2,2,3,3,3,3,3,3,3,2,3,3,5,5,7,7,5,1,3,1,3,1,3,1,3,2,3,1,3,1,2,3,1,1,3,83
128,1,18,1,2,1,1,1,4,2,2,2,3,3,4,1,1,3,3,1,2,5,3,4,3,2,2,3,3,1,4,3,2,1,5,4,4,3,1,2,4,5,3,2,51
129,1,18,1,2,1,2,1,3,2,4,3,3,3,3,2,3,3,2,3,3,1,2,1,3,4,1,2,1,1,2,3,4,5,1,3,4,5,1,3,4,2,3,4,50
130,1,18,1,2,2,2,4,4,1,5,2,1,2,1,2,2,4,3,3,4,2,4,6,6,4,2,3,4,4,1,3,4,4,3,2,5,3,4,5,5,2,4,3,65
131,1,19,1,1,1,2,1,2,1,4,3,3,2,2,2,3,4,2,2,4,6,6,5,4,4,1,1,2,2,1,4,1,2,3,2,1,1,1,2,5,1,5,5,64
132,1,19,1,1,1,1,1,4,2,5,3,3,3,3,2,4,4,1,4,4,5,4,5,5,3,3,3,3,3,3,3,3,3,3,3,3,3,3,4,4,3,3,4,71
133,1,19,1,2,2,2,1,4,3,3,3,3,4,3,3,4,3,2,4,4,4,4,6,4,3,3,4,1,5,2,3,1,3,2,4,3,3,3,3,4,1,1,4,78
134,1,20,1,2,1,2,3,3,2,3,4,4,3,4,3,3,2,1,3,4,2,3,3,3,1,3,4,2,4,3,5,3,4,4,5,3,4,3,3,5,5,5,4,82
135,1,21,1,2,1,2,3,4,1,3,2,2,3,2,3,2,2,3,3,3,6,6,6,6,6,4,4,4,4,4,4,4,4,4,4,4,4,4,4,4,4,4,4,39
136,1,22,1,2,2,2,3,4,1,2,4,2,2,2,2,2,2,2,3,3,3,5,4,4,4,1,1,1,1,3,1,3,1,1,1,1,1,1,1,1,1,3,1,35
137,1,20,1,2,1,1,3,4,3,4,3,3,2,3,3,2,2,3,3,3,2,4,2,2,2,3,3,1,3,3,3,1,2,2,2,3,2,3,2,2,3,3,2,59
138,1,20,1,2,1,1,3,4,2,2,3,3,3,3,3,3,3,2,3,4,4,4,4,3,2,3,3,2,4,2,4,2,5,2,3,2,3,2,3,4,1,2,3,60
139,2,20,2,5,1,1,1,4,1,1,2,2,2,3,2,2,4,2,3,1,6,6,6,3,1,1,1,1,2,2,1,2,1,1,1,1,1,1,1,1,1,1,1,63
140,1,19,2,5,2,1,3,4,3,2,3,3,3,3,3,3,3,2,3,3,2,3,3,1,1,1,1,1,2,3,1,1,1,1,1,1,1,1,1,1,1,2,1,53
141,1,20,2,5,1,1,3,4,2,2,3,3,3,3,2,3,2,1,3,3,1,2,2,1,1,1,1,1,2,3,1,1,1,1,1,1,1,1,1,1,1,2,1,63
142,2,21,2,5,1,2,1,,3,2,3,2,4,2,3,3,3,2,3,2,3,4,4,4,4,1,1,2,1,1,1,1,1,1,2,1,1,1,1,1,1,2,1,63
143,1,20,2,5,1,2,1,4,2,2,3,3,3,3,2,3,2,2,2,2,3,2,1,1,2,1,2,1,1,1,2,2,1,1,1,1,1,1,1,1,1,2,1,60
144,1,21,2,5,2,2,4,3,1,3,3,3,3,3,3,3,2,2,3,2,4,4,4,4,4,1,1,1,1,1,3,1,3,1,1,1,3,1,1,1,1,1,1,74
145,2,21,2,3,1,2,1,4,1,2,3,3,4,3,4,3,3,2,4,4,7,7,7,7,4,1,5,1,5,1,5,1,5,1,5,5,1,5,1,5,1,1,5,77
146,2,20,2,3,2,2,4,4,1,3,3,3,3,3,2,3,2,2,3,2,4,4,4,4,1,3,3,3,3,1,1,1,1,1,3,1,3,1,1,1,1,2,2,57
147,2,22,2,3,1,2,2,1,4,3,3,2,3,2,2,3,3,3,3,2,4,4,7,4,4,3,3,2,1,1,2,1,2,4,3,3,3,2,2,2,2,2,1,48
148,2,20,2,3,2,1,1,4,1,1,1,2,3,1,4,2,3,3,3,4,4,4,4,4,4,2,2,3,3,3,4,2,4,4,3,2,3,3,1,3,5,5,1,52
149,2,20,2,3,1,1,1,4,3,2,4,4,4,4,4,4,4,1,4,4,7,7,7,7,4,1,5,1,3,1,4,1,5,1,5,5,5,1,3,5,1,1,5,75
150,2,20,2,3,2,2,3,4,2,2,4,4,3,3,3,4,4,1,3,3,4,3,4,3,2,1,1,1,3,1,3,1,3,1,3,1,3,1,3,4,2,1,3,65
151,2,20,2,3,1,2,1,4,1,5,3,3,3,3,3,3,3,2,3,3,4,4,4,4,4,2,3,1,3,1,1,3,2,3,1,3,1,3,2,3,1,1,3,62
152,2,21,2,2,2,1,1,4,2,1,1,1,4,2,3,2,4,1,1,1,1,1,1,2,3,5,5,5,5,5,5,5,1,1,5,5,1,1,5,5,5,5,5,43
153,2,21,2,3,2,2,1,4,2,1,4,4,4,4,3,4,4,1,3,3,7,7,7,7,4,1,5,1,5,1,5,1,5,1,5,1,5,1,5,5,5,2,5,79
154,1,18,2,2,2,2,3,4,3,3,4,4,3,4,4,4,4,1,4,4,6,2,6,6,6,2,5,1,4,4,5,1,1,1,1,1,1,1,1,1,1,1,1,90
155,1,20,2,2,2,2,1,3,1,5,3,3,3,3,3,4,3,1,3,3,4,7,7,3,3,1,1,1,2,1,3,1,4,1,1,2,3,1,2,4,1,2,4,68
156,1,20,2,3,2,1,3,,1,5,3,3,3,3,3,3,3,2,3,3,5,5,5,5,2,1,3,1,1,1,1,1,1,1,1,1,1,1,1,1,1,1,3,59
157,3,20,2,3,2,2,1,4,1,3,3,3,2,3,2,3,4,2,3,4,3,3,3,3,3,2,3,2,3,2,2,3,2,2,3,2,2,3,2,3,2,5,1,53
158,1,20,2,2,1,2,1,3,1,2,4,3,4,3,3,3,3,1,4,2,2,1,1,3,4,1,3,1,3,1,3,1,4,4,5,2,3,1,4,5,1,1,4,78
159,1,20,2,2,1,2,1,4,3,4,3,4,4,1,1,4,4,2,4,4,6,5,6,6,6,2,4,3,4,1,4,2,4,2,3,1,5,2,5,5,1,1,5,72
160,1,20,2,2,1,2,3,3,1,4,3,3,4,3,3,3,3,2,4,4,5,4,6,4,5,2,3,1,3,2,2,2,3,3,3,2,3,2,3,3,2,2,3,54
161,1,21,2,1,2,1,2,3,2,5,3,4,3,4,2,3,2,1,2,3,4,3,6,4,3,1,3,1,3,1,5,4,5,5,5,1,5,1,4,5,1,1,5,82
162,1,20,2,3,1,2,3,2,2,1,2,1,4,2,3,1,2,3,4,3,3,5,4,6,5,1,2,3,4,3,3,3,4,3,3,3,4,5,3,4,5,3,4,61
163,1,21,2,1,1,2,1,4,1,2,3,2,1,3,3,3,3,2,4,4,5,5,4,5,3,3,4,3,2,3,4,3,5,3,4,4,3,2,3,4,4,3,3,66
164,1,20,2,1,2,1,1,1,2,2,1,2,3,2,2,2,2,2,3,2,3,3,3,2,2,1,2,1,2,3,4,5,4,4,4,2,2,1,1,4,1,2,3,32
165,1,21,3,2,2,2,2,4,2,1,3,3,2,4,2,3,3,1,1,1,4,4,4,4,4,4,4,4,4,4,4,4,4,4,4,4,4,4,4,4,4,4,4,51
166,1,21,2,1,1,2,1,4,2,1,3,2,2,2,2,3,4,3,3,3,4,3,4,4,4,1,1,1,2,1,4,1,3,1,3,1,4,3,2,4,4,3,3,50
167,1,19,2,2,2,2,3,3,2,5,3,3,3,3,3,3,3,2,3,3,4,4,4,4,4,2,4,1,5,3,5,2,3,2,4,3,4,1,2,4,1,2,2,73
168,1,22,2,1,2,2,4,4,4,2,3,2,3,3,3,2,2,2,2,2,2,2,3,1,1,2,1,2,3,1,2,1,1,3,2,1,2,1,1,2,3,3,1,40
169,1,21,3,3,2,2,1,3,1,2,4,3,4,3,3,3,3,2,3,3,2,2,3,2,2,3,2,3,2,3,2,3,3,4,3,2,2,3,3,3,2,1,2,74
170,1,21,2,3,2,1,4,4,2,3,4,4,4,4,3,4,4,1,4,4,7,5,4,3,4,1,3,1,2,1,3,2,3,2,3,2,4,2,4,4,1,1,4,76
171,1,21,2,3,2,2,1,1,1,1,2,3,1,3,3,2,3,4,2,3,1,4,3,4,3,1,2,2,2,3,3,2,3,3,3,2,2,2,3,2,2,3,3,43
172,1,21,2,1,2,2,4,1,1,5,4,4,1,2,2,4,3,2,1,1,2,3,3,3,4,2,3,3,4,4,4,4,4,3,4,3,4,4,3,4,4,3,4,64
173,1,21,2,3,1,1,2,4,2,4,3,3,3,3,2,2,2,3,3,3,4,5,3,2,1,2,2,2,4,2,4,3,3,4,3,1,4,4,3,3,1,3,2,67
174,2,19,2,3,2,1,1,4,3,2,3,3,3,3,3,3,3,2,3,3,4,4,4,1,4,1,1,1,3,1,2,1,2,1,3,1,2,1,2,3,1,1,3,64
175,1,19,2,1,1,1,1,3,1,1,2,2,2,3,2,2,2,2,2,2,3,4,6,2,1,2,4,2,3,4,4,2,3,4,3,1,4,2,3,4,1,2,3,48
176,2,18,1,2,1,1,3,1,1,2,3,3,3,3,2,3,3,2,2,3,3,5,4,3,3,1,2,1,1,1,1,2,1,1,1,1,1,1,1,1,1,2,1,52
177,1,20,2,1,1,1,4,4,2,3,4,4,3,4,3,3,3,1,4,4,6,7,7,6,7,1,3,1,2,2,4,3,3,3,3,3,3,3,1,2,1,2,1,40
178,1,18,1,2,1,1,3,3,3,3,4,4,4,4,4,4,4,1,4,4,7,7,7,7,5,1,5,1,5,1,1,5,1,5,1,1,5,1,5,5,1,1,5,97
179,2,19,2,5,1,1,4,4,1,3,4,4,4,3,3,4,4,2,3,2,4,7,7,7,4,3,5,2,2,3,4,4,5,4,5,5,4,3,3,4,2,2,5,55
180,1,20,1,5,1,1,2,4,2,5,4,4,4,4,4,4,3,1,4,4,5,6,5,3,3,1,1,1,5,1,5,1,5,2,5,1,5,1,3,5,1,1,5,73
181,2,19,1,1,1,1,3,3,2,3,3,3,3,3,3,3,3,2,3,3,4,5,5,5,4,1,1,1,2,1,2,1,3,1,1,1,3,1,1,4,1,1,3,61
182,1,19,1,2,1,2,1,4,1,3,2,4,3,4,2,4,4,2,4,4,,4,5,3,1,,4,4,4,4,4,4,4,4,4,4,4,4,4,4,4,4,4,70
183,1,20,1,2,2,2,3,4,3,3,4,4,3,3,2,4,4,1,4,4,4,7,7,4,4,1,1,1,1,2,1,1,5,1,5,4,3,1,3,4,1,1,4,81
184,1,19,1,2,2,2,1,1,4,1,3,2,4,3,2,3,3,3,1,3,2,4,6,4,6,1,1,1,1,1,2,1,3,1,2,1,4,2,3,4,1,1,3,56
185,1,19,1,2,2,2,1,4,3,3,3,3,3,3,4,4,3,2,4,4,5,5,5,4,1,1,4,2,3,2,3,3,3,3,4,2,5,1,4,4,2,3,4,65
186,1,20,1,1,2,2,1,3,1,2,4,3,3,3,2,3,3,2,3,3,7,5,6,5,6,2,2,2,2,2,2,2,2,2,2,2,2,2,2,2,2,2,2,77
187,1,20,1,2,1,2,1,4,2,2,2,2,2,3,2,3,3,2,2,3,5,2,4,1,2,1,1,1,2,2,2,2,1,3,1,1,1,1,1,1,3,1,2,55
188,1,18,1,1,2,2,1,1,2,3,3,3,1,4,1,3,4,1,2,4,5,5,5,5,1,3,3,3,3,3,3,3,3,3,3,3,3,3,5,3,3,3,2,78
189,1,19,1,1,2,2,1,3,1,2,4,3,2,3,1,3,4,2,3,1,5,5,5,5,5,3,4,4,3,3,3,3,3,5,3,2,3,3,3,2,5,3,3,82
190,2,18,1,5,1,1,4,4,1,2,3,3,3,2,2,3,2,1,3,3,4,4,3,2,2,2,5,2,2,2,2,1,3,3,3,1,3,1,2,4,2,3,2,66
191,2,18,1,5,2,2,1,2,2,3,4,3,3,3,2,3,3,2,3,3,3,3,3,3,3,2,3,1,3,2,3,1,3,3,3,1,3,1,1,3,2,2,3,56
192,2,19,1,5,1,1,3,3,2,2,3,4,3,3,2,3,3,2,2,2,4,5,5,5,4,2,2,2,3,1,3,1,3,3,4,2,4,2,3,4,1,2,4,60
193,2,19,1,5,2,2,1,4,2,1,3,4,1,4,1,4,4,2,4,3,4,4,4,2,5,2,2,2,3,3,2,2,3,2,3,3,3,2,3,3,2,2,3,52
194,2,19,1,5,1,1,3,4,2,3,3,3,3,3,2,3,3,2,3,3,6,6,6,5,5,1,3,1,3,2,3,2,3,2,3,2,3,2,3,3,2,2,3,69
195,2,20,1,5,2,1,3,2,1,3,3,3,3,3,2,3,3,2,3,3,4,4,5,3,4,1,1,1,1,1,1,1,2,2,2,1,2,1,2,2,1,1,2,60
196,1,19,1,2,1,2,1,2,4,1,1,2,3,4,4,3,1,3,3,4,1,3,5,3,4,2,4,3,4,2,4,2,4,3,3,3,5,3,2,2,4,2,3,56
197,1,20,1,2,1,1,3,4,2,2,1,3,3,4,3,2,1,4,1,3,1,4,2,5,6,2,2,4,1,5,1,4,3,2,1,3,5,3,2,1,3,4,4,47
198,1,18,1,1,2,2,2,4,4,3,3,3,3,3,3,2,3,3,3,3,5,6,5,2,2,1,1,1,2,1,3,1,3,1,3,1,3,1,2,3,1,1,3,68
199,1,20,1,2,2,2,1,4,3,4,4,3,2,3,2,3,3,2,4,4,4,7,7,1,3,2,3,3,2,2,3,1,2,1,3,1,4,1,4,4,1,2,4,82
200,1,19,1,1,1,1,1,1,4,2,3,4,3,2,2,3,3,2,3,3,5,4,4,3,4,1,2,1,2,1,3,1,2,1,2,1,2,1,1,2,1,1,2,45
201,1,20,1,1,2,2,3,3,2,2,1,2,3,2,4,3,2,2,4,1,3,3,4,3,5,2,2,3,4,4,1,5,5,1,3,1,5,3,2,3,2,3,2,46
202,2,18,1,2,1,1,3,4,2,3,3,3,3,3,1,3,3,1,2,3,4,4,5,5,2,1,1,1,3,1,2,1,1,1,2,1,2,1,1,3,1,2,2,61
203,2,19,1,2,1,2,3,3,2,1,4,4,3,3,2,3,3,2,3,3,2,2,2,2,2,2,5,2,3,2,3,2,2,2,2,1,3,1,3,1,2,1,3,67
204,2,19,1,5,2,2,3,3,1,5,3,3,4,2,2,3,3,2,3,3,4,1,1,1,4,2,2,1,3,2,3,1,2,3,1,2,3,1,2,1,3,1,1,45
205,1,19,1,2,2,2,1,3,3,1,3,4,4,3,3,4,3,2,4,4,6,5,4,6,7,1,3,1,4,4,3,4,3,3,5,3,3,4,4,4,2,1,4,76
206,1,18,1,2,2,1,3,1,4,5,3,3,4,3,2,3,3,2,2,3,5,4,4,5,5,4,4,4,4,4,4,3,4,3,3,4,3,3,3,3,3,3,4,73
207,1,20,2,2,1,2,3,4,1,5,3,3,3,3,3,3,3,2,3,3,4,4,4,4,4,2,2,2,2,2,2,2,2,2,2,2,2,2,2,2,2,2,2,51
208,2,19,1,2,2,2,1,4,1,2,3,3,3,3,2,3,2,2,3,3,4,3,4,2,1,1,3,1,3,1,3,1,3,2,2,1,3,1,2,4,1,1,4,54
209,1,19,1,5,2,2,4,4,1,5,3,3,4,3,4,3,3,2,4,2,7,7,7,7,7,3,3,3,4,4,4,4,4,4,3,3,3,4,4,3,3,3,4,60
210,1,18,1,5,2,2,1,3,2,1,3,3,3,3,3,3,3,2,3,3,5,4,4,5,4,3,4,2,3,2,2,3,3,3,4,2,3,2,3,4,2,3,3,60
211,1,20,2,5,2,1,3,4,1,3,3,3,4,3,4,3,3,1,4,2,5,5,5,2,5,1,1,1,1,1,1,1,1,1,1,1,4,1,4,1,1,4,4,59
212,2,19,2,5,1,2,1,4,2,2,3,3,4,3,2,3,3,3,4,4,4,4,5,5,4,1,2,1,1,2,3,2,3,3,3,2,3,1,3,4,1,1,3,70
213,2,18,1,5,2,1,1,1,4,1,3,2,4,2,2,4,3,3,3,2,4,4,4,4,4,3,3,3,3,3,3,2,2,3,3,3,4,1,3,3,1,2,4,60
214,1,19,1,5,2,2,2,3,2,2,3,2,1,3,3,3,3,2,2,3,4,3,5,4,5,1,1,4,2,3,2,4,2,4,2,2,1,1,1,4,1,1,3,68
215,2,20,2,2,2,2,2,3,2,1,4,3,3,3,3,3,4,2,4,3,6,6,6,7,2,1,1,1,1,1,2,1,3,3,2,1,2,1,1,4,1,1,2,52
216,2,2,2,2,2,2,1,3,1,1,3,2,2,2,2,3,3,2,4,4,7,6,6,6,2,1,2,1,1,1,2,1,3,1,1,1,1,1,1,1,1,1,1,37
217,2,20,1,2,2,2,2,4,2,3,4,4,1,3,2,3,3,2,2,2,6,5,4,5,5,2,3,3,2,2,3,3,2,3,3,3,2,2,3,2,3,3,2,67
218,2,20,2,2,2,2,4,2,2,3,3,3,4,2,1,3,4,4,4,4,6,1,4,2,1,1,1,1,1,1,2,1,1,1,2,1,2,1,1,2,1,1,1,74
219,2,21,2,2,2,2,3,2,2,3,4,4,4,4,3,3,3,2,4,4,5,1,3,3,1,1,3,1,5,1,5,1,5,1,5,1,5,1,5,5,1,1,5,76
220,2,21,2,2,1,2,4,2,1,4,4,4,2,4,2,2,3,2,1,3,6,4,1,4,3,1,1,1,5,1,1,1,1,1,1,1,1,1,1,1,1,1,1,78
221,2,20,2,2,2,1,4,2,1,5,4,2,1,2,2,,2,1,3,1,5,4,5,4,3,1,1,1,1,1,1,1,1,1,5,1,1,1,1,1,1,1,1,72
222,1,22,2,2,1,2,1,4,2,3,3,3,3,3,3,3,3,2,4,2,3,4,3,2,1,1,1,1,1,1,2,3,1,1,1,1,1,1,1,2,1,1,1,65
223,1,20,3,1,2,1,2,2,2,2,2,3,2,3,3,3,3,2,3,3,3,4,5,5,5,2,3,2,3,2,4,2,4,3,4,3,4,2,4,3,2,2,4,74
224,2,21,3,1,2,2,3,3,2,2,3,2,3,3,3,2,3,3,4,4,3,3,4,4,4,3,3,3,3,4,4,2,4,2,4,3,4,2,4,4,2,2,3,74
225,1,21,3,2,2,2,3,3,2,2,3,3,3,3,3,3,3,1,3,3,5,3,5,4,1,3,4,2,4,3,4,3,5,2,5,2,5,2,4,5,3,4,5,67
226,1,20,3,2,1,2,1,3,4,1,4,3,4,3,3,3,3,1,3,4,5,1,3,4,1,2,4,2,4,1,5,2,4,3,3,2,4,1,3,4,1,2,5,81
227,1,21,2,2,1,2,3,4,3,3,3,2,2,3,2,2,3,1,3,3,4,5,5,1,1,1,2,1,3,1,3,1,3,3,3,1,3,1,3,3,1,1,2,72
228,1,20,2,2,2,2,3,4,2,3,3,3,3,3,3,3,3,3,4,4,5,5,5,5,5,1,1,1,3,1,3,1,1,1,1,1,3,1,3,3,1,1,1,69
229,1,21,2,2,2,1,2,4,1,4,3,4,4,4,3,3,4,1,3,3,7,4,4,4,1,1,3,1,4,1,4,1,5,3,5,1,5,2,5,5,1,1,5,84
230,1,21,2,2,1,2,4,3,1,4,3,3,4,3,4,3,3,2,3,2,5,5,4,4,3,1,3,1,3,2,3,2,4,3,3,2,3,2,3,3,1,1,3,62
231,1,22,4,2,1,2,4,4,1,5,3,3,4,4,3,3,3,2,4,4,5,3,5,2,3,3,4,3,2,4,4,3,2,1,3,4,3,2,3,4,5,4,1,67
232,1,20,2,2,2,2,2,3,2,2,3,3,3,3,2,4,3,1,2,3,4,4,7,1,7,2,2,2,3,2,3,2,3,2,3,2,3,2,3,3,3,3,3,49
233,1,20,2,2,2,2,4,4,2,3,3,4,5,2,3,2,2,2,2,2,3,4,3,2,1,1,2,1,1,1,2,2,2,1,2,1,1,2,2,1,2,1,2,55
234,1,20,2,1,1,2,3,4,2,3,4,4,3,4,3,3,3,1,4,4,4,4,5,4,2,2,4,2,4,1,5,1,4,2,4,1,5,1,4,4,1,1,4,73
235,1,21,2,2,1,1,3,4,1,2,3,3,3,,1,3,3,2,2,2,3,5,4,3,2,3,3,3,3,1,2,4,3,4,4,1,3,1,2,3,2,3,4,55
236,1,20,2,2,2,2,3,4,2,3,4,4,3,4,3,3,3,2,4,4,4,4,5,4,5,1,1,1,3,1,3,1,3,1,3,1,3,1,3,3,1,1,3,70
237,1,20,2,1,1,2,2,4,3,3,3,3,3,3,3,3,3,2,3,3,6,5,6,6,2,2,4,3,4,2,4,3,4,2,4,2,4,3,4,4,2,3,4,72
238,1,18,1,1,1,2,3,3,4,3,1,2,2,2,2,3,2,2,3,3,2,3,3,2,3,2,3,3,4,5,3,5,2,4,3,5,4,2,3,3,2,4,3,60
239,1,20,2,2,1,1,1,4,1,5,1,2,2,1,2,2,4,3,2,3,7,6,7,6,7,4,5,4,3,3,3,4,3,4,4,3,4,5,3,4,4,3,5,82
240,2,20,2,2,1,2,3,4,2,2,3,2,3,2,3,2,3,3,3,3,3,4,4,4,1,2,4,1,4,4,4,3,3,4,4,2,3,3,2,3,2,2,3,58
241,2,20,2,2,1,1,3,4,3,2,3,3,4,3,2,3,3,1,4,4,4,4,2,1,1,1,1,1,3,3,3,3,4,5,2,3,3,2,3,4,3,5,4,51
242,2,19,2,2,1,1,3,3,2,2,2,3,2,2,2,2,2,2,2,2,4,4,6,6,3,2,4,1,4,1,4,1,4,4,4,2,4,2,3,5,1,4,5,54
243,2,21,2,2,1,2,1,1,2,2,2,3,2,2,2,3,2,3,2,3,4,2,4,2,1,1,3,2,2,3,2,4,1,3,3,1,4,1,3,2,3,2,4,49
244,1,19,2,2,2,2,1,2,2,2,3,3,3,3,3,4,3,2,3,3,3,5,5,4,3,1,1,2,4,1,3,1,3,1,3,1,3,1,3,4,1,1,3,70
245,1,18,1,1,2,1,4,4,1,3,4,4,3,1,2,4,4,4,4,2,6,5,6,6,3,1,2,1,3,1,4,1,4,1,4,1,4,1,3,3,1,1,4,76
246,1,21,3,2,2,2,2,4,1,2,4,3,4,3,3,3,3,2,4,4,4,5,2,3,3,1,3,1,4,4,4,1,1,1,2,1,1,1,3,2,1,1,1,72
247,1,20,2,2,2,2,3,4,1,2,3,3,3,3,1,3,2,3,3,3,5,6,5,6,5,1,4,1,4,2,3,3,4,2,4,2,4,1,3,4,2,3,5,67
248,2,19,2,2,1,1,2,4,1,3,3,3,3,2,2,2,2,2,3,3,3,3,4,2,6,2,3,1,2,3,2,1,2,2,2,1,2,1,1,2,1,2,2,48
249,1,20,2,2,1,2,3,3,2,2,4,4,3,4,4,3,4,1,4,4,5,5,6,5,2,2,2,2,3,2,3,2,4,2,3,2,2,2,4,4,2,2,4,75
250,2,19,2,2,2,2,3,3,1,2,4,2,3,3,2,3,2,1,2,2,3,4,4,2,2,1,3,1,4,1,5,1,4,4,5,1,5,1,4,4,1,2,4,43
251,2,19,2,5,2,1,3,4,2,3,3,4,4,4,2,4,4,1,4,4,5,5,4,3,3,2,5,1,3,1,5,1,4,2,2,1,5,1,2,4,1,1,3,69
252,2,19,2,5,2,2,1,3,2,1,2,2,3,3,2,3,3,2,3,3,3,3,3,2,4,2,2,2,2,2,2,2,3,3,2,3,2,2,2,2,2,2,2,41
253,2,20,2,5,1,1,3,4,1,2,3,3,4,3,3,3,3,2,4,4,,6,5,4,3,2,4,1,4,1,4,1,4,3,4,1,3,1,3,4,1,2,4,66
254,1,21,3,5,1,1,2,4,2,1,4,3,1,2,2,4,2,2,4,3,1,2,2,1,1,1,4,2,3,5,2,3,1,5,2,3,4,1,2,3,2,4,1,59
255,2,19,1,1,1,1,1,1,4,1,2,3,3,3,3,1,2,2,3,2,4,3,4,3,4,2,1,3,3,2,3,2,3,2,3,2,3,4,3,2,3,3,3,52
256,2,20,2,1,2,2,3,4,1,3,3,4,2,3,1,4,4,1,2,2,2,1,6,3,2,2,5,1,5,2,4,3,5,1,4,1,5,2,4,3,1,2,5,73
257,2,19,2,1,2,2,1,4,1,1,2,3,1,4,1,3,3,1,1,2,2,3,4,5,6,2,3,2,3,2,4,2,4,2,4,2,4,2,4,4,2,2,4,78
258,1,20,2,1,2,1,2,4,1,2,4,3,3,4,2,2,3,1,2,2,1,2,4,2,1,1,5,2,3,1,2,4,2,5,3,2,3,4,1,5,2,2,3,59
259,1,19,2,1,2,2,2,4,1,5,3,4,4,3,1,3,4,1,1,2,1,1,5,4,1,1,3,1,4,2,5,2,3,1,3,1,4,1,2,3,1,1,4,56
260,1,20,2,1,2,2,2,,2,,1,2,2,2,4,2,1,2,3,4,2,1,2,3,3,1,2,3,2,3,3,2,3,2,3,2,1,3,3,2,1,3,2,43
261,1,20,2,1,1,2,3,4,1,5,,2,2,2,2,4,3,3,1,1,1,3,2,7,5,1,2,1,4,1,2,1,2,1,2,1,5,1,1,4,1,1,3,60
262,1,19,2,1,1,1,3,4,3,1,2,4,3,4,2,2,1,3,2,2,1,1,7,4,2,2,5,1,4,2,3,1,4,2,5,2,4,2,5,5,1,2,4,63
263,1,20,2,1,2,2,1,2,3,1,3,2,1,2,4,3,2,1,3,3,1,2,6,4,3,1,5,1,4,2,5,2,4,1,4,2,5,2,3,1,4,2,5,58
264,1,21,3,1,1,1,2,4,3,3,4,3,3,4,4,2,3,1,3,3,1,2,7,3,6,1,5,2,3,2,5,1,3,2,4,2,5,2,3,1,3,2,4,65
265,1,21,3,1,2,2,3,4,3,2,4,2,1,3,3,3,2,1,4,3,1,1,,3,4,1,5,2,3,1,4,2,5,1,4,2,3,2,5,2,3,1,3,59
266,1,21,3,1,1,2,1,4,1,2,3,4,3,3,1,1,3,1,4,4,1,2,6,6,4,1,5,1,5,2,4,2,3,1,5,2,4,3,5,2,4,1,3,62
267,1,20,2,1,2,1,2,2,4,2,3,4,3,3,1,3,4,3,2,3,1,2,5,4,2,1,5,2,4,1,3,2,5,1,3,2,4,3,5,2,4,2,3,64
268,1,20,2,2,1,1,2,2,2,2,2,3,3,3,3,1,3,3,2,3,3,2,4,3,2,2,3,2,3,4,3,2,3,4,2,4,2,3,4,3,2,3,4,54
269,1,21,3,1,1,2,2,4,1,1,4,3,2,2,2,4,,3,2,3,1,2,5,3,5,1,5,2,4,3,5,2,3,1,3,2,4,2,5,2,3,4,2,64
270,2,19,2,3,1,1,1,2,4,2,1,2,4,2,4,2,2,4,4,3,2,3,4,4,4,2,3,2,3,4,2,1,2,1,3,2,,3,2,3,3,2,3,32
271,1,21,3,2,2,2,3,2,3,2,1,2,2,2,3,3,2,4,3,2,1,4,3,4,5,3,4,3,2,3,3,4,3,2,3,3,4,3,4,3,2,3,4,45
272,2,19,2,4,1,1,1,2,2,2,1,2,2,3,3,1,1,3,3,2,4,3,4,3,5,2,3,4,3,4,,4,3,4,3,2,2,3,3,2,3,3,4,38
273,1,20,2,4,2,1,1,3,2,2,4,2,2,2,1,3,2,1,2,3,1,2,3,2,1,1,5,2,4,1,3,2,5,3,5,1,4,1,3,2,4,1,3,66
274,1,20,2,2,1,1,2,3,3,2,1,3,2,3,3,2,3,4,3,2,5,4,5,5,4,3,4,3,4,2,3,2,4,2,3,2,3,2,3,1,3,4,3,51
275,1,21,2,1,1,2,2,3,2,2,4,3,3,3,4,3,2,1,3,4,1,2,2,1,1,1,5,2,4,3,5,2,3,2,5,3,1,4,2,3,4,1,2,61
276,2,19,1,4,1,1,1,2,4,2,2,2,2,3,2,2,3,3,3,2,3,4,3,5,5,3,2,4,4,4,2,4,4,5,3,2,4,3,4,4,3,4,3,53
277,1,21,3,2,2,2,1,2,4,2,2,3,3,3,3,3,2,3,2,2,3,4,5,4,5,3,2,3,2,3,3,3,2,3,2,3,2,4,3,2,4,2,4,53
278,1,20,2,2,1,1,1,2,2,2,1,2,2,2,4,3,2,4,3,2,3,4,3,4,3,3,3,3,4,3,4,3,2,4,2,1,3,2,4,4,3,3,4,53
279,1,20,2,2,1,2,2,4,1,1,4,3,1,2,2,2,4,4,3,4,1,2,4,2,1,1,5,2,3,5,1,2,4,3,5,1,2,3,2,4,2,4,3,62
280,2,20,2,1,2,2,1,4,1,1,,2,2,3,2,3,2,2,2,2,3,4,5,5,5,2,3,2,4,2,4,2,4,2,4,2,4,2,4,4,2,4,2,63
281,1,19,2,1,2,1,2,4,3,2,2,3,2,2,2,3,3,2,3,2,2,3,4,5,4,2,2,2,3,2,4,2,4,2,4,2,4,2,4,4,2,2,4,58
282,1,19,2,1,1,2,3,3,3,5,3,3,3,3,2,3,3,2,2,2,1,2,3,3,3,2,2,1,1,1,1,2,2,2,2,2,2,2,4,4,3,3,3,70
283,1,21,3,1,1,1,3,4,1,2,4,2,2,4,3,3,1,3,2,1,1,2,5,3,1,1,5,2,3,2,4,1,5,3,2,3,4,2,3,5,2,3,2,61
284,1,19,2,1,1,1,2,4,1,2,4,3,3,4,4,2,3,3,2,4,1,3,5,3,1,1,5,2,3,1,2,4,3,5,2,3,2,4,1,3,2,5,2,64
285,1,20,2,1,2,1,1,4,1,2,4,4,2,3,3,3,3,1,3,3,1,2,4,3,1,1,5,2,3,1,4,2,3,1,5,2,3,1,3,2,3,4,2,58
286,1,20,2,1,1,1,3,4,1,2,4,3,1,2,2,2,4,3,3,3,1,2,4,2,1,1,5,2,3,4,3,5,2,3,3,4,2,3,2,4,3,5,3,60
287,1,21,3,1,2,1,3,4,1,2,4,3,1,2,2,4,4,2,1,3,1,2,5,2,1,1,5,2,3,2,4,4,3,4,3,4,2,3,3,5,2,3,4,62
288,1,20,2,1,2,2,3,4,1,,3,4,3,3,3,3,4,1,3,2,1,2,6,3,1,1,5,2,3,2,5,3,4,2,3,4,2,1,3,3,5,3,5,60
289,1,19,1,2,1,1,1,2,3,2,2,2,2,3,3,1,3,3,4,2,2,3,4,2,4,2,3,2,1,3,2,3,2,3,3,1,2,3,1,2,3,2,1,49
290,1,20,2,1,1,1,2,4,1,2,4,3,3,4,2,4,4,1,3,3,1,2,5,3,1,1,5,2,3,5,2,3,3,5,2,1,4,2,3,5,1,4,3,60
291,1,21,3,1,1,1,3,4,2,2,4,3,3,4,3,3,4,1,3,3,1,2,6,2,1,1,5,2,3,1,2,1,5,2,3,1,4,1,3,5,2,1,3,68
292,2,20,2,1,1,2,3,4,1,2,3,4,3,3,2,3,4,1,3,3,1,1,6,2,1,1,5,1,5,2,4,1,5,1,4,1,5,1,3,5,1,1,3,63
293,1,21,3,1,1,2,3,4,1,2,3,4,2,4,3,3,4,2,3,3,1,1,6,2,1,1,5,1,5,1,4,2,5,1,4,1,5,1,2,5,1,1,5,68
294,1,20,2,1,2,1,3,4,1,2,4,3,1,3,2,4,4,2,3,3,1,2,6,2,1,1,5,1,5,1,4,1,5,1,4,1,4,1,2,5,1,1,4,71
295,1,20,2,1,1,1,3,4,1,2,4,3,1,4,2,4,4,1,3,3,1,2,5,2,1,1,5,1,5,1,4,2,5,2,5,1,5,1,2,5,1,4,,73
296,1,19,2,1,2,2,2,4,1,2,4,4,2,3,1,4,4,3,3,2,7,1,6,2,1,1,5,1,5,2,4,2,5,2,4,1,5,1,3,5,1,1,4,76
297,1,20,2,1,2,1,2,4,1,2,4,3,1,3,2,4,3,1,3,3,1,1,6,2,1,1,5,1,5,2,5,2,5,1,5,1,5,1,3,5,1,1,4,73
298,2,20,2,1,1,1,3,4,1,3,4,4,2,3,1,4,4,2,3,3,2,1,5,3,2,1,5,1,5,2,5,2,4,1,4,1,5,1,3,4,1,2,3,76
299,2,20,2,1,2,1,3,4,1,3,4,3,1,3,1,4,4,2,3,3,2,5,6,3,2,2,5,1,4,2,5,3,5,2,4,1,5,2,3,4,2,1,4,73
300,2,19,2,5,1,1,1,4,1,2,3,3,4,3,4,3,3,2,3,4,3,4,4,3,2,1,1,1,2,1,2,1,2,1,2,1,2,1,1,2,1,1,1,48
301,2,21,3,5,1,1,2,4,2,2,3,3,2,2,2,3,2,2,2,2,4,3,4,3,4,2,2,2,2,2,2,2,2,3,2,3,2,2,3,3,2,3,3,39
302,2,20,3,5,2,2,3,4,1,3,2,2,2,1,1,2,2,1,2,2,2,4,2,1,1,4,4,4,2,5,2,5,1,4,2,1,2,1,2,3,1,4,1,32
303,2,21,3,5,2,2,1,4,2,5,3,2,3,3,2,3,2,2,3,4,3,2,3,2,2,1,1,1,2,1,2,1,1,2,1,1,2,1,1,2,1,1,1,57
304,2,21,3,5,2,2,1,4,1,4,3,4,3,3,2,3,3,2,2,2,5,4,5,3,2,3,3,2,1,2,1,4,1,3,1,1,4,1,1,2,3,3,1,50
305,2,21,3,5,1,1,1,4,1,4,4,4,3,2,3,4,3,1,2,4,4,4,4,4,1,3,4,2,4,3,4,2,3,3,3,4,4,2,2,4,3,2,4,71
306,2,20,3,5,1,1,1,4,2,2,3,3,3,3,2,3,3,2,3,3,4,6,4,3,3,2,3,1,3,2,3,3,3,3,3,2,2,2,2,3,2,2,2,59
307,2,19,3,1,2,1,3,4,1,3,4,4,3,4,3,3,3,1,3,3,4,5,4,4,2,2,3,2,4,3,4,3,4,3,4,4,4,2,3,4,2,2,4,67
308,2,20,3,5,2,1,3,4,3,2,3,4,3,3,2,3,2,2,2,2,4,4,5,3,1,1,3,1,3,1,1,2,3,3,4,3,3,2,3,,1,3,4,59
309,2,23,3,5,1,1,3,4,2,2,3,3,4,3,3,3,3,1,2,4,5,5,6,6,2,1,2,1,3,1,2,1,1,1,1,1,1,1,1,1,1,1,1,75
310,2,21,3,5,2,2,3,4,1,2,4,2,3,3,2,3,3,2,3,3,5,4,4,5,5,3,4,5,3,4,5,5,4,3,4,3,4,3,3,4,4,5,5,63
311,2,21,3,5,2,2,1,4,1,3,3,4,3,3,3,3,3,2,3,3,4,4,3,2,2,3,4,3,4,4,4,3,4,2,5,4,4,3,5,5,3,4,5,67
312,2,22,3,2,1,1,1,4,2,2,3,2,3,3,2,3,2,3,2,3,4,4,3,3,4,2,2,3,2,1,3,1,4,2,2,3,2,3,1,3,2,4,2,53
313,1,19,2,5,2,2,1,1,1,1,3,4,2,2,2,2,3,2,1,2,4,4,1,1,1,2,3,2,3,4,4,3,3,3,2,1,2,3,2,2,3,2,3,56
314,1,19,2,1,2,2,4,4,2,3,3,3,4,3,3,3,3,2,4,4,7,4,7,4,1,3,5,3,5,2,5,3,5,3,5,1,3,1,5,5,3,1,5,79
315,1,20,2,1,2,2,4,4,3,3,3,3,4,3,3,3,3,2,3,4,7,4,7,4,1,3,5,5,3,2,5,3,5,3,4,3,3,2,5,5,2,3,5,78
316,1,21,2,1,2,2,4,4,2,3,4,4,3,4,2,4,3,1,4,4,4,1,7,4,1,1,1,1,1,1,1,1,1,1,3,3,3,1,5,5,1,1,5,75
317,1,19,2,5,1,2,3,3,2,4,3,3,3,3,3,3,3,2,3,3,4,4,4,4,2,1,2,1,3,1,3,1,3,1,3,1,3,1,2,3,1,1,2,73
318,1,20,2,5,2,2,3,3,2,3,3,3,4,2,2,3,2,1,3,4,4,1,4,1,1,2,3,1,3,3,3,4,4,3,2,3,3,1,2,3,1,2,3,62
319,1,20,2,5,2,2,1,4,3,2,4,4,4,4,3,4,4,2,4,4,6,5,6,5,5,1,4,1,5,1,4,2,3,2,4,1,4,1,4,5,1,2,5,85
320,1,19,2,5,1,2,1,4,2,2,3,3,2,3,2,3,3,2,3,3,4,4,4,1,1,3,4,4,3,5,5,5,5,4,5,2,3,2,2,4,2,3,4,62
321,1,19,2,5,2,2,1,1,4,1,3,3,2,3,2,2,1,3,2,3,4,4,4,4,4,2,2,1,1,1,2,2,1,1,1,1,2,2,2,2,3,3,3,63
322,1,19,2,5,2,2,4,3,2,5,2,3,3,3,3,3,2,1,4,4,3,3,3,5,1,1,4,1,4,3,4,3,4,3,4,3,5,3,4,3,3,2,4,66
323,1,18,2,5,1,2,1,2,,1,2,3,3,2,3,3,2,2,3,1,1,4,1,1,1,2,3,2,4,2,4,3,3,2,4,3,2,3,4,2,3,3,2,55
324,1,21,2,5,2,2,3,4,2,2,3,3,1,3,1,3,4,2,2,3,5,4,3,3,1,3,3,3,3,3,4,3,4,3,4,3,3,4,3,4,3,2,5,94
325,1,19,2,5,1,2,2,4,2,2,3,3,3,3,2,3,3,2,3,2,4,4,4,4,4,3,3,3,3,2,2,3,4,2,3,2,2,3,2,3,3,3,2,73
326,1,19,2,5,1,1,1,4,2,5,3,3,2,2,2,3,3,3,3,3,4,5,5,5,4,2,2,2,2,2,2,2,2,2,2,2,2,2,2,2,2,2,2,64
327,2,20,2,1,2,2,2,4,1,2,3,3,4,3,3,3,3,2,3,4,4,4,4,3,4,1,3,1,3,1,4,1,4,1,4,3,4,1,3,4,1,3,4,73
328,1,19,2,5,1,1,3,4,1,2,4,4,4,3,3,4,4,1,4,4,7,7,7,7,7,1,5,1,5,1,5,1,5,1,5,1,5,1,5,2,5,1,5,91
329,1,20,2,5,1,2,3,1,4,2,3,3,3,3,3,3,3,2,3,3,4,3,3,7,3,1,2,1,2,2,3,1,3,1,2,1,4,1,3,3,1,1,4,73
330,1,19,2,5,1,1,1,4,3,3,2,2,4,2,3,1,2,4,3,3,4,7,7,4,4,1,2,1,2,2,3,2,4,2,2,1,2,1,3,3,1,2,3,49
331,1,19,1,1,1,2,1,3,2,2,1,2,3,2,4,1,1,4,4,4,4,4,5,4,5,2,2,2,2,1,1,2,1,2,1,2,1,2,2,1,2,1,2,73
332,1,19,2,5,1,2,1,2,3,4,3,3,1,3,2,3,4,2,1,2,1,1,4,4,1,3,4,2,4,3,3,2,3,3,2,4,3,4,3,3,2,2,4,78
333,1,20,2,5,2,2,3,4,1,5,3,3,3,4,3,3,3,2,3,3,3,3,3,3,3,3,3,3,3,3,3,3,3,3,3,3,3,3,3,3,3,3,3,72
334,1,19,2,5,1,2,3,4,3,2,3,3,4,3,2,3,3,2,4,4,4,4,4,4,4,4,4,4,4,4,4,4,3,3,3,3,3,3,3,3,3,3,3,98
335,1,19,2,5,2,2,1,1,4,1,3,3,2,3,2,2,1,3,2,3,4,4,4,4,4,2,2,1,1,1,2,2,1,1,1,1,2,2,2,2,3,3,3,63
336,1,20,2,5,2,2,2,3,3,3,3,3,3,3,2,3,3,2,2,3,4,5,5,4,4,2,3,2,4,2,3,2,4,4,3,2,4,3,4,4,2,3,4,57
337,1,23,4,5,1,2,1,1,4,2,4,4,4,4,4,4,4,1,4,4,6,7,5,4,6,1,5,1,5,1,5,1,5,1,5,1,5,1,5,1,5,1,5,87
338,2,21,3,5,2,2,3,2,2,2,4,4,4,4,4,4,4,1,4,4,7,7,7,7,6,1,5,4,5,5,3,3,3,3,3,3,3,3,3,3,3,3,3,61
339,1,22,3,5,1,1,1,1,1,1,1,2,2,4,1,4,4,2,3,4,4,4,4,5,6,2,3,2,1,4,5,3,2,1,3,4,5,4,3,2,1,2,3,49
340,1,20,2,5,1,2,1,1,1,1,2,1,3,2,4,2,3,1,4,3,2,3,4,5,2,2,1,1,2,2,2,2,2,2,2,1,3,1,3,1,1,1,3,37
341,1,18,2,5,2,2,1,2,3,2,2,2,3,3,4,2,3,4,3,2,4,2,3,4,1,2,3,2,1,1,2,1,2,1,1,1,2,3,1,2,3,1,3,42
342,2,19,2,5,1,1,4,1,4,2,3,3,3,3,2,3,3,2,3,2,4,4,4,4,4,3,3,3,3,2,2,3,4,2,3,2,2,3,2,3,3,3,2,73
343,2,19,2,5,2,2,4,2,1,4,3,3,4,3,3,3,3,1,4,4,4,4,4,4,1,1,3,1,4,1,3,2,5,2,4,1,4,1,3,5,1,2,4,81
344,2,20,2,5,2,2,3,4,2,5,3,3,3,3,2,3,3,2,3,3,4,3,5,3,2,1,2,1,3,3,4,1,4,2,3,2,3,2,3,4,1,2,3,63
345,1,20,2,5,2,2,1,3,2,2,4,3,4,4,4,4,4,1,4,4,4,6,7,7,1,1,1,1,1,1,5,1,1,1,1,1,1,1,5,5,1,1,5,87
346,1,20,2,5,2,1,3,1,4,1,1,2,2,4,2,2,1,3,2,1,1,2,3,4,5,1,2,3,4,5,4,3,2,1,2,3,3,3,3,3,3,3,3,49
347,1,19,2,5,2,2,3,4,3,5,3,3,4,3,3,4,4,2,4,4,4,3,2,1,1,3,1,4,1,4,1,5,1,3,2,5,2,3,3,1,1,4,3,68
348,1,20,2,5,1,2,4,4,2,3,4,4,4,4,4,3,4,1,4,4,6,5,6,4,1,2,5,2,4,3,5,3,5,3,5,2,5,2,5,5,2,2,5,79
349,1,19,2,5,2,1,4,3,3,5,4,4,4,4,1,4,4,1,4,4,3,6,6,7,5,4,1,3,1,3,1,5,1,4,2,5,1,5,1,5,5,2,1,90
350,2,19,2,5,2,1,4,2,2,3,3,3,3,3,2,3,3,2,2,3,4,5,5,4,4,2,3,2,4,2,3,2,4,4,3,2,4,3,4,4,2,3,4,57
351,2,20,2,5,1,1,3,2,2,,4,4,4,4,4,4,4,1,4,4,7,7,7,7,6,1,5,4,5,5,3,3,3,3,3,3,3,3,3,3,3,3,3,61
352,1,20,2,2,1,1,4,4,1,4,4,4,4,4,2,4,4,1,4,4,5,5,5,5,5,1,5,1,5,1,5,1,5,2,5,1,5,1,4,5,1,1,5,92
353,2,21,3,1,2,1,1,4,1,2,3,3,3,3,2,3,3,2,2,3,2,4,4,4,4,3,1,5,1,5,2,5,2,5,2,5,1,4,1,4,4,1,3,69
354,1,21,4,1,1,1,3,4,1,3,3,3,3,4,3,4,4,1,3,3,5,4,5,5,5,1,4,1,5,1,5,1,5,2,4,1,4,1,4,5,1,1,5,87
355,2,20,3,2,2,2,3,3,2,2,3,3,3,3,2,3,3,2,3,2,4,4,4,3,3,1,4,1,4,1,3,1,4,1,4,1,4,1,3,4,1,1,4,65
356,1,21,3,2,1,1,3,4,1,3,4,4,4,4,3,4,4,1,4,4,5,5,5,4,5,1,4,1,5,1,5,1,5,1,5,1,5,1,4,5,1,1,5,74
357,2,20,3,2,1,1,1,4,1,2,3,3,4,3,4,3,3,2,4,4,5,5,5,5,5,1,5,1,5,1,5,1,5,1,5,1,5,1,5,5,1,1,5,73
358,2,20,3,1,2,1,4,4,1,3,3,3,3,3,3,3,3,2,3,3,5,4,5,5,5,1,5,1,5,1,5,1,5,1,5,1,5,1,5,5,1,1,5,79
359,1,21,3,1,2,2,1,4,1,2,4,4,4,4,1,4,4,1,4,4,6,6,6,6,6,1,5,1,5,1,5,1,5,1,5,1,5,1,5,5,1,1,5,94
360,2,20,3,5,2,2,4,4,1,5,2,3,2,2,2,2,2,2,3,3,2,2,4,3,4,5,5,5,4,5,5,5,4,5,4,3,3,4,3,4,3,5,3,58
361,2,20,3,5,2,2,3,2,2,3,2,3,2,2,2,3,3,2,3,3,4,4,4,4,1,2,3,1,3,2,3,3,3,2,3,2,3,2,3,3,3,2,3,42
362,2,20,2,5,1,1,2,4,1,3,2,4,3,3,2,2,3,4,3,2,5,4,5,3,6,3,2,3,4,3,1,2,4,3,2,4,3,5,4,3,4,4,5,58
363,2,20,3,5,1,1,4,4,2,5,3,3,3,3,3,3,3,1,4,3,4,5,5,5,4,1,2,1,3,1,3,1,3,1,4,4,3,3,3,3,3,3,3,57
364,2,19,3,5,1,2,3,4,2,2,2,3,4,3,2,3,4,1,2,3,2,1,3,3,2,1,3,1,2,3,2,1,2,3,3,3,3,3,3,3,3,3,3,54
365,2,19,3,5,1,2,3,3,2,3,2,2,4,2,3,3,3,1,3,3,1,4,5,5,5,1,1,1,3,1,2,1,3,1,2,1,2,1,1,4,1,2,4,40
366,2,20,3,5,2,2,4,4,1,4,3,3,3,3,2,2,2,2,2,2,2,4,4,1,1,2,4,2,3,1,3,1,3,1,1,3,2,2,2,3,1,2,2,55
367,2,20,3,5,2,2,2,4,2,4,3,3,3,3,2,3,3,2,3,3,1,7,7,7,2,2,2,3,2,5,2,5,3,5,3,3,3,3,3,3,3,3,3,68
368,2,20,3,5,1,1,3,4,1,4,4,4,4,4,4,4,4,2,4,4,5,5,5,4,4,1,2,1,1,1,1,1,1,1,3,1,3,1,1,3,1,1,3,57
369,2,20,3,5,1,2,,3,2,2,3,3,4,3,2,3,3,2,4,4,2,4,4,4,3,2,4,2,3,4,4,4,2,4,3,4,3,3,3,3,4,3,4,50
370,2,19,3,5,2,1,3,4,1,5,3,2,3,3,2,3,3,2,3,4,4,5,3,2,1,2,5,2,3,2,3,2,4,2,5,5,4,5,3,4,3,5,4,50
371,2,20,3,5,1,2,3,4,1,4,3,4,2,2,2,3,2,1,3,2,1,4,4,4,1,3,4,1,2,3,4,4,3,2,3,4,4,2,3,4,1,3,4,65
372,2,20,3,5,2,1,2,4,1,3,3,3,3,2,2,3,3,2,3,3,3,3,4,4,1,5,5,5,4,2,4,1,4,2,3,1,4,1,4,4,1,2,4,53
373,2,20,3,5,1,1,1,4,1,2,4,3,3,3,3,3,2,2,3,3,2,2,4,2,1,1,3,1,3,2,4,2,4,2,4,2,3,1,3,3,1,4,4,56
374,2,20,3,5,2,2,2,4,1,2,3,3,3,3,3,3,3,2,3,3,4,5,4,3,2,1,2,1,2,1,2,1,2,1,2,1,2,2,2,2,3,3,3,67
375,2,19,3,1,1,1,3,4,1,2,3,2,2,3,3,3,3,1,2,2,4,4,3,2,1,5,5,5,5,5,3,5,4,5,5,5,3,5,2,2,5,5,4,71
376,2,20,3,1,2,2,3,4,1,2,3,3,3,3,3,4,4,1,4,4,4,4,6,5,3,1,4,1,3,2,3,2,4,3,4,2,4,2,4,5,2,2,3,73
377,2,20,3,5,2,1,1,4,3,4,3,3,3,3,3,3,3,2,3,3,4,4,4,4,3,2,2,2,2,2,2,2,2,2,2,2,2,2,2,2,2,2,2,62
378,2,20,3,5,1,1,1,4,2,3,3,3,3,3,3,3,3,2,3,3,4,5,4,3,1,1,4,1,3,1,2,1,1,1,1,1,4,1,3,5,1,1,4,62
379,2,19,3,5,2,2,2,4,2,3,3,4,3,3,3,3,3,1,4,3,3,2,4,5,3,4,1,2,3,4,4,4,4,5,5,5,4,5,3,4,5,1,4,46
380,2,20,3,5,1,1,2,2,2,3,2,1,2,2,1,3,2,2,3,2,6,5,5,5,6,1,2,3,3,3,4,4,5,5,4,2,1,4,2,4,4,3,3,67
381,1,20,1,1,2,2,1,3,1,2,4,3,3,3,2,3,3,2,3,3,7,5,6,5,6,2,2,2,2,2,2,2,2,2,2,2,2,2,2,2,2,2,2,77
382,2,20,1,5,1,2,2,4,1,1,4,3,4,3,2,3,3,2,4,4,4,1,4,1,1,2,3,1,3,1,3,1,3,4,3,2,3,1,2,3,1,2,3,57
383,2,22,2,2,2,2,,4,1,5,3,3,4,4,3,3,3,2,4,4,5,4,6,5,4,2,3,1,4,1,4,1,4,3,3,2,5,2,4,5,1,2,4,68
384,1,20,2,2,1,1,1,2,2,2,1,2,2,2,4,3,2,4,3,2,3,4,3,4,3,3,3,3,4,3,4,3,2,4,2,1,3,2,4,4,3,3,4,53
385,1,20,2,2,1,2,2,4,1,1,4,3,1,2,2,2,4,4,3,4,1,2,4,2,1,1,5,2,3,5,1,2,4,3,5,1,2,3,2,4,2,4,3,62
386,2,20,2,1,2,2,1,4,1,1,,2,2,3,2,3,2,2,2,2,3,4,5,5,5,2,3,2,4,2,4,2,4,2,4,2,4,2,4,4,2,4,2,63
387,1,20,2,1,1,2,1,1,4,1,2,3,2,2,2,3,2,2,2,3,2,3,3,3,2,2,4,2,4,2,2,2,4,2,4,2,4,2,3,4,2,2,3,63
388,1,19,2,1,1,2,3,3,3,5,3,3,3,3,2,3,3,2,2,2,1,2,3,3,3,2,2,1,1,1,1,2,2,2,2,2,2,2,4,4,3,3,3,70
389,1,19,2,1,1,1,2,4,1,2,4,3,3,4,4,2,3,3,2,4,1,3,5,3,1,1,5,2,3,1,2,4,3,5,2,3,2,4,1,3,2,5,2,64
390,1,20,2,1,2,2,3,4,1,,3,4,3,3,3,3,4,1,3,2,1,2,6,3,1,1,5,2,3,2,5,3,4,2,3,4,2,1,3,3,5,3,5,60
391,1,20,2,1,2,2,2,,2,,1,2,2,2,4,2,1,2,3,4,2,1,2,3,3,1,2,3,2,3,3,2,3,2,3,2,1,3,3,2,1,3,2,43
392,1,20,2,1,1,1,1,3,2,1,3,4,4,2,4,3,2,1,3,2,2,1,6,4,2,2,5,1,5,1,4,1,5,2,4,1,5,1,5,4,1,1,4,58
393,1,21,2,2,1,2,4,3,1,4,3,3,4,3,4,3,3,2,3,2,5,5,4,4,3,1,3,1,3,2,3,2,4,3,3,2,3,2,3,3,1,1,3,62
394,1,18,2,1,1,2,3,3,4,3,1,2,2,2,2,3,2,2,3,3,2,3,3,2,3,2,3,3,4,5,3,5,2,4,3,5,4,2,3,3,2,4,3,60
395,2,20,2,5,2,1,1,3,2,3,2,2,3,2,2,3,2,2,3,3,2,2,3,3,2,3,3,2,3,2,3,3,3,3,3,2,3,2,2,2,2,3,3,62
396,2,20,2,5,2,2,3,4,1,2,3,4,4,3,3,3,3,2,4,4,4,1,4,4,1,2,4,1,3,1,5,2,5,2,5,1,5,2,3,5,2,2,5,62
397,1,19,2,1,1,1,3,4,1,3,3,3,4,3,4,3,3,2,4,4,6,6,5,5,3,2,4,1,5,2,4,2,5,2,4,1,4,2,4,5,1,2,5,74
398,1,21,2,5,1,1,3,4,2,4,3,4,3,3,1,3,1,1,2,4,3,6,5,2,7,2,4,1,2,1,3,2,2,4,2,4,1,2,2,3,1,4,2,68
399,2,20,2,5,2,1,1,2,,5,2,3,2,2,2,3,3,2,2,2,4,4,4,1,1,2,4,4,4,2,3,2,4,2,3,2,2,1,2,3,2,2,3,50
400,2,20,2,5,1,2,2,3,2,1,3,3,4,3,4,3,3,2,4,4,4,4,4,4,2,2,4,1,3,1,3,1,3,1,3,1,3,1,2,4,1,1,3,62
401,2,20,2,5,2,2,3,3,1,2,3,3,2,3,2,2,3,1,2,2,4,4,4,3,4,2,2,1,2,1,2,1,1,1,1,3,1,1,1,3,1,1,1,57
402,2,20,2,5,2,2,4,3,1,3,2,3,2,2,2,3,2,2,2,3,1,3,3,3,2,2,2,1,2,2,1,2,3,3,3,3,3,3,2,3,2,2,2,45
403,2,20,2,5,2,2,1,3,1,3,2,3,3,3,3,2,2,3,3,3,4,2,5,3,1,2,4,2,4,1,4,2,4,4,4,2,4,1,2,4,3,4,4,59
404,2,21,2,5,2,2,1,4,2,2,3,3,3,4,2,3,3,1,4,4,4,3,3,2,1,1,1,1,2,1,3,2,3,2,2,3,1,2,1,3,1,2,3,60
405,2,19,2,5,1,1,1,3,3,1,3,3,2,2,3,3,3,2,3,2,4,5,5,3,2,2,2,3,3,2,4,2,3,2,3,3,3,4,2,3,3,2,3,36
406,2,20,2,5,2,1,2,2,2,3,3,2,2,2,3,2,3,3,4,4,4,4,1,4,4,3,3,2,3,3,3,2,1,2,3,2,2,1,2,2,3,2,2,59
407,2,21,2,5,2,2,3,4,2,3,3,3,2,2,3,2,2,3,3,4,4,4,4,4,4,3,3,2,2,3,2,2,2,2,3,3,3,2,3,3,3,3,2,54
408,2,21,2,5,1,2,2,3,3,3,2,2,2,3,3,3,3,1,2,2,1,4,7,4,4,2,2,1,2,2,2,3,3,2,2,2,2,2,2,2,2,2,2,49
409,1,20,2,5,1,1,3,4,2,2,3,3,3,4,3,3,4,2,3,3,6,4,6,2,2,4,4,2,3,2,3,2,4,4,4,5,5,3,4,4,2,4,4,70
410,2,19,2,1,1,1,2,4,1,1,3,3,3,3,2,2,2,2,3,3,3,4,4,4,2,,2,2,4,3,2,2,2,2,3,2,3,3,2,3,3,2,2,54
411,2,20,2,1,2,2,1,2,2,1,3,3,3,3,2,3,3,2,3,3,4,3,4,4,4,1,3,1,2,1,2,1,2,1,1,1,1,1,2,3,1,1,2,50
412,2,19,2,5,1,1,2,4,1,1,3,2,3,3,2,3,2,2,3,3,5,4,4,4,3,2,4,2,2,2,3,2,2,2,2,2,2,2,2,2,2,2,2,59
413,2,18,1,2,2,1,2,3,2,2,4,3,3,2,2,3,3,2,3,3,2,5,5,4,3,1,1,1,1,2,1,2,1,1,1,1,1,1,2,1,2,2,1,82
414,2,21,2,5,2,2,4,4,1,3,3,4,3,4,3,3,3,1,4,4,3,3,3,3,2,2,1,1,2,1,2,1,1,1,1,1,2,1,2,3,1,2,1,56
415,2,20,2,5,2,2,3,4,1,3,3,3,3,3,2,3,3,2,3,3,3,2,2,3,1,1,2,1,2,2,4,1,4,5,5,2,5,1,2,5,2,1,4,55
416,2,20,2,5,2,2,2,4,1,2,3,3,3,3,2,3,3,2,4,4,6,4,5,1,1,3,4,1,4,3,4,2,4,4,4,3,4,3,3,4,2,4,4,51
417,2,21,3,5,2,2,1,4,3,1,2,2,4,3,3,3,3,2,3,4,1,3,2,2,2,2,3,1,3,1,3,2,3,3,3,3,3,3,4,4,3,3,4,72
418,2,21,2,5,2,2,1,4,1,2,3,3,3,3,2,3,4,1,3,3,4,3,3,1,1,1,3,1,2,1,2,1,2,1,2,1,2,1,2,2,1,1,2,50
419,2,20,2,5,2,2,3,4,2,1,3,3,3,3,2,3,3,2,3,3,5,5,5,5,3,1,2,1,2,1,1,1,2,1,2,1,2,2,1,2,1,1,2,56
420,2,21,2,5,2,2,,,4,1,4,4,1,2,3,3,3,1,2,3,5,5,5,5,4,1,2,1,4,1,3,1,3,1,2,1,3,1,1,3,1,1,3,74
421,2,21,2,5,2,2,3,4,1,3,3,3,3,3,2,3,3,1,3,4,4,2,5,1,3,1,3,1,3,1,3,1,3,1,3,1,3,1,3,3,1,1,3,40
422,2,20,2,5,2,2,1,3,1,3,4,4,3,3,2,3,4,1,4,4,4,4,4,1,1,3,4,3,2,2,3,3,3,1,3,4,3,2,3,3,3,3,3,59
423,2,21,2,5,1,1,1,4,2,2,3,3,3,3,2,3,2,2,2,3,3,2,4,2,2,1,1,1,2,2,2,1,2,1,2,1,2,1,1,2,1,1,2,49
424,2,20,2,1,2,1,4,4,1,5,4,4,4,3,4,4,4,3,3,3,6,6,6,5,5,1,3,1,3,2,3,1,4,2,3,2,5,1,3,4,2,2,3,78
425,1,20,2,1,1,2,3,4,2,2,3,3,4,3,4,4,3,2,4,4,4,3,4,5,3,5,5,5,4,1,3,2,3,2,4,3,3,4,3,3,4,2,1,57
426,2,20,2,1,2,2,2,2,1,2,3,3,3,3,3,3,3,2,3,3,6,5,6,6,6,3,4,3,4,4,4,3,4,3,4,4,2,4,4,4,3,2,4,69
427,1,19,2,1,2,1,2,3,1,1,3,3,2,3,2,3,3,2,4,3,3,3,3,3,3,1,1,1,2,1,2,1,1,1,1,1,2,1,1,2,1,2,1,59
428,2,20,3,2,2,1,2,4,1,2,3,3,3,2,3,2,3,1,3,3,6,1,4,2,1,1,1,1,1,1,2,1,1,1,2,1,2,1,1,2,1,1,1,60
429,2,18,3,2,2,1,1,4,2,2,3,3,3,3,2,3,3,2,3,3,4,5,5,3,3,2,3,2,3,2,3,2,3,2,3,2,3,2,3,2,3,2,3,62
430,2,20,2,2,2,1,2,,1,5,3,3,3,3,3,3,3,2,3,3,4,4,7,7,1,1,4,2,4,1,5,2,4,2,4,3,3,2,3,5,1,1,5,62
431,2,19,3,1,1,1,1,4,1,5,3,2,2,3,2,3,3,2,3,3,5,5,5,5,6,2,4,2,4,2,4,2,4,3,3,2,4,2,3,4,2,2,4,67
432,2,20,3,2,2,1,3,3,1,3,3,3,3,3,2,3,3,2,3,3,4,3,3,3,1,1,1,1,1,1,1,1,1,1,1,1,1,1,1,2,1,1,1,54
433,1,19,2,1,2,2,2,2,2,2,3,3,2,3,2,3,3,2,2,2,4,3,4,5,4,2,3,3,3,4,3,4,3,4,3,4,3,3,3,3,3,4,5,58
434,1,19,2,5,2,1,4,,1,2,3,3,2,3,2,3,3,1,2,3,6,6,6,6,5,1,4,2,4,3,4,3,5,4,5,3,4,3,3,4,3,2,4,83
435,2,21,2,2,2,2,3,4,2,2,3,3,3,2,2,2,2,3,2,3,5,3,4,3,1,1,3,1,3,1,1,1,3,1,3,1,3,1,3,1,3,1,3,57
436,2,19,3,2,1,1,4,,1,4,3,3,2,2,3,2,2,1,2,1,3,4,4,1,1,2,1,1,2,1,3,1,3,2,2,1,1,2,2,3,2,1,3,52
437,2,20,3,2,2,1,2,4,1,2,3,3,3,2,3,2,3,1,3,3,6,1,4,2,1,3,2,3,2,4,2,4,3,2,3,1,3,4,3,2,4,3,3,60
438,2,21,3,1,1,1,3,2,2,3,3,2,2,3,2,3,3,2,2,3,4,4,4,2,2,3,3,1,2,3,1,2,3,2,2,2,2,2,2,3,3,3,3,72
439,2,21,3,1,2,1,1,3,3,1,3,2,2,3,2,3,3,2,3,3,3,4,5,3,3,3,3,3,2,3,3,3,3,2,3,3,3,3,2,2,3,3,2,67
440,2,20,4,3,1,1,3,4,2,3,3,3,2,3,2,3,3,2,4,4,3,4,5,5,5,1,1,1,1,1,4,1,4,3,1,3,1,3,3,1,2,1,3,65
441,2,20,3,4,2,1,1,4,1,1,3,3,4,3,2,3,3,1,4,4,4,3,3,3,2,2,2,3,3,3,3,3,3,3,3,3,3,2,3,4,1,2,3,58
442,2,21,3,2,1,2,3,,1,3,2,3,2,3,3,3,3,2,2,3,4,3,6,7,4,2,4,2,3,3,4,2,2,2,2,4,2,4,3,4,2,3,3,67
443,2,21,3,2,1,1,3,4,1,2,3,3,2,3,2,3,3,3,3,3,4,5,5,6,4,1,1,1,2,2,2,1,1,1,1,1,1,2,2,2,1,1,2,58
444,2,18,3,2,1,2,3,3,2,3,3,3,3,3,2,3,3,2,3,3,4,5,5,3,3,2,3,2,3,2,3,2,3,2,3,2,3,2,3,3,3,3,3,62
445,2,19,3,5,1,2,1,4,2,1,3,3,3,3,2,3,3,2,3,2,2,4,3,3,4,1,3,4,3,2,2,3,2,2,3,2,2,3,2,3,4,3,2,56
446,2,18,3,2,1,1,3,4,1,2,3,3,2,3,2,2,2,2,2,2,4,4,4,4,5,2,3,3,2,2,2,2,2,2,2,2,2,4,3,4,3,4,3,63
447,2,23,4,4,1,2,3,3,3,2,3,3,3,2,3,2,3,2,2,3,1,2,2,6,6,3,3,3,2,2,3,2,3,2,3,3,3,3,3,3,1,2,3,61
448,1,19,1,2,1,1,3,2,3,4,3,3,2,3,2,3,3,2,4,3,3,3,3,3,3,4,4,4,4,3,4,3,3,3,3,3,2,3,2,2,3,3,3,59
449,1,20,2,2,2,1,3,3,3,3,3,3,2,2,3,2,2,1,2,1,3,4,4,1,4,3,3,3,3,3,3,3,3,2,2,3,3,2,2,2,2,1,3,52
450,2,20,3,2,2,1,3,3,2,3,3,3,3,2,3,2,3,1,3,3,6,1,4,2,1,3,3,3,2,2,2,2,3,3,3,3,2,2,2,1,1,4,4,60
451,2,21,3,2,2,2,3,3,3,3,4,1,1,4,1,4,4,1,4,4,4,4,5,4,3,1,3,1,3,1,3,1,3,1,3,1,3,1,3,1,1,1,2,59
452,2,23,3,1,2,1,3,3,3,3,3,3,2,3,2,3,3,2,2,2,4,4,4,4,3,3,1,1,1,1,2,2,3,3,3,2,2,3,3,3,2,2,1,70
453,2,23,3,2,2,1,2,4,2,1,4,3,4,3,2,3,3,2,4,4,4,4,4,4,4,1,2,2,3,1,3,1,1,3,1,3,3,1,3,3,1,3,3,53
454,2,22,3,4,2,2,3,4,1,1,4,3,4,4,3,3,3,2,4,4,6,5,5,4,1,2,4,2,4,2,2,4,2,4,2,2,4,4,2,4,2,4,4,71
455,1,21,3,5,1,2,1,4,1,5,4,3,3,4,2,2,3,2,2,1,3,3,4,4,3,4,4,3,2,4,3,4,4,4,3,3,3,3,4,3,3,3,2,66
456,2,22,3,5,2,2,1,4,2,2,3,3,3,3,2,3,3,2,3,3,4,5,3,3,1,2,1,1,1,2,1,2,2,2,1,1,1,2,2,1,2,2,2,53
457,2,20,3,5,1,2,1,4,1,2,3,3,3,3,2,3,3,2,3,3,4,4,3,3,3,4,5,2,5,5,5,3,5,5,5,1,4,1,4,4,3,5,4,51
458,1,20,3,1,1,2,3,4,2,2,4,3,4,2,3,3,3,2,4,4,2,3,3,6,4,5,4,2,3,3,3,2,3,1,4,3,3,4,3,4,3,3,4,79
459,2,20,3,2,2,2,3,4,1,3,4,4,3,2,2,4,4,2,3,3,4,3,4,3,1,2,4,2,3,2,4,2,3,2,4,2,3,2,4,2,3,4,3,62
460,2,20,5,1,1,1,3,2,4,5,3,3,3,3,3,3,3,2,3,4,5,5,2,4,2,4,3,4,1,4,2,4,1,4,1,4,4,2,2,4,2,4,2,77
461,2,20,3,5,2,2,1,4,4,5,4,3,3,3,3,3,3,2,3,3,3,3,3,4,4,4,3,2,3,3,3,3,3,3,3,5,5,3,3,3,3,3,5,70
462,2,22,2,1,2,,3,2,2,3,3,3,4,3,2,3,3,2,2,4,3,1,3,3,3,3,3,3,1,4,4,4,4,4,4,4,2,3,3,3,3,2,3,74
463,2,19,3,5,1,2,3,4,2,3,3,3,3,3,3,3,2,2,3,3,3,5,5,5,5,5,1,2,1,2,1,3,1,3,1,3,1,3,1,3,1,3,1,74
464,1,21,3,2,1,1,3,3,2,3,3,3,2,3,2,3,3,2,3,3,2,5,5,5,2,5,2,2,2,2,2,2,2,2,2,2,2,2,2,2,2,2,2,57
465,2,21,5,2,2,1,1,4,1,1,4,4,4,4,2,4,4,1,4,2,4,4,5,3,1,4,1,4,1,4,1,5,1,5,1,5,1,4,4,1,1,1,5,93
466,2,20,3,1,1,1,1,1,2,1,3,3,3,3,3,3,3,2,3,3,4,4,5,4,3,2,4,2,4,2,4,2,4,3,4,2,4,2,3,4,2,3,4,68
467,2,20,3,1,1,2,3,2,2,2,3,3,3,3,2,3,3,2,3,4,4,2,5,3,1,5,5,3,4,2,4,3,4,4,4,2,4,2,3,4,1,3,4,49
468,2,20,3,1,1,1,3,4,1,3,4,3,4,3,4,3,3,2,4,4,6,6,6,6,6,1,4,1,4,1,3,1,3,1,3,1,3,1,4,4,1,1,3,65
469,2,21,3,1,2,1,3,4,2,2,3,3,2,3,2,2,2,2,2,2,4,4,3,3,2,1,3,1,2,1,2,1,1,1,1,2,2,1,1,2,1,1,1,50
470,2,21,3,1,2,2,3,4,1,1,3,3,3,3,3,3,3,2,3,3,3,3,4,3,1,1,4,1,2,2,3,1,3,1,1,2,2,2,1,3,1,2,4,56
471,2,20,3,1,1,1,2,4,1,4,3,3,4,3,3,3,3,1,4,4,5,3,5,2,2,1,4,1,4,1,3,1,4,1,3,1,4,1,3,5,1,1,5,59
472,1,21,4,2,2,2,2,4,3,1,3,3,3,3,2,3,3,2,3,3,3,3,3,5,3,3,2,1,3,2,3,2,3,3,3,2,3,2,3,4,2,4,4,78
473,2,21,3,1,2,2,1,3,1,1,3,3,3,3,3,3,3,2,3,3,3,4,5,5,3,1,3,1,3,2,4,1,4,1,4,1,3,1,1,4,1,1,3,57
474,2,20,3,1,2,2,4,4,1,3,3,3,3,3,3,3,2,2,3,3,4,3,4,3,1,2,3,2,3,2,4,2,4,3,4,2,4,2,3,4,2,1,4,69
475,2,20,3,1,2,2,3,4,2,3,3,4,4,3,2,4,4,3,4,4,5,5,5,5,2,4,5,2,5,1,5,3,5,5,5,3,5,2,5,5,1,2,5,85
476,1,20,3,5,2,2,3,1,3,3,4,2,2,3,3,2,3,2,2,2,4,4,4,4,3,3,3,3,3,2,2,2,2,2,3,3,3,3,3,2,3,3,3,64
477,1,20,2,2,1,1,1,4,4,3,3,2,3,2,2,3,3,3,3,3,5,4,4,4,4,3,3,3,3,3,3,3,2,2,2,3,3,3,3,3,3,3,3,54
478,1,20,2,2,2,2,3,4,1,5,4,4,2,2,4,3,2,2,4,4,4,3,2,3,4,2,3,2,2,2,2,3,3,3,3,2,2,2,2,2,3,3,3,44
479,3,18,1,2,1,2,4,4,1,5,2,4,3,3,3,2,3,3,3,3,5,4,5,4,4,3,2,2,2,3,3,3,3,2,2,3,3,3,3,2,2,2,2,62
480,2,20,3,1,2,1,1,4,1,2,3,3,3,3,2,3,3,2,2,3,5,5,5,5,4,1,3,1,3,1,3,1,3,1,3,1,3,1,2,3,1,1,3,63
481,2,18,1,1,1,1,3,2,2,2,3,3,3,3,3,3,3,2,3,3,5,5,5,5,4,1,3,1,3,1,3,1,3,1,3,1,3,1,3,3,1,1,3,50
482,2,20,3,2,2,1,3,4,1,3,3,3,4,3,2,3,3,2,4,4,5,4,4,4,2,3,5,4,4,3,4,3,3,3,3,3,3,3,3,3,2,3,3,71
483,2,20,3,1,1,1,3,3,2,2,3,3,3,3,3,3,3,2,3,3,5,5,5,4,5,2,4,3,4,4,3,4,3,4,3,3,3,3,3,4,2,2,3,54
484,1,19,2,2,1,1,1,4,1,1,3,3,2,3,2,3,3,2,4,4,5,5,5,5,5,1,2,1,2,1,2,1,2,1,2,1,2,2,1,2,2,1,2,69
485,1,20,2,5,2,1,3,4,3,3,3,3,3,3,2,3,3,1,3,3,4,4,4,4,4,1,3,5,5,3,5,3,5,3,5,2,5,2,5,5,2,2,5,68
486,2,20,2,5,2,2,3,4,2,3,3,3,3,3,3,3,3,2,3,3,3,3,3,3,3,2,2,2,2,2,2,2,2,2,2,2,2,2,2,2,2,2,2,53
487,2,19,2,5,1,1,3,4,1,3,3,4,3,3,3,3,3,2,3,3,5,6,6,5,3,1,1,1,2,1,3,1,1,1,1,1,1,1,3,3,1,1,1,63
488,2,20,3,2,1,2,3,4,1,4,3,3,3,3,2,3,3,1,3,3,5,5,6,4,4,1,3,1,4,1,3,1,3,1,3,1,4,1,3,3,1,3,3,67
489,1,21,2,5,2,2,1,4,4,3,3,3,4,4,3,4,2,1,3,4,4,4,4,4,3,1,3,1,1,1,1,1,1,1,1,1,3,1,1,2,1,1,2,75
490,2,19,2,3,2,2,1,3,2,2,2,2,2,2,2,2,2,2,3,3,2,2,4,2,1,3,4,2,2,2,2,1,2,2,2,1,1,1,2,2,1,2,2,44
491,1,20,2,1,1,2,3,4,2,2,4,4,4,4,3,4,4,1,3,3,4,4,6,4,2,3,3,3,3,3,4,2,3,3,4,1,3,3,3,4,1,2,5,81
492,1,20,2,1,1,1,2,4,1,2,1,2,4,1,3,2,1,4,4,3,1,2,1,4,3,2,4,3,2,3,1,1,4,2,2,1,5,4,4,4,3,1,5,39
493,1,22,3,4,2,2,3,4,2,3,3,4,2,4,3,3,4,1,1,2,4,3,5,1,4,2,3,3,2,3,2,3,4,3,2,3,3,3,2,3,3,3,4,84
494,1,19,2,1,1,1,2,4,2,2,3,4,3,3,3,3,3,2,2,3,4,5,5,4,3,2,3,2,3,2,3,2,3,4,5,2,3,4,4,2,3,4,5,73
495,1,22,3,2,1,1,3,4,2,3,4,3,1,3,2,3,3,2,3,1,4,4,4,4,4,4,3,4,4,2,4,3,2,3,3,3,4,4,3,4,3,4,3,65
496,2,20,2,3,2,2,1,4,1,5,3,3,2,3,2,3,3,2,2,2,5,6,4,5,6,3,4,4,4,4,4,4,4,4,4,3,4,4,4,4,3,4,4,66
497,1,19,1,1,1,1,3,3,2,2,3,3,4,3,2,3,3,2,4,4,5,4,4,4,5,3,3,3,3,3,3,2,2,2,2,3,3,2,3,3,3,3,2,55
498,2,20,2,1,2,2,1,4,1,2,2,3,3,3,2,2,2,1,3,4,3,2,2,2,1,3,4,2,2,2,1,1,2,2,3,3,2,2,2,3,1,1,2,55
499,2,20,3,1,2,2,2,3,1,3,3,3,2,3,2,3,3,2,2,2,3,3,3,3,4,4,4,4,4,4,4,3,3,3,3,3,3,3,4,4,3,3,3,58
500,2,21,3,1,2,2,3,4,2,3,3,3,3,2,2,2,2,2,3,3,3,4,4,3,3,3,3,3,4,3,3,3,3,3,3,2,4,3,3,3,3,3,3,51
501,2,21,3,1,2,1,3,4,1,3,4,3,4,2,3,3,2,4,4,4,3,4,3,4,3,1,2,1,3,1,3,1,4,1,2,1,3,1,2,3,1,1,2,61
502,1,19,2,1,1,1,2,4,2,2,3,3,2,3,2,3,3,2,2,4,5,4,4,4,4,3,3,2,3,3,2,3,3,3,3,2,2,2,3,3,3,3,2,87
503,2,18,2,5,1,1,4,4,1,5,4,4,4,4,4,4,4,1,4,4,7,7,7,7,7,1,1,1,1,1,1,1,1,1,1,1,1,1,1,5,1,1,1,92
504,2,21,3,1,2,2,2,1,1,3,3,3,4,3,2,3,3,2,4,4,5,4,5,4,3,1,2,1,3,1,2,1,3,1,2,1,3,1,3,3,1,1,3,65
505,2,19,3,1,2,2,1,4,1,1,3,3,4,3,3,3,3,2,4,4,5,5,5,3,4,2,3,2,4,1,4,1,3,2,4,2,3,2,4,4,1,2,4,67
506,2,20,3,1,2,2,1,3,1,3,3,3,2,2,2,2,2,2,3,2,3,2,4,3,1,3,4,2,3,2,3,4,3,3,3,5,4,3,1,3,2,3,4,40
507,2,21,3,1,2,2,3,4,1,2,3,3,3,3,3,3,3,2,3,3,5,5,5,5,4,1,3,1,1,1,1,1,2,1,1,1,2,1,1,3,1,1,3,51
508,1,21,3,1,1,2,1,4,1,3,3,3,3,3,2,3,3,2,4,4,5,5,5,4,2,2,1,1,2,1,2,3,1,1,1,1,1,1,1,1,1,1,1,62
509,1,20,3,1,1,2,1,4,4,2,3,3,4,4,4,3,3,2,3,3,4,5,6,4,2,2,4,2,4,1,4,2,4,3,3,2,3,2,4,4,2,2,3,70
510,1,21,3,1,1,1,2,4,1,2,3,4,3,3,3,3,4,2,3,3,5,5,5,5,5,4,4,3,3,2,4,2,4,5,4,3,4,2,4,3,4,4,3,66
511,1,20,3,1,1,1,3,4,1,2,3,3,3,3,2,3,2,2,3,3,4,4,4,2,4,3,3,3,5,3,4,3,4,1,1,1,3,1,1,4,1,1,1,64
512,1,20,3,1,1,1,2,4,3,1,2,4,1,2,1,2,2,2,2,2,3,3,4,3,1,1,2,1,3,4,2,4,3,2,2,1,3,2,3,3,1,4,2,57
513,1,21,3,1,1,2,2,4,2,3,4,4,4,4,4,4,4,1,4,4,6,6,6,5,3,1,1,1,4,1,4,1,4,1,4,1,5,1,2,5,1,1,5,93
514,1,21,3,1,2,2,1,4,2,2,3,3,3,4,3,4,4,2,3,4,5,1,2,1,1,2,2,2,5,2,3,2,3,1,3,2,3,1,4,3,1,2,4,71
515,1,19,3,1,2,2,1,4,1,4,4,4,3,3,3,4,3,1,4,4,5,4,5,4,5,2,2,1,4,2,4,2,2,3,2,2,2,2,4,4,3,2,4,64
516,2,19,3,1,2,2,3,4,2,3,4,4,4,3,3,4,4,2,3,3,6,6,6,5,5,2,5,1,3,3,3,2,4,2,3,3,4,3,2,4,1,1,4,64
517,2,21,3,2,1,1,1,4,2,2,3,3,2,3,2,3,2,3,2,2,5,6,5,4,1,1,2,1,2,1,3,1,2,2,2,1,2,1,1,2,1,2,2,64
518,1,21,3,1,1,1,2,4,2,1,3,3,3,3,2,2,3,2,3,3,3,3,3,3,3,2,2,2,2,2,2,2,2,2,2,2,2,2,2,2,2,2,2,46
519,2,20,3,1,2,1,1,4,1,1,3,3,3,3,3,3,3,2,3,3,4,4,4,4,4,2,3,2,3,2,3,2,3,3,3,2,2,2,3,3,1,1,3,58
520,2,20,3,1,1,2,1,2,2,2,3,3,3,3,3,3,3,2,2,3,4,5,4,3,3,3,2,3,3,4,3,3,2,3,2,3,2,2,2,2,3,3,3,66
521,1,19,2,1,2,2,3,4,1,2,3,2,4,3,3,3,4,3,4,4,2,4,4,2,2,1,2,1,3,1,3,1,1,1,1,1,3,1,3,3,1,1,3,63
522,2,18,2,1,2,1,1,4,1,2,4,4,4,3,4,4,4,1,4,3,6,6,6,6,3,1,4,1,4,1,4,1,4,2,4,1,5,1,4,4,1,1,4,82
523,2,18,2,2,2,2,3,3,2,1,2,3,2,2,2,2,2,2,2,1,3,3,3,2,4,1,3,2,2,2,3,2,3,2,2,3,3,2,2,2,2,3,3,38
524,1,22,4,2,2,2,4,4,2,3,3,3,4,3,2,3,3,2,4,4,3,4,5,3,3,3,4,4,3,2,2,2,2,3,3,2,2,3,3,2,2,2,3,54
525,2,19,2,1,2,2,2,4,1,2,3,3,4,3,3,4,4,1,4,4,5,4,6,6,3,1,1,1,4,1,3,1,3,2,3,1,3,1,4,4,1,1,3,72
526,2,19,1,1,2,2,1,2,1,2,3,3,2,2,2,3,2,3,2,2,2,2,2,2,2,3,2,3,3,3,2,3,3,3,2,3,2,3,2,2,3,3,3,33
527,2,18,2,1,2,2,3,4,2,3,2,3,3,3,3,3,2,2,3,3,4,5,4,3,3,2,3,2,2,1,3,1,4,2,3,2,3,1,3,4,2,3,2,62
528,2,19,2,1,2,2,4,4,1,3,4,3,4,3,4,3,3,2,4,4,4,4,5,5,4,3,3,3,3,3,5,3,5,3,5,3,5,2,3,5,3,1,5,86
529,2,19,2,1,1,2,2,4,2,2,3,3,3,3,3,3,3,1,3,4,5,6,6,4,4,1,1,1,4,1,3,1,4,2,4,1,3,1,4,4,1,1,4,58
530,2,19,2,5,1,1,2,2,4,2,3,3,3,3,3,3,3,2,4,4,5,5,5,4,6,2,4,2,4,3,4,2,4,2,3,2,4,3,3,3,2,3,4,62
531,2,19,2,1,2,1,1,4,1,2,3,3,3,3,2,3,3,2,2,3,6,5,5,5,2,2,2,1,2,2,2,2,3,2,2,1,3,1,2,2,2,2,2,56
532,1,19,1,1,1,2,1,4,2,2,3,3,2,3,3,2,3,1,3,3,4,4,4,3,2,3,4,3,3,4,4,3,3,4,4,4,3,3,2,3,2,2,3,60
533,1,19,2,1,1,1,2,4,3,3,3,3,3,4,3,3,3,1,4,4,5,5,5,2,4,2,3,1,4,1,4,1,3,2,4,1,3,1,3,3,1,2,3,77
534,2,20,2,1,2,2,1,2,1,3,3,3,2,2,2,3,3,2,3,4,5,5,5,3,2,3,3,3,3,3,3,3,3,3,2,3,2,3,2,2,1,1,2,54
535,2,19,2,1,2,2,3,3,3,2,3,4,3,3,3,3,3,2,4,4,5,4,5,1,4,3,4,1,5,2,3,1,2,2,2,1,3,1,3,4,1,1,3,68
536,2,19,2,2,1,1,2,3,2,3,3,3,3,3,1,2,3,2,3,2,4,4,5,4,4,2,2,1,2,1,1,2,1,2,1,2,1,1,1,1,1,1,1,60
537,1,21,3,2,2,1,1,4,3,3,4,4,4,3,4,3,4,2,4,4,7,4,5,5,6,4,3,4,3,3,2,2,4,2,2,3,3,4,3,2,3,4,3,69
538,2,20,3,1,1,1,3,4,1,2,4,3,4,3,3,3,3,1,3,3,4,4,5,6,5,1,1,3,3,1,2,1,2,3,3,1,2,1,1,2,1,1,1,78
539,1,21,3,2,2,2,3,3,3,3,2,3,2,2,2,3,3,1,2,3,5,5,4,5,5,1,2,1,2,3,3,3,1,1,2,1,1,1,2,1,2,1,1,67
540,1,18,3,1,2,1,3,4,1,3,3,3,3,3,2,3,2,2,3,3,5,5,5,4,3,2,4,2,3,3,3,2,3,2,3,2,3,2,2,3,2,2,3,52
541,1,19,3,1,1,2,3,4,2,4,3,3,4,2,1,3,4,1,2,4,4,5,5,4,5,4,3,4,3,4,5,2,4,4,4,3,4,4,2,4,4,3,4,58
542,1,21,3,1,1,1,1,4,2,1,3,2,2,3,3,2,2,2,3,4,3,2,3,5,1,1,4,1,3,2,3,1,2,1,1,1,3,1,2,4,1,2,2,78
543,1,21,3,1,2,2,2,4,1,5,4,4,4,3,3,3,3,2,3,4,5,5,5,5,5,2,2,1,3,1,1,1,2,2,1,1,3,1,2,2,1,2,2,68
544,1,20,3,1,2,1,1,4,2,1,3,3,3,3,1,3,3,1,2,3,5,5,4,5,6,2,2,3,3,2,3,4,3,2,3,4,5,4,4,3,4,3,4,61
545,2,19,2,1,1,1,4,1,3,3,2,3,2,3,2,2,2,2,3,3,4,3,4,4,3,1,1,1,1,2,1,1,1,1,1,1,1,1,1,1,1,1,1,50
546,2,19,1,1,1,1,1,2,2,1,3,3,3,3,3,3,3,2,3,3,6,6,6,5,2,1,3,1,3,1,4,1,5,3,5,1,5,1,4,5,1,3,3,82
547,2,19,2,1,2,1,3,4,2,3,3,3,1,3,2,2,2,2,3,2,3,3,3,2,1,1,1,1,2,2,2,1,1,1,2,1,3,1,2,3,1,1,2,61
548,2,18,1,1,1,1,1,4,2,5,3,3,4,3,2,4,4,1,3,4,7,7,7,6,2,1,4,1,4,1,4,1,4,1,4,1,4,1,5,5,1,1,5,94
549,2,19,2,1,1,1,1,4,1,1,3,3,3,3,3,3,3,2,4,3,5,5,5,5,7,2,3,2,3,1,3,1,2,2,2,1,3,1,3,4,1,1,3,61
550,2,19,2,1,1,1,3,4,1,2,2,2,3,2,3,2,2,2,2,2,3,3,3,3,3,1,1,1,2,1,1,1,1,1,1,1,1,1,1,1,1,1,1,35
551,2,19,2,1,1,1,3,4,1,2,3,3,3,3,3,3,3,1,4,4,5,6,5,5,4,2,4,1,4,2,3,2,4,3,4,2,4,1,4,4,2,2,3,63
552,2,19,2,1,1,1,3,4,3,2,3,3,2,3,2,2,2,2,2,2,4,4,4,4,3,3,4,2,2,3,2,2,3,3,3,3,2,2,2,3,3,4,2,49
553,2,19,2,1,1,1,3,4,1,4,3,3,3,3,1,3,3,2,3,3,4,5,6,5,2,2,3,1,3,3,4,3,2,3,2,3,3,1,3,3,1,4,3,62
554,2,19,2,1,2,1,3,4,1,5,3,3,3,3,2,3,3,2,3,3,4,4,4,3,3,1,1,1,2,2,1,2,1,1,1,1,1,1,1,1,1,2,1,61
555,2,19,2,1,2,1,1,4,1,2,1,2,4,2,3,2,2,3,3,3,3,2,4,4,1,2,2,2,2,2,2,2,1,1,1,1,1,1,1,2,2,2,2,47
556,2,20,2,1,2,1,1,4,1,2,3,3,2,4,1,3,3,2,1,1,4,3,5,4,3,3,3,3,2,3,3,3,3,3,3,3,3,2,3,3,3,2,3,78
557,2,20,1,1,1,1,1,2,1,1,3,3,3,3,2,3,3,1,3,3,6,7,7,5,6,1,1,1,4,1,4,1,5,1,4,1,3,1,2,5,2,1,4,64
558,2,19,2,1,2,1,2,4,1,2,3,3,3,3,2,3,3,2,2,2,3,3,4,4,2,1,3,1,4,1,4,1,4,2,5,1,5,1,1,3,1,1,5,75
559,2,18,2,1,2,2,1,3,1,2,3,3,4,3,3,4,4,2,4,4,7,6,7,6,6,1,4,1,4,2,4,2,5,2,5,3,5,2,3,5,1,1,5,68
560,1,21,2,1,1,2,3,4,2,2,3,3,3,3,2,4,3,2,3,3,4,5,5,6,4,2,2,1,3,3,4,3,3,2,3,2,2,2,3,4,1,2,3,71
561,1,19,2,1,2,2,3,4,2,2,4,3,2,4,3,3,3,1,4,4,5,5,5,2,1,3,3,2,4,3,4,2,5,3,4,1,4,1,4,5,1,2,4,72
562,1,19,2,1,1,1,3,3,2,2,4,3,3,4,2,3,3,2,3,3,4,5,4,3,3,1,1,1,3,3,1,1,1,1,1,1,2,1,1,2,1,1,1,68
563,2,20,2,1,1,1,1,4,1,2,4,4,3,4,2,4,4,3,4,4,6,5,6,6,6,1,1,1,5,1,5,1,3,1,3,1,3,1,2,5,1,1,3,86
564,2,19,2,1,2,2,3,3,1,2,3,3,3,3,3,3,4,1,4,3,4,4,5,5,2,2,3,1,3,2,3,1,3,2,3,2,3,1,3,3,1,2,3,58
565,2,19,2,5,2,2,1,4,1,1,3,3,3,3,3,3,2,2,3,3,4,4,4,4,4,1,1,1,2,1,2,1,1,1,1,1,1,1,1,1,1,1,1,51
566,2,18,2,1,2,2,1,3,2,4,3,3,3,3,3,3,3,2,4,4,3,2,3,2,2,1,1,1,2,1,1,1,1,2,1,2,2,1,1,2,1,1,1,59
567,2,20,2,1,2,1,1,4,3,3,4,4,4,4,3,4,4,1,4,4,6,5,6,6,4,1,1,1,1,1,1,1,1,1,1,1,1,1,1,3,1,1,4,84
568,2,20,2,1,2,1,2,4,1,2,3,3,4,3,3,3,3,1,3,3,4,3,5,4,3,1,1,2,1,1,1,1,1,1,1,1,1,1,1,1,1,3,1,58
569,2,18,2,1,2,1,3,4,1,1,3,3,2,2,1,3,4,1,3,3,6,5,5,5,7,1,1,1,2,1,3,3,4,1,2,1,2,1,3,4,3,1,2,63
570,2,19,2,1,2,1,4,4,3,4,3,3,4,3,4,3,3,3,4,4,6,6,5,4,3,1,1,1,4,1,4,1,3,1,3,1,4,1,4,5,1,1,4,77
571,1,21,2,1,2,2,2,4,2,1,4,4,4,4,3,4,4,1,3,4,6,6,6,6,4,1,4,1,4,1,3,1,4,1,4,1,3,1,3,4,1,1,3,97
572,2,20,2,1,2,2,3,4,1,3,4,4,4,4,4,4,4,1,3,4,7,7,7,7,5,1,1,1,5,1,5,1,5,1,5,1,5,1,4,5,1,1,5,94
573,1,20,2,1,2,2,2,4,1,4,2,3,4,3,2,3,4,2,4,4,6,4,5,1,1,1,1,1,1,1,3,1,1,1,2,1,3,1,2,3,1,1,2,67
574,1,20,2,1,1,1,2,4,2,3,3,3,3,3,3,3,3,2,4,3,5,5,6,4,3,2,4,1,2,3,3,4,5,2,3,3,3,2,3,5,2,2,5,55
575,1,19,2,1,2,1,3,4,3,3,3,3,3,2,2,3,4,2,3,4,5,6,6,3,2,1,4,1,4,2,3,2,3,3,2,1,3,1,3,3,3,2,3,73
576,2,19,2,1,2,2,3,3,1,5,4,4,3,4,3,4,4,1,3,3,2,3,3,2,1,1,3,1,2,1,2,1,2,1,2,1,2,1,1,2,1,1,2,54
577,2,19,2,1,1,2,3,4,2,2,3,3,3,3,2,3,3,2,3,3,4,5,5,4,5,1,4,1,3,1,3,1,3,1,3,1,3,1,3,4,1,1,3,57
578,2,19,2,1,2,2,1,3,2,1,3,3,3,3,2,3,3,2,2,3,4,3,4,3,2,2,2,2,2,2,2,2,2,2,2,2,2,2,2,2,2,2,2,64
579,1,20,2,1,1,2,3,4,1,3,2,2,2,2,3,2,2,2,2,2,4,4,4,4,4,1,1,1,2,1,2,1,2,1,1,3,2,1,1,2,1,3,1,40
580,1,18,2,1,2,1,3,4,1,4,3,3,3,3,4,3,3,2,3,3,4,4,5,3,5,1,1,1,3,1,2,1,1,1,1,1,1,1,1,1,1,1,1,84
581,2,18,2,1,1,1,4,4,3,3,3,3,3,3,2,3,3,2,3,3,5,5,6,5,6,1,2,1,3,1,2,2,3,2,2,1,2,1,1,3,1,1,2,55
582,2,18,2,1,2,2,3,4,1,3,3,3,4,4,3,3,3,2,4,4,3,3,3,3,3,2,4,2,3,2,4,2,4,3,4,4,4,3,4,4,1,2,4,60
583,2,19,2,1,2,1,3,4,2,3,3,3,3,3,3,3,3,2,3,3,5,5,5,4,3,1,1,1,4,1,4,1,3,1,3,1,3,4,4,1,1,3,3,69
584,2,20,2,1,2,2,2,4,1,5,3,3,3,3,2,3,3,2,2,3,6,5,6,6,6,2,5,2,5,1,2,2,4,3,2,2,4,2,4,5,2,2,4,64
585,2,19,2,1,2,2,3,3,1,5,3,3,2,2,2,2,3,2,2,3,4,3,6,5,4,3,3,2,4,2,4,2,4,3,4,3,4,3,3,3,3,2,3,60
586,2,19,1,1,1,1,3,3,2,1,4,4,4,4,3,4,4,1,4,4,6,5,5,4,4,2,3,2,4,3,4,2,3,3,3,3,4,3,4,4,2,2,4,71
587,1,19,2,1,2,1,3,4,1,4,4,4,2,3,2,2,2,1,1,1,5,3,4,5,7,2,4,3,4,3,4,1,3,3,4,2,4,3,4,4,2,2,3,71
588,2,20,2,2,2,2,3,4,2,1,3,3,3,4,4,3,4,2,4,3,5,3,4,1,2,2,5,1,4,1,3,1,2,4,3,2,4,1,3,5,1,2,4,64
589,1,19,2,1,1,1,1,4,2,2,4,4,4,4,4,4,3,2,4,4,6,5,6,5,7,1,2,1,3,1,4,1,2,2,2,1,2,1,5,3,1,1,2,86
590,1,20,2,1,1,2,1,4,1,3,3,4,3,3,3,3,3,2,3,4,5,4,3,2,2,1,2,1,3,1,2,1,3,1,2,1,2,1,3,2,1,1,3,73
