"","X","MR1","MR2","MR4","MR3","MR5","MR6","ID"
"1",1,-0.334216606575035,-0.215722852237567,0.917903190142419,0.651000468768244,0.262726614539956,0.696861341886241,"phase_003_subj_10"
"2",2,-1.23128690273294,-1.17427072421384,-0.373594314661827,0.923420436809046,-0.929338852919349,-0.848929830272034,"phase_003_subj_11"
"3",3,-0.0236806035420318,-2.24823424446677,1.50759349696755,0.820275416040622,-1.18373233663295,-1.49122889943235,"phase_003_subj_13"
"4",4,-0.260774807904998,0.106394995044133,-0.09420061983122,-0.234942487577945,-1.38676010529439,-0.118993560416035,"phase_003_subj_2"
"5",5,0.803665372680812,0.503566874989251,0.112988472320987,-0.684023450714287,1.10009656660217,-0.986432718235454,"phase_003_subj_3"
"6",6,-0.370090188083812,0.278909788368216,0.267943843207526,0.623818984326976,-1.13288885145448,-0.610305257961568,"phase_003_subj_4"
"7",7,0.999820677595366,-0.108353234450061,-0.41565183947339,1.27706882893492,0.0263739547462934,-1.67828871708046,"phase_003_subj_6"
"8",8,-2.56839167528584,0.0741585613745633,0.187233154208873,0.0345563797274537,0.720321792693149,-0.228169318440538,"phase_003_subj_8"
"9",9,0.977207278826816,-0.32444929539183,-0.492204271105963,-0.712413972712644,-0.288929954245007,0.569177972615461,"phase_003_subj_9"
"10",10,-1.96887905895698,0.0949587352712654,1.13480140247411,0.47091655558076,-1.34888628572041,-0.554729674916236,"phase_004_subj_1"
"11",11,-0.816311169600048,0.11060642910047,0.507320923862139,-1.17110633689674,-1.0036004138883,0.171195317641589,"phase_004_subj_10"
"12",12,-0.0735996030992862,-3.73762423589846,-0.0787261251250602,-1.01708288368459,1.17188600736861,-2.89338905487774,"phase_004_subj_11"
"13",13,-0.41203269855952,2.36848782880909,0.756774651766154,0.872136870071761,2.52071473398139,-1.16668899882823,"phase_004_subj_13"
"14",14,1.81363938963191,-0.772590147175327,-0.519602531176153,0.854247644142569,0.246203706237677,-0.166650930393781,"phase_004_subj_15"
"15",15,-0.836070037652445,-0.76349587268172,0.0911041559575045,0.142838316470233,-0.895298416333583,-0.49410991445921,"phase_004_subj_16"
"16",16,-0.116590516877407,0.00146111113194597,1.47252365268724,0.439744423284854,0.00357926247955856,0.929284682962283,"phase_004_subj_18"
"17",17,0.727889158451707,-1.52682940851621,1.38721370224544,0.504409410360786,-0.749307138786989,-0.732118520456855,"phase_004_subj_2"
"18",18,0.140294312537312,4.05618402434607,0.188738878228345,-0.0059568218866155,1.56826340571093,-0.640801997052421,"phase_004_subj_3"
"19",19,0.756899699508919,-1.00015306057165,0.619602028166519,-0.514373722739254,0.895347789035159,-0.099900274798658,"phase_004_subj_5"
"20",20,-0.79783992896387,9.87445899192888,-0.649188795703423,0.980246888987468,1.81105009155234,-1.85787604398109,"phase_004_subj_8"
"21",21,-0.815397144142615,0.506832214034831,1.73485150250719,0.31770936680394,-0.868005579750034,0.803339190222318,"phase_005_subj_1"
"22",22,0.0426756631101403,-0.109638074494089,-0.711798553557261,0.794869092386825,-0.427771774763291,-0.130640893183149,"phase_005_subj_10"
"23",23,0.487848073427454,16.8316217681295,-0.39325943425639,-1.5723145366162,0.272155349003738,-0.395243101128853,"phase_005_subj_12"
"24",24,-0.648708375853033,0.00114836808759941,-0.36546451684792,-1.060729209709,-1.27593011428174,-0.0182115897530614,"phase_005_subj_13"
"25",25,0.382921997809105,0.263417002338585,0.48152098919206,-2.67663367667441,-1.78266352750673,0.456940977328945,"phase_005_subj_16"
"26",26,0.068229582145188,0.255632119710785,-0.311077465969886,0.189131525541363,-0.702271326960838,2.42211758117857,"phase_005_subj_18"
"27",27,0.691845872246283,0.914609327903695,0.0545646528955524,-0.167823528336908,-1.10181386615923,1.07995483536891,"phase_005_subj_19"
"28",28,-1.66011988173411,-1.17668186001708,-0.220389736469352,0.928391920795176,1.82326066869403,-0.610966117168999,"phase_005_subj_2"
"29",29,-1.29990039019513,-0.524301007229395,-1.01637736595792,-0.0442467821705426,0.820517659115205,0.727622893060376,"phase_005_subj_3"
"30",30,0.0377611122044056,4.014973593058,-0.346776365269231,0.778997993898667,2.38457111053058,-0.706787989485913,"phase_005_subj_4"
"31",31,1.21177252074027,0.826339221001996,0.444579274951672,0.389733553992162,0.147243379591432,-0.261993474742919,"phase_005_subj_5"
"32",32,-0.842747968312186,-0.15512849361588,-0.397461101317462,0.561498617261237,-1.17867168656498,-1.12079602189519,"phase_005_subj_7"
"33",33,-0.951102892712919,0.18914788927686,0.916755625364917,-0.0909700965348214,-1.72805619923744,-0.827687160583459,"phase_005_subj_9"
"34",34,-1.59033867301121,0.360453441141088,0.108025777833712,0.390650502220954,-1.73425258052594,1.09166770202968,"phase_006_subj_1"
"35",35,-1.43071241153495,0.281595184341868,1.38236260757257,-0.466697742266187,0.583311076245726,0.789406496373021,"phase_006_subj_10"
"36",36,0.221381612090313,0.198617416624181,1.16306477194842,0.780507867540408,0.125123629464666,0.830604664009772,"phase_006_subj_17"
"37",37,0.469178404861735,-0.0634252544227001,-1.15251755040739,-0.331599900516939,0.371096966161403,-1.1867064033252,"phase_006_subj_19"
"38",38,-0.127008556811309,-0.415957838725728,0.494448288721511,-0.419380068236003,0.246212204675342,0.349817932979605,"phase_006_subj_2"
"39",39,0.609249375078696,-0.116575784792686,2.2616959144462,0.696095546749334,-0.581532775096782,-0.78060256200835,"phase_006_subj_22"
"40",40,1.59739016879794,-1.17227587434522,-2.59315034058251,0.270010389970878,1.41533859403005,-0.276282338358002,"phase_006_subj_23"
"41",41,-2.66198702453375,-0.093446151794849,-0.734812061016982,0.0758344314564357,-0.848625382615306,-0.315101231791275,"phase_006_subj_24"
"42",42,0.706019941982074,0.0553414731529003,0.440525612331975,-0.0039206933990841,0.355111473167925,1.65901701568995,"phase_006_subj_25"
"43",43,-1.28717716670282,-0.133812227076766,-0.800439492755719,0.806834847408845,1.21408545319166,1.07513469902073,"phase_006_subj_4"
"44",44,-0.676858982601513,0.10767485679403,0.155808631534333,0.0568236730766425,-0.365100773402429,-1.28956950377566,"phase_006_subj_5"
"45",45,0.587148381099688,-0.285732842544381,-2.35872689672381,0.485659678063144,0.824834549255131,-0.630361873336555,"phase_006_subj_7"
"46",46,0.0479464303272485,0.388227003550451,0.00663615469018504,-0.797527077662949,-0.324360037445498,0.853476250271137,"phase_006_subj_8"
"47",47,-0.630543747555487,-0.208059171850033,-0.618742394849047,0.443048041343127,0.360239766175865,1.98128667775861,"phase_007_subj_1"
"48",48,-1.27213932274378,0.286840685765837,0.572813731785516,0.84657074071619,-0.0293772625776299,-0.95750959750654,"phase_007_subj_10"
"49",49,0.513228326869117,-0.305819383833546,-0.0891547471826046,0.355875933565153,0.860893034195074,0.497848843776708,"phase_007_subj_11"
"50",50,0.239007351827854,0.557943590335598,-2.45605642417566,0.00754235782345545,0.271736801489429,-0.0678338666496764,"phase_007_subj_12"
"51",51,-0.533772238022135,-0.0662041526691442,-0.981709631650001,0.913917253174674,-0.312072645430404,-0.164744229954285,"phase_007_subj_13"
"52",52,0.529053200361852,0.031546666070162,-0.181175864993712,-0.119471295651457,-1.43448406559312,0.671380387290498,"phase_007_subj_16"
"53",53,1.3930042190669,-0.0592073711363651,-0.000293259506265081,0.840542977189538,0.320446014967341,-0.932980422048153,"phase_007_subj_17"
"54",54,0.352490564623081,-0.0799129775366046,0.426924617791388,0.761361379927984,-0.69983524913944,1.2154705387926,"phase_007_subj_18"
"55",55,-0.13362676984677,-0.430655150103372,1.01653003130795,0.815700216817778,0.0305111330602008,-1.31677105682762,"phase_007_subj_19"
"56",56,0.403183512040082,-0.814448418557432,0.165024366023879,0.506335657269658,0.360521166319247,-1.6545558430333,"phase_007_subj_21"
"57",57,1.43320006854431,0.00812566649007249,0.425999585124488,0.316595878735609,1.60646380763501,0.709017945244415,"phase_007_subj_3"
"58",58,-2.04739185826798,0.280748521027307,-0.504583982666901,1.03913488772305,-0.336112082004741,1.32288575043632,"phase_007_subj_4"
"59",59,0.00619193827173164,-0.0247782212401502,0.801502924310374,0.734880114253418,0.201519470743588,0.178753142503855,"phase_007_subj_5"
"60",60,-1.50067718366644,0.432573442810148,-1.15739859308254,0.480361108685191,-0.206107974713037,2.03302340741995,"phase_007_subj_6"
"61",61,1.01022363458101,-0.403593632821848,0.66728381231431,0.0439127352805329,-0.297453692676126,-0.785321392543836,"phase_007_subj_8"
"62",62,-1.56543027369714,0.0350333110587901,-0.253243074332466,0.381480055533478,-0.727553684069739,1.24498279803751,"phase_008_subj_1"
"63",63,-1.13083242167111,-0.309000734230543,0.0271947763268819,0.111713009893196,-0.670912016358368,0.172080839745316,"phase_008_subj_10"
"64",64,-1.2400075189424,-0.247000468606127,-1.38644351128592,0.443770113123363,-1.26821462882963,1.1433910139219,"phase_008_subj_11"
"65",65,-0.823089344181395,-0.0446805877868344,-1.13579481938398,0.794795234711277,1.21525929872681,1.5167723183294,"phase_008_subj_12"
"66",66,0.924503833266552,-0.0527450602445467,0.36213451318866,0.135297732053356,-0.930082172188444,0.602750404289237,"phase_008_subj_13"
"67",67,1.09833812487218,0.191493917102189,-0.708801695760091,0.593854209045485,-0.80163590183015,0.619140514332142,"phase_008_subj_14"
"68",68,1.40397890206751,0.0250600482939605,0.708690878861207,0.349744939844268,-2.03971656998829,-1.13540058969314,"phase_008_subj_15"
"69",69,0.617924311669578,-0.347163556404522,0.399254385272255,0.00328275879046099,0.239019727641882,-0.285580011968608,"phase_008_subj_16"
"70",70,1.47556471418604,-0.113212555819208,-0.919666812182424,0.998889760715887,-0.200777513420969,0.833543798815996,"phase_008_subj_17"
"71",71,-0.876770201530479,-0.00318364115216139,-0.0145279758243469,-0.231452810308218,-0.702716348243669,0.63506401915148,"phase_008_subj_18"
"72",72,-0.894280661126924,-0.0197881737059431,-0.428091292517898,0.471556526993636,-1.57793749611511,1.06689729150057,"phase_008_subj_19"
"73",73,0.263461388074515,-0.661524087162969,-0.366167808840465,0.323935142176986,-0.674702130775827,1.02805013324262,"phase_008_subj_2"
"74",74,2.71751017352191,0.188639696962446,-0.238732153075739,-0.689506639772961,-0.630988923475781,0.512002628680558,"phase_008_subj_20"
"75",75,0.238136226360489,0.671914037790011,0.956266680503459,-0.209820016690444,-1.72183118404042,-0.501457006739477,"phase_008_subj_8"
"76",76,0.389036765527892,-0.214440527929908,-0.199987870033086,1.09587517515717,-0.540507831312872,-1.0127050422892,"phase_009_subj_1"
"77",77,0.487857932721203,-0.209925836558131,-0.482386149126792,1.00492225352198,0.517068641295908,-0.768394843669356,"phase_009_subj_10"
"78",78,-0.355081387803043,0.0763640879341132,-1.69686350603454,0.340504309706643,-0.194238464257807,1.42262487692526,"phase_009_subj_11"
"79",79,-2.26308219520632,-0.168768008568173,0.212004090739342,1.27049503406045,0.817649136807641,0.846753185863459,"phase_009_subj_12"
"80",80,1.47695901970399,0.20282622458799,0.636474002836281,0.270247303702818,-0.103300747063628,0.515078233537285,"phase_009_subj_13"
"81",81,0.31683149032681,0.30351929187684,1.23446101730016,-2.01875338531906,1.90619449079219,0.826006876109602,"phase_009_subj_14"
"82",82,-0.35019523239628,0.0854339074006474,0.0734853608367862,0.862531214011141,0.532884142292069,0.0683173526031023,"phase_009_subj_15"
"83",83,-0.364191950814642,-0.0891040537180511,1.27568817618026,0.672833120016834,0.356880279668615,0.113491930214011,"phase_009_subj_16"
"84",84,1.54966078301667,0.441315281257578,0.798947528274118,-0.249090634646515,1.74734914485271,-0.418312711948096,"phase_009_subj_18"
"85",85,-1.12641674275365,-0.108788851487441,-1.64227611063869,0.782452608134546,-1.38611700497011,0.658172683731624,"phase_009_subj_19"
"86",86,-0.474359656288098,-0.138448701900954,0.533341912713281,0.770971148610575,-1.11123643858955,-2.02615007804338,"phase_009_subj_20"
"87",87,-1.11225124926312,0.1971987452579,-0.0389846022065715,-0.100019339640366,0.363521053856368,-1.20561552177752,"phase_009_subj_21"
"88",88,1.57608456166155,-0.176502314380767,-0.478486731391841,-1.16072748369567,0.24924129460291,-0.430300013908562,"phase_009_subj_22"
"89",89,0.858369368772345,0.244532408772458,-0.500731639475797,0.130938236060622,-0.531672502768711,0.267145006595542,"phase_009_subj_23"
"90",90,-0.29113714146894,-0.0842635749126942,0.488957718674127,0.390944512933613,0.239902745999862,1.02993291381986,"phase_009_subj_5"
"91",91,0.337088584582278,0.0160834769947027,1.10989041153051,-1.20926288899388,-0.750938187822397,-0.264190486375709,"phase_009_subj_6"
"92",92,0.817310314347832,0.262931676013254,1.31123676210367,0.672369666789066,0.776318849114862,0.121454667728966,"phase_009_subj_7"
"93",93,0.390555051006377,0.100633539067722,0.784980148086398,-0.00361112297103151,1.25325208492413,-0.00139229395207318,"phase_009_subj_8"
"94",94,0.409805368897092,-0.208767110482817,0.00130478046416862,0.368929796617969,-0.720019669495693,0.300170508839662,"phase_009_subj_9"
"95",95,1.18749570098091,0.431456239319519,-0.50072024464599,-1.53308810414068,-1.31357195147314,0.653532082690465,"phase_010_subj_1"
"96",96,0.269221471821173,0.041923326404185,-0.428675833625956,0.752531795846743,-0.445886325031329,0.143131918250977,"phase_010_subj_11"
"97",97,-1.31566508020838,0.622741712832661,-1.22713684714244,-0.272618116032702,-0.279087795805758,0.846263889097361,"phase_010_subj_12"
"98",98,0.962894958741207,0.590765628048378,-1.05405607375837,-1.08896888931567,-0.538449770220494,1.00715221987919,"phase_010_subj_13"
"99",99,0.263185080199558,0.056429642981578,0.334159776744557,-1.16062162555164,0.838333358366215,0.39059597111456,"phase_010_subj_16"
"100",100,0.0248883292902285,-0.0905767622607527,0.248864606401199,0.197809705877729,-1.96358016076521,1.1550016093738,"phase_010_subj_19"
"101",101,-0.620962473832379,0.590117736693788,-1.25230859756463,-0.213076073446135,-0.627382698183611,-0.0764853844138794,"phase_010_subj_2"
"102",102,0.343261640367748,0.488752487216027,0.5932279690398,-0.79022289780402,-0.508900575422834,-0.985045887959702,"phase_010_subj_20"
"103",103,0.486166145016021,-0.621800482181206,0.790394370104471,0.0162944869326681,-0.726702385598573,-0.322497704701158,"phase_010_subj_21"
"104",104,-1.10049247629559,0.0212668216198875,-0.797533372895052,-0.271812922019447,0.332997728586967,0.73727085977002,"phase_010_subj_22"
"105",105,-1.78133667001615,-0.370783392350932,0.974501124089946,0.375073050473857,-0.00455423111873391,-1.88264785991428,"phase_010_subj_24"
"106",106,-0.998750051656789,-0.468478993212495,1.66469890296731,0.639306251165518,0.331739377450809,-2.15793230846986,"phase_010_subj_3"
"107",107,-0.179701227111839,-0.353010180515129,-0.446226491182129,-0.202206208080996,-0.576435171912618,0.597952846408986,"phase_010_subj_6"
"108",108,-0.341968696130148,0.234883867227206,0.88246160149175,0.564636482611923,0.724282145566647,2.0548644258588,"phase_010_subj_7"
"109",109,-0.689809682073997,0.086569265334049,-0.867586107264307,0.581088152880019,-0.47091070233727,0.38218667056135,"phase_010_subj_9"
"110",110,0.213801557736018,0.151364997422449,-0.667265326807434,1.29263557487052,0.606773192623819,-0.490400129261947,"phase_011_subj_1"
"111",111,0.491068949174385,-0.260300589866938,0.688939429606001,-0.706866340060087,1.75006018119425,-0.597066917158158,"phase_011_subj_10"
"112",112,0.303517616361647,0.118376350587296,-0.690876643635053,-0.0286570890842747,-2.15593705791763,1.32409914710595,"phase_011_subj_13"
"113",113,1.15162433979712,-0.197787824667794,-0.409427008316051,-1.83033264061867,-0.893388139184852,-1.19676047997531,"phase_011_subj_14"
"114",114,-1.16402548887646,-0.548007919392009,-1.72530238071996,-1.62153596375239,1.35109878245377,-0.925702466288665,"phase_011_subj_16"
"115",115,-0.288944331807818,-0.335788778947242,1.59170214043237,0.53439848525075,0.663676894796155,1.25925577634183,"phase_011_subj_17"
"116",116,-0.366566124591599,-0.368433878776941,0.0418883483091409,0.4690688318284,-0.353271124657687,0.170744376176104,"phase_011_subj_18"
"117",117,0.24637357652031,-0.000667753637473956,-0.104776878877707,0.0683515735103034,-0.996818126601971,-0.193852220491598,"phase_011_subj_19"
"118",118,-2.66171058476765,-0.232280924579913,0.105705553268324,-0.22217888559746,2.13747499929982,0.854320403921938,"phase_011_subj_2"
"119",119,0.615815486943194,-0.134878575796352,0.582340877846717,-0.200212847069029,0.974414722664929,-0.962659761261658,"phase_011_subj_20"
"120",120,1.02550380283303,0.222573585245755,0.379865221521504,0.546256512790612,-0.769079792539023,-0.512086710977335,"phase_011_subj_22"
"121",121,0.101998057402625,-0.370043066788971,-0.291124162346343,0.296353070381111,0.215580127519325,0.165543750330291,"phase_011_subj_23"
"122",122,-1.54456835605445,-0.240586768868524,0.0854340493274429,0.507025765708164,0.465350422503992,-1.24977234966728,"phase_011_subj_24"
"123",123,0.339410228666968,0.0184369441077889,-1.66902349264224,0.644472572193989,-0.0419002354984035,0.510756762688629,"phase_011_subj_25"
"124",124,-0.456654458398293,-0.348270820312767,0.00111179244052565,0.917848701466345,0.192240187341247,-0.382396807609398,"phase_011_subj_3"
"125",125,1.04538611888069,-0.110423010626135,1.83262031952075,0.265023532481789,-0.574556411661349,0.833049591866706,"phase_011_subj_4"
"126",126,-3.12569206052709,-0.273508172746057,0.033684420356739,0.936340053739578,-0.440070530913842,0.503990202355484,"phase_011_subj_5"
"127",127,1.26846949365955,-0.0310642378780124,0.704056945029806,0.605779796132655,0.392823346747141,0.64788130955169,"phase_011_subj_6"
"128",128,1.23792907781278,0.128455710497045,-0.601444837794972,0.452193277515215,0.242333274298418,0.803170877287385,"phase_011_subj_7"
"129",129,1.68614547085644,-0.265318436621789,1.45293030098722,0.815598538918698,-0.351441077897236,-1.01270421163839,"phase_011_subj_8"
"130",130,0.103649772018236,-0.291661241990455,-0.363457195321955,0.553045970615705,0.591673548686037,-1.00005024951269,"phase_011_subj_9"
"131",131,-0.341498481966468,-0.166322299638986,-0.434548144338701,0.780170614206083,-0.874345274294821,-0.265477769507208,"phase_012_subj_10"
"132",132,-0.365913300304645,-0.33031608041212,-2.36777116528835,0.19384330096961,-0.308362145557497,0.783514843174243,"phase_012_subj_11"
"133",133,-1.33527280188028,0.507492558824351,1.32338783363645,-0.549993487942021,-0.895816230604985,-0.934292550095591,"phase_012_subj_12"
"134",134,-2.02797586946577,-0.578592001912164,0.930521374582015,0.0422980176147094,2.05633543437248,-0.499727412165111,"phase_012_subj_13"
"135",135,1.81079763553046,0.0609852914028353,0.784215432414112,1.16576795981277,1.65152505052456,-0.0750154073476505,"phase_012_subj_14"
"136",136,0.0895427462536005,0.577411522698931,0.213281954646588,0.237481978817977,-1.12657763349779,-0.0178956063617288,"phase_012_subj_15"
"137",137,0.542400154019493,-0.195416842826058,0.827606191567818,0.629262987482405,-0.639226376671057,-0.975198426833754,"phase_012_subj_16"
"138",138,-1.41568984802745,0.125470426724789,-0.739049502831034,0.863586340349343,-0.555483616633395,-0.143530164386036,"phase_012_subj_17"
"139",139,0.69957957681155,0.230651202508357,0.756369893786904,0.482353634865998,0.685254080400083,-0.51283250865345,"phase_012_subj_2"
"140",140,-0.678476267734458,0.315174246170104,0.488869001145099,-2.23768272222633,0.374817932173709,1.71881864770787,"phase_012_subj_20"
"141",141,2.59747366108773,-0.0997777607770701,1.90230928536161,0.0255557889444279,0.60530315604249,1.87900910449141,"phase_012_subj_21"
"142",142,-1.71802528153658,0.309016321794668,-0.399224077899678,0.714778820860644,-1.50242248783825,-0.0927726953896373,"phase_012_subj_3"
"143",143,0.314145654045086,0.234336826096576,-1.01930586042532,0.746713373123922,0.679422506012433,0.132413261568909,"phase_012_subj_4"
"144",144,1.48642100940436,-0.423282001880941,0.923606705109344,-0.568499252998069,1.57590378319784,0.598737927831759,"phase_012_subj_5"
"145",145,-0.826752867749633,-0.0736476477986749,1.14075306523773,-0.3298236187762,0.810570210481279,0.0907425538458992,"phase_012_subj_6"
"146",146,-0.448150205490444,-0.505640535103734,0.0202342243534692,0.0790960982015562,-0.470331672466444,0.90604031630834,"phase_012_subj_7"
"147",147,0.872372308789836,-0.136700834077242,-1.26599284168929,1.30879472351561,0.42628356922168,-0.383933128153778,"phase_012_subj_8"
"148",148,-1.02664007022907,-0.201412977999263,-0.962435853367242,-2.53757510089522,0.976989783935224,-0.37121791279872,"phase_013_subj_10"
"149",149,0.833456531214433,0.212995770193951,0.0518133575096089,-1.61746467069198,0.240745012907409,0.59341127971002,"phase_013_subj_11"
"150",150,0.000853455089524122,-0.225108354067722,-0.680300716481688,0.67294011735503,-0.334280733474454,-1.21260878074133,"phase_013_subj_13"
"151",151,0.20975787217209,-0.106037323678629,1.19306109081508,-0.145112064215786,-0.40916500377954,-2.16039532271187,"phase_013_subj_17"
"152",152,-0.767263049064963,-0.0323875014241345,1.46617294312085,0.281439797529168,-0.433614668890508,-0.00481295319663606,"phase_013_subj_18"
"153",153,0.914724149036113,0.315020582680346,-1.31268816809093,0.71967485712707,-0.631829403726649,1.07280656650416,"phase_013_subj_19"
"154",154,-1.75736719630246,0.0906018160939422,1.34783533526282,0.447424388635656,0.113568525204154,-0.0950595030958025,"phase_013_subj_2"
"155",155,0.977652738614922,0.425884490577176,-0.0703242965015917,0.676362083662763,0.00612983633015986,0.413790230803798,"phase_013_subj_21"
"156",156,0.526010893782822,-0.219463359819968,-1.80358833257599,0.211546702245727,-0.473069009434494,-1.06702921421744,"phase_013_subj_22"
"157",157,-0.298130800264784,-0.179459396681264,0.203836058433685,-3.77032679626429,1.12865580504913,-0.634547566044951,"phase_013_subj_23"
"158",158,-0.46488267847892,-0.0992926713013657,0.841116551811675,0.61638651545152,-0.424255358428636,0.278061193288291,"phase_013_subj_25"
"159",159,0.311664624821732,-0.384017963845277,0.348592711584343,0.478996283023718,0.439834777107041,0.555564019050541,"phase_013_subj_26"
"160",160,-0.0591202307763545,0.0527869812898552,0.172381748226064,0.688564911908041,-0.253890763974155,0.337728451842355,"phase_013_subj_27"
"161",161,0.512857444334972,-0.0307915197742413,0.24069155058839,0.347192551560299,0.421292328003563,-0.875395445411156,"phase_013_subj_28"
"162",162,-0.626687775084286,-0.297227135849065,-1.4216993085471,-0.935058432376643,1.60720868969449,0.05552255705682,"phase_013_subj_29"
"163",163,-0.501751954296976,0.0647324509007357,0.293223868895352,0.0164043587668656,1.47099173133281,-1.18537782366271,"phase_013_subj_30"
"164",164,-0.707502948825002,0.194873427871795,1.17861941478482,-0.0761545307720595,0.243341564032482,-0.412420932454029,"phase_013_subj_31"
"165",165,-1.18357401936611,0.00681125989484973,-2.14456447832784,0.322956505929331,-0.459744428608884,-0.717810176917264,"phase_013_subj_32"
"166",166,-0.37053607713817,-0.194459211652136,-1.50848989034412,-2.99454057998291,0.812489148000542,1.89372012901326,"phase_013_subj_33"
"167",167,-1.37575829850346,-0.0862161210982512,-2.15893554829776,0.971654817722435,-1.46533381355486,-0.222260115682054,"phase_013_subj_4"
"168",168,-0.515574311088906,0.269419094773665,0.412160899925068,0.827126886816975,0.91119301035395,0.85229048891801,"phase_013_subj_5"
"169",169,-0.136981860578463,-0.324685885735446,0.230773308348455,-0.784063476259129,0.954953564050611,0.249178995733827,"phase_013_subj_6"
"170",170,-0.818934782934166,0.875523545258287,0.12305999916651,-0.0817657792017411,1.2050809373304,-0.27447853939215,"phase_013_subj_7"
"171",171,-1.11054929474042,-0.180256931851485,1.86059317424647,0.125781100962414,-0.567873386091413,0.625071792940573,"phase_013_subj_8"
"172",172,0.193333493064345,0.126641951569006,-0.592059122589454,1.0970101422998,0.273801490398643,0.753366469148369,"phase_013_subj_9"
"173",173,-1.37777090760395,0.277694728832334,-0.457652290400369,0.563539820070094,-0.314578740102516,0.530025483082027,"phase_014_subj_10"
"174",174,-1.32869572429273,-0.874997506029178,0.367444978871555,-2.58035027649281,-0.97578440854297,0.471715575381376,"phase_014_subj_11"
"175",175,1.73344908256209,-0.00996102681655134,-0.723620213901772,0.599640777010201,0.239864590467395,1.98348254693408,"phase_014_subj_12"
"176",176,-0.0851123412182594,-0.0808458449347866,-0.0116846738213678,0.458862237954911,-0.0140395593973557,0.666820206188915,"phase_014_subj_13"
"177",177,0.175247637982424,0.208347588261759,1.19073821144508,-0.196644111470796,0.159257791194676,-0.526925104327568,"phase_014_subj_16"
"178",178,-0.109785382751957,-0.0500440771177977,0.440306295682737,0.835828463602045,-0.251379750112553,-1.70683640650916,"phase_014_subj_17"
"179",179,-0.0952113562754616,0.080300517539372,0.0819535932726965,0.476087550728729,-1.16667814251267,0.619118798686735,"phase_014_subj_18"
"180",180,-1.3898205874924,0.106092842351503,0.532410510008409,-0.203867915220418,-0.645722185418005,-0.00515613346501009,"phase_014_subj_19"
"181",181,0.0873804411368893,-0.026402873391992,-0.775564375922711,0.140142428046151,-1.26523368239227,-0.103397445755363,"phase_014_subj_21"
"182",182,-0.734975030513061,-0.259190052244974,-0.267625346303507,0.0581615176752076,0.597024292560053,0.627877170906703,"phase_014_subj_23"
"183",183,-1.18462475308708,0.0860652996513839,-1.02068511369613,1.50946396586594,1.49794840960236,0.750475768211021,"phase_014_subj_27"
"184",184,0.673686441470704,0.0839223262054381,1.95864679517596,0.572890421666933,0.0124153193015565,1.33900546800665,"phase_014_subj_29"
"185",185,-1.19549620327803,-1.20551401133411,-0.234082660025998,-1.8428490182522,2.8969346786237,-0.970534834562734,"phase_014_subj_31"
"186",186,0.0501220209510867,-0.120917165198218,0.434737619717806,0.645034653108665,0.291605617102731,0.897191039285824,"phase_014_subj_32"
"187",187,0.984193717108915,-0.187506677982432,0.294364374845621,0.530711050680328,0.716003318019285,0.0321391374047549,"phase_014_subj_33"
"188",188,1.63582221094696,-0.278535625110576,-0.0169185143346141,0.578224109867706,-0.103492322029246,1.05687969351257,"phase_014_subj_34"
"189",189,0.522019677798947,0.0642596863430214,-0.762591080597343,0.143983995689736,0.961140932208471,-1.78751671687638,"phase_014_subj_36"
"190",190,-0.438776777879224,0.193636046731367,-0.0662302381553499,0.268469986396502,-0.957922507930318,0.625206793499584,"phase_014_subj_37"
"191",191,0.424364955141818,0.0544231069930474,-0.0578603954088717,0.689279762212098,0.298710638176719,1.24889089256825,"phase_014_subj_39"
"192",192,0.141959749004251,-0.403416300746365,0.975555201642258,-2.57783239523646,0.124332763535159,-1.58142197420989,"phase_014_subj_4"
"193",193,-0.261314603923296,0.354699548200383,1.09110223100406,0.490394452737626,0.607697955986817,-0.421758705301807,"phase_014_subj_40"
"194",194,0.0853057752136858,0.449067824955295,0.264719893849363,0.47827468339075,-0.739316206671638,0.992456755940608,"phase_014_subj_41"
"195",195,-0.771511129305747,-0.358855185875563,-0.576088005281926,0.797920002842822,1.85138638667056,-0.90886966416532,"phase_014_subj_42"
"196",196,0.900186317336544,-0.331228505822026,-0.22211951398181,0.657350626622515,0.791805204951652,-0.441134336169225,"phase_014_subj_45"
"197",197,-0.261338638557109,-0.23799674245429,-0.711740595615592,0.956502613461231,0.573420703627727,0.744116414653292,"phase_014_subj_48"
"198",198,-0.0971527691829203,-0.545643389753322,0.220871868776686,-0.0460813479959116,-0.103614197003779,-0.0805120530363673,"phase_014_subj_5"
"199",199,-1.22318486465407,0.107263583243309,0.361322950945144,0.859466572797562,-0.74979813715854,-2.19895213630362,"phase_014_subj_50"
"200",200,0.708322417138845,0.0664940250090786,-0.39448405100377,0.323847525372758,-0.98207328626986,-0.00337928683870333,"phase_014_subj_51"
"201",201,0.485254798192062,-0.327550334759483,-0.705509447896167,-0.139507492643532,0.236774839766585,-0.945642113319799,"phase_014_subj_53"
"202",202,-0.70903909345362,-0.485373885737206,-0.0511170906076542,-0.776459645666689,0.742818221468914,0.934224256893287,"phase_014_subj_55"
"203",203,2.21240814394623,0.37783753413943,1.09904535866945,-2.04493247052148,-2.29617772185477,0.935395668815232,"phase_014_subj_59"
"204",204,1.36656082892786,-0.229122422128211,-0.79124162213357,0.503567637141045,0.000784909275247354,0.280353720244979,"phase_014_subj_61"
"205",205,-0.220919532502526,0.254291623139647,0.840734499489848,1.05197311884357,-0.321933196945209,-1.25951361226878,"phase_014_subj_8"
"206",206,2.34149850114133,-0.0600530235537591,1.11636025430421,0.288468768056007,0.482595930770869,0.0115229324038052,"phase_014_subj_9"
"207",207,-1.22581491528248,-0.874803394123292,-0.981515153726433,-2.82402957985434,0.375050098722946,0.0796650599776723,"phase_015_subj_1"
"208",208,-1.46888439558923,0.218304828741378,0.225807515390725,0.704861028522085,-1.49533261882722,-1.38414938726231,"phase_015_subj_10"
"209",209,-0.394287083563312,-0.00734102340174661,-1.11938134291699,0.828117653020748,-0.741766999025122,-0.0230025852360252,"phase_015_subj_11"
"210",210,2.26280873383965,0.0600065546188149,-0.357618899919155,0.678684183649712,-0.966939009429757,-1.04473997890008,"phase_015_subj_12"
"211",211,0.416922399066012,0.236571814188735,1.32987905583375,0.143700849220212,-0.0414593210306592,0.736717946774825,"phase_015_subj_15"
"212",212,0.759291562710088,0.176485977248228,0.591522695698203,-2.06238128788485,-0.808999359593041,0.106925569070468,"phase_015_subj_16"
"213",213,1.11357361304922,-0.286085796184625,-0.0398705140296676,1.03398378060652,1.16483346496421,-1.1191442180466,"phase_015_subj_17"
"214",214,-0.573962670023081,-0.155764212406325,-0.572119289393775,-1.16132257313952,1.54112445833938,0.602162573414976,"phase_015_subj_18"
"215",215,0.704316893888397,0.00805367034428899,0.0939703229682933,0.0562213251685692,0.0357916301953607,0.484668190888409,"phase_015_subj_19"
"216",216,0.538482569920512,-0.438386109095062,0.220708280385488,7.20593079044617e-05,1.31441030156165,0.833717661597046,"phase_015_subj_2"
"217",217,-0.60632043247288,0.74982314196852,0.19078246211497,-0.881196050073891,-0.479469280653409,1.39416646929585,"phase_015_subj_20"
"218",218,0.616275116753928,-0.34257797136056,0.848960866605347,0.192098887234013,-0.892940405067168,0.0446529882831474,"phase_015_subj_21"
"219",219,1.14310671641521,0.0866410952392461,-0.871835767298139,1.56589230544056,1.44937516698245,-1.00942821138624,"phase_015_subj_22"
"220",220,-1.50410107412465,0.0431851622398386,0.1213711943733,1.64798060112488,1.30305545030218,-1.8548752896325,"phase_015_subj_23"
"221",221,-0.463721284571593,-0.197157371235085,-0.965895452822184,-0.855065341894772,0.09451278368679,-1.14782055530255,"phase_015_subj_24"
"222",222,0.321526894107061,-0.626793432846074,-1.52674301424398,-1.78045404997248,1.5095018649214,-0.572627879749644,"phase_015_subj_25"
"223",223,1.26431456951502,0.00831825727165777,-0.705846975399291,0.391963907220747,0.994923226475798,0.705535272276352,"phase_015_subj_26"
"224",224,1.17991916885485,0.0721087872063371,-0.272256119017776,-0.696612297317607,-0.63596107432208,-0.450464217069453,"phase_015_subj_27"
"225",225,-0.560728300544287,-0.0837438135551029,-0.145637338677404,0.18387854422784,-0.101613908577024,0.383238917619514,"phase_015_subj_28"
"226",226,0.325875553346528,-0.311378245493719,-0.0688940727057174,0.111472448127492,-0.319244239143881,0.469681055766073,"phase_015_subj_29"
"227",227,1.43471295055434,0.0598706849394951,0.121407464250619,-4.61024819709695,-0.384985231380001,-1.48352935059181,"phase_015_subj_3"
"228",228,-0.952826138033665,0.195335887796948,0.0149664717631011,0.275626122834976,-0.940791412141643,1.44953596592536,"phase_015_subj_30"
"229",229,-0.93036283241259,-0.0927449829921629,-1.2008959462756,-0.0141314426064563,-1.18625720283834,-0.296447305513309,"phase_015_subj_31"
"230",230,0.883817867987467,0.222501337196718,-0.749288995835731,1.19790266457536,2.37653997306779,1.60343923491954,"phase_015_subj_32"
"231",231,-0.619498116200021,0.300823249978807,0.348171679387197,-0.711293227053751,-1.42397324865617,0.414152559467632,"phase_015_subj_33"
"232",232,0.625873653951,0.520594072664199,-0.725745169686323,0.382773357410563,-0.83992308998964,0.25148282336779,"phase_015_subj_34"
"233",233,-0.956763869066383,0.129731257238251,0.224935015050687,-3.17068534091162,-0.696673732371873,-0.992262107554319,"phase_015_subj_35"
"234",234,0.142242957025373,-0.0248938450746353,-1.6701623285693,1.44118319121674,1.14999540330002,1.51416404396923,"phase_015_subj_38"
"235",235,-0.0531450783582303,-0.377066112268647,-0.134288154773011,0.00508081449304179,0.653028602294309,0.711201116752771,"phase_015_subj_39"
"236",236,-0.602561177476449,-0.487490354955191,0.0150946359892329,0.1011825117678,-0.820610294713694,0.148907505510053,"phase_015_subj_4"
"237",237,0.354542262663012,-0.112075885865027,0.881304784851287,0.555013655889459,-0.475480579894341,0.159789083737947,"phase_015_subj_40"
"238",238,-0.120757624005975,-1.06787953579563,-0.0457987103251183,0.229341734537988,0.809454023347564,-0.776616522786235,"phase_015_subj_42"
"239",239,-1.07024937562726,-0.840024707175406,0.556524643001597,-0.216811907648959,0.079307958925498,-0.861261898467909,"phase_015_subj_43"
"240",240,-0.400854998207815,0.306144915144556,-1.43745610387857,1.00025896672772,-0.393250041523597,-0.500912061620893,"phase_015_subj_47"
"241",241,-0.720395624443691,0.50316292499438,0.338010122097491,-1.07544016688267,-0.266051868607864,0.894866236341271,"phase_015_subj_48"
"242",242,-1.95829946059841,-0.0972366482410748,1.01191092064772,0.82012245843731,0.311307119920782,0.930073557778004,"phase_015_subj_49"
"243",243,0.759660476292481,-0.189807306708184,-0.0864971244677619,0.866573741847048,0.418494178199365,0.222382556025876,"phase_015_subj_5"
"244",244,1.19972724650744,-0.216486258504536,-0.569593859473874,0.447007123679027,0.0912366419280808,0.553133042500393,"phase_015_subj_6"
"245",245,-0.621059644101173,-0.373206265506481,0.0788139235290267,0.633851559620155,0.603202795092679,-0.0196073217319345,"phase_015_subj_7"
"246",246,0.112431793083139,-0.487232650712585,0.902860452480786,-2.99438633444928,0.380119491560471,0.00474973674903791,"phase_015_subj_9"
"247",247,0.57988429539181,0.599831418087275,-1.17889505327561,-0.775942615165478,0.579080381770618,0.737957964581983,"phase_016_subj_1"
"248",248,1.63960211170128,-0.372573217374559,0.0551705579154604,-0.186096118924835,-0.161435367951818,-0.179206656109234,"phase_016_subj_10"
"249",249,0.942849666955443,-0.805417319120013,0.362707168517435,0.968801600808898,1.19962919425881,-0.398174443443905,"phase_016_subj_11"
"250",250,0.135308083788835,-0.197668047305509,0.241090969786714,0.911231489942789,-0.315525021449195,0.647636320198878,"phase_016_subj_13"
"251",251,0.996747748000805,-0.0238427551143683,-1.19449245125669,0.48949597834803,0.165491169639675,-0.959218914974031,"phase_016_subj_16"
"252",252,-0.165660126683549,-1.21495687052006,-1.30522889904888,0.504143211572114,1.2043395261857,-0.66968062354538,"phase_016_subj_2"
"253",253,-0.0324102598032172,0.30997237889132,0.0755172579437838,0.406880297979387,-0.0407193214472184,-2.14649147101924,"phase_016_subj_20"
"254",254,-0.190077357497934,0.0405877216978315,0.553096808004348,0.613830420277387,-1.04426441694741,-0.932874939448572,"phase_016_subj_24"
"255",255,-0.65321718701758,0.218399518940255,-1.78736950362527,-2.91423602390805,-0.612090376200771,-0.797433173651339,"phase_016_subj_25"
"256",256,0.833763058233169,0.254065496184184,-1.74799236360706,-0.337716179969917,-0.594170149246484,0.132576837244788,"phase_016_subj_29"
"257",257,0.939430125792952,0.366795923078204,1.38022727195509,-0.975237581049835,-0.0940607625337668,0.420110361699378,"phase_016_subj_30"
"258",258,0.785664480974098,-0.0370468283661666,-0.306372930707086,0.995802227585316,0.037960024005058,-1.86365501623871,"phase_016_subj_31"
"259",259,0.677701059223527,0.154232053169697,-1.14330898685109,0.360205104328868,-1.81890550389649,-0.246686525734062,"phase_016_subj_32"
"260",260,-1.02663268596122,-0.184105224212947,-0.284954613333182,0.492414179393745,-0.147986796426917,0.800311266513829,"phase_016_subj_33"
"261",261,0.162003763264002,0.346425152830613,-0.219031250082347,-0.501319604313933,0.822474070086366,0.394465010451595,"phase_016_subj_34"
"262",262,-0.272784333076883,-0.551472916037063,0.679515471367958,-2.46154567656791,2.90051860364558,1.25188681305242,"phase_016_subj_35"
"263",263,0.660208648508924,0.26324265459446,-0.522140018838169,1.3007750459719,0.433668586054299,-0.590167067767885,"phase_016_subj_36"
"264",264,-1.54941738230278,0.196345863888385,-0.974210162491912,0.991207379149958,0.508288410830807,1.30522543530381,"phase_016_subj_38"
"265",265,-0.537100599389261,0.325469612609082,-1.3957026992495,0.465216614868164,-1.5128473258994,-0.209875710471095,"phase_016_subj_4"
"266",266,1.90943603647586,0.302458306295688,0.98100091472485,0.680272658577756,1.19683620145314,0.481421659082298,"phase_016_subj_40"
"267",267,1.7961490032639,0.316315545565522,0.224466638771179,0.167076100281022,-0.742805088312597,0.223135325626833,"phase_016_subj_43"
"268",268,0.63138484048819,-0.594445777392001,-0.965808168985266,-2.02974457011111,2.91858145890304,0.544280538349655,"phase_016_subj_44"
"269",269,1.88837241977017,-0.082163149779649,-0.0997820859026709,0.610148525660424,-0.294293880500776,0.30327467065211,"phase_016_subj_45"
"270",270,0.0136361697059353,0.0500975771868082,0.834640076494661,0.596624948533753,-0.241831722081762,-3.08291399950645,"phase_016_subj_48"
"271",271,0.661641005665882,-0.0216150167521499,0.258975148166455,-0.319185867006361,-0.335033473265803,0.698142385097386,"phase_016_subj_49"
"272",272,-0.0866794452133954,-0.0465797294283603,-0.292633287652656,0.325921505096624,0.370455111161539,0.00785262717131969,"phase_016_subj_5"
"273",273,0.0368370630502084,0.113559565583216,0.823093932104262,0.888351757855326,0.743599543279581,-1.16425431521009,"phase_016_subj_50"
"274",274,0.659652688401712,-0.610947687153931,1.69530318514136,-0.381919332450228,0.773850561186522,-0.262605689183876,"phase_016_subj_51"
"275",275,-0.196067672478388,-0.0325198609538923,-1.59697988614709,0.846060161444785,-0.196452569199784,-0.627960329563929,"phase_016_subj_52"
"276",276,0.118494572822205,-0.713613187063872,-2.55889812362147,-2.77765114197416,-0.594973556519568,-1.39909627474104,"phase_016_subj_53"
"277",277,1.6777315650678,0.290288267599894,-0.584647489369797,-0.930696563445861,0.883467512566714,-1.03994106853052,"phase_016_subj_54"
"278",278,1.29811789976328,-0.46700832101287,0.740473872114845,0.720909345081097,1.91856057890829,-0.118512777407928,"phase_016_subj_55"
"279",279,0.0833021746967293,-0.338858662057951,-1.64656327438638,-1.9152212927492,0.507779564590453,1.73891240586353,"phase_016_subj_56"
"280",280,0.972268707868836,-0.24107248630935,0.116719120471801,-0.164628113876096,0.635440486741079,1.02619049521239,"phase_016_subj_58"
"281",281,1.49074666598682,0.262264187592997,-3.30026463836802,1.04185033432098,0.443249757690715,-0.569603636763603,"phase_016_subj_59"
"282",282,0.937672887093277,-0.642073555726481,-1.27988063697018,0.711638402008385,1.74921351722669,0.0710549113302552,"phase_016_subj_6"
"283",283,0.284245165700538,0.200073088556805,0.558098693070539,0.861766604223895,-0.307068311472908,0.307702755282244,"phase_016_subj_60"
"284",284,0.522401277223181,0.329661486092758,-0.541276140330428,-0.224546121488413,-0.521988248066667,0.750236466107246,"phase_016_subj_66"
"285",285,0.818980012419395,-0.19627534092259,0.833756661910531,0.718737036940162,0.926692427890531,0.567571990335385,"phase_016_subj_68"
"286",286,0.0806367598786706,0.443914479899461,-0.329573749803322,0.162152140907117,-0.369267321068196,0.287198643914279,"phase_016_subj_69"
"287",287,0.160174390880261,-0.155047074528247,-0.246789906746899,0.330394937559073,1.56742715782395,1.31211069953286,"phase_016_subj_71"
"288",288,-1.29718512189356,-0.695592069489995,-1.67864239731751,1.33416013805077,-0.328301406311698,0.699047488578521,"phase_016_subj_73"
"289",289,0.190120832467425,0.197291607444101,1.14563485125253,0.668417686752084,-0.00378530311668469,-0.642258653182505,"phase_016_subj_74"
"290",290,-1.95449330984446,-0.493947485313053,-0.818657413215323,0.438812981731871,-0.0770309687521797,0.500105102501559,"phase_016_subj_79"
"291",291,-0.799473179176136,-0.0958157684185403,-0.590377999072283,1.15574921193461,-0.65929162210963,-0.722015420653605,"phase_016_subj_8"
"292",292,0.13754817074018,-0.455504344538128,-2.94243352088212,-0.879874747393123,-0.143711056000987,0.713470824797481,"phase_016_subj_81"
"293",293,0.373057845716276,0.0468629600234398,-0.350925932510983,0.0152853852687229,-1.15383309085439,0.776385712426709,"phase_016_subj_82"
"294",294,0.941050950482329,0.104907198947463,1.14802075521928,0.0178466392785157,-1.62843494141219,1.40193398774326,"phase_016_subj_84"
"295",295,0.337005953342941,-0.590068491013859,1.89348668278497,-0.591739700532339,-1.02146819878978,0.442103841729926,"phase_016_subj_85"
"296",296,0.0574305006515749,0.531137822611157,0.306395520434206,0.0374078357986308,-0.839830018710671,1.96383647977661,"phase_016_subj_86"
"297",297,1.30844639572073,0.0828005414810895,-0.776948410145701,0.0810446864199759,0.0214701049105195,-1.15238615079216,"phase_016_subj_9"
"298",298,-0.675937813795338,-0.116038991868764,0.049290788263323,0.923666025436173,0.571871780638067,-1.87718667994977,"phase_017_subj_1"
"299",299,-0.501837237528601,-0.0236789994158767,0.721915330174425,0.272763019714064,0.515649353935292,-0.368981772144663,"phase_017_subj_10"
"300",300,1.17701326085617,-0.216343093894074,-0.737190812337412,0.758835614712438,0.51808868010931,-0.0125100610346934,"phase_017_subj_100"
"301",301,-1.30504429762321,0.242376999494051,-0.908401760805615,-1.99126786605294,-2.14546852564432,0.319526087021964,"phase_017_subj_101"
"302",302,-0.966266986400857,0.0929196999859735,-0.58155019547806,0.341467933611635,-0.227093257762766,0.149614660469894,"phase_017_subj_102"
"303",303,1.01349466669046,-0.140620664803418,-0.19433937571309,0.582672345873468,-0.0988413688658652,-0.960210671420741,"phase_017_subj_103"
"304",304,1.36488957279922,-0.216763427659224,-2.57963648051413,-0.919792175025336,0.471110932821481,-1.40500121951356,"phase_017_subj_104"
"305",305,-0.953349461436643,-0.221146217299499,0.296205843473615,-1.18205001043356,0.663609755311164,-1.31765875947781,"phase_017_subj_106"
"306",306,-0.472230420720817,0.407717939228352,0.492266556907089,-0.0122911042175601,0.76466682359919,0.0852355214108803,"phase_017_subj_108"
"307",307,0.00712926944111123,-0.833366179899866,0.80532638392,-1.55411586170116,-0.420928295546606,1.36027509634415,"phase_017_subj_111"
"308",308,0.898664971571508,0.394131765064805,0.0620522643995157,-0.0951939251311805,-3.46627348111648,-0.692201723848366,"phase_017_subj_113"
"309",309,-1.13080873184419,-0.00688917175057347,0.42592596558109,-1.05418012967448,-0.460156649813208,0.705720556026527,"phase_017_subj_114"
"310",310,1.67627709308963,-0.135020384402861,-0.481616697624351,-1.1287066059427,-1.13743534758639,-0.214720410979107,"phase_017_subj_115"
"311",311,-0.427891336694214,-0.0722372543654571,2.95026590571863,-0.0500428528655152,2.06261128893023,-0.703808968515044,"phase_017_subj_117"
"312",312,-0.85891738647709,-0.317028922251195,-1.16240602100701,-0.74968755340651,0.532223971525568,-0.747194712594979,"phase_017_subj_120"
"313",313,0.227290990768935,0.0919395280215703,2.47089880121564,-0.102016357676089,-1.53053568282918,-0.597965201480304,"phase_017_subj_122"
"314",314,0.272964052084749,-0.287885543770246,-0.09435508719192,0.603695215813927,0.0784590493751552,-0.706500663346716,"phase_017_subj_123"
"315",315,0.777462920934998,-0.134748616962794,0.829660104480067,0.276310536813782,0.636878676472433,0.940208249791583,"phase_017_subj_124"
"316",316,-1.42536518434905,-0.184311885471686,-0.228455862888512,-2.08351269625473,0.223371771235156,-0.766740519464323,"phase_017_subj_125"
"317",317,-0.230808837294984,-0.127314612860466,-1.04750506863315,-1.69918808418303,-0.155595957013125,-1.66702093785356,"phase_017_subj_127"
"318",318,-1.22432834431877,0.11742310973697,-0.870341028216538,0.88860222133599,0.312437755265493,-1.01678486174865,"phase_017_subj_128"
"319",319,2.00439119735924,0.631095835502718,-0.686678457292323,-2.48485027957998,-0.657143659410927,0.377854805976879,"phase_017_subj_130"
"320",320,0.549326107339401,0.251993536633137,1.50424392394948,0.846910783344973,0.828916692795082,0.974157615590179,"phase_017_subj_132"
"321",321,0.102622101330779,-0.211515309767854,0.382259820575704,1.26866230964587,1.52212900855932,0.16414636543389,"phase_017_subj_133"
"322",322,-0.432935077345764,0.0236646447137569,0.632333385018201,0.794216837937606,0.396715722221906,1.90890161714095,"phase_017_subj_134"
"323",323,-0.754612010472299,-0.0634135812960565,-1.18587262525955,1.06704469835184,0.145248912702966,0.237550836757122,"phase_017_subj_135"
"324",324,-0.629471245087203,0.091333887095846,0.855531263825182,0.188832644013805,0.985143882537456,0.357223497791141,"phase_017_subj_136"
"325",325,0.735818719813766,-0.14309449476449,0.0989293845843048,-0.0265112262761317,-1.32163222694447,-0.610257584837104,"phase_017_subj_14"
"326",326,1.79872192732417,0.00161908406156077,-0.155254444690438,0.335177448661957,-1.75018967417026,-2.12796832520329,"phase_017_subj_141"
"327",327,0.0993386323767375,-0.24314246687085,1.20645512237307,0.621137303135625,-0.668648248478052,-1.14222069795575,"phase_017_subj_142"
"328",328,-0.722047508110081,0.271772570059787,0.406363555030402,0.118065919643513,-1.54151575475494,0.597307446156928,"phase_017_subj_144"
"329",329,-0.589875631054806,0.0799483624162076,0.4229169019812,-0.900776966429605,1.59299321279866,-0.0786562504730368,"phase_017_subj_145"
"330",330,-0.442831600230548,-0.341245449037088,-0.524718383120456,1.2502729193824,0.35655937544781,0.490032480601596,"phase_017_subj_149"
"331",331,0.13134159341132,0.240340181880519,-0.151302357949182,0.126675182979571,1.36187359077515,-1.80776584665177,"phase_017_subj_152"
"332",332,0.0578125689664798,-0.0982461599076565,2.01576286109595,-0.429477768132851,0.669711133706724,1.42818942584087,"phase_017_subj_153"
"333",333,0.278374768313842,-0.257467342775045,1.13919964723371,-0.857417202090916,-0.602360813979775,-0.577113310124395,"phase_017_subj_154"
"334",334,-0.284200469092306,0.552173394542143,-0.31076018608213,-0.689169553307146,1.0267458524867,-0.254817291278884,"phase_017_subj_156"
"335",335,1.55132949507497,-0.131598213975954,-1.91624554274839,0.652540737722532,-0.84379458689347,-1.04643896505999,"phase_017_subj_157"
"336",336,2.35970484007926,-0.077258040119424,-2.02740083854859,0.496286429612026,0.948734083985398,1.07360025908603,"phase_017_subj_158"
"337",337,2.23834635542608,0.128980708674693,-0.0806637279686771,-0.0529780203369033,-0.593062243604739,-1.97334623559887,"phase_017_subj_159"
"338",338,0.362788953579533,-0.220500668804942,-0.872980025238356,0.946355161740881,0.0869426306363895,-0.195627848369688,"phase_017_subj_16"
"339",339,-0.0550923025261126,-0.132756063982543,0.921166045697518,0.439929275379003,0.331812127393153,0.029804297367249,"phase_017_subj_160"
"340",340,-1.12828160300426,-0.708345866704009,-0.329104574126493,-2.06883865888354,0.724446677476424,-2.48918811177569,"phase_017_subj_161"
"341",341,-0.452911776226924,0.275825222486447,-1.57055301464146,-0.118462282270604,-0.908415266833631,1.15982368853467,"phase_017_subj_163"
"342",342,0.617247465658329,0.191201400960516,0.473130978632997,-3.52138914302386,-0.328589907867027,1.74995372569174,"phase_017_subj_167"
"343",343,0.511637036876148,-0.106903160870747,0.539239326493751,0.670604723294347,-0.963298599650539,1.11565579227267,"phase_017_subj_168"
"344",344,-1.90141266020438,-0.326062929679436,1.71929854476638,-0.624848835003502,1.11489183613327,0.726846141204368,"phase_017_subj_19"
"345",345,-0.936727886197953,0.314803343799809,2.81691285236369,-0.828932358712568,0.168620498520115,0.798665635385087,"phase_017_subj_2"
"346",346,-0.299973598898215,0.276760290348423,1.86623366283959,0.62845924139498,-1.01902290474605,0.000208096712941975,"phase_017_subj_21"
"347",347,0.700081508592023,0.290735092107744,1.03788922280135,0.242088941411115,-0.271913652769596,2.61915325383744,"phase_017_subj_22"
"348",348,0.545669728938188,-0.175156797020945,-0.171132364031527,-0.0583002318004963,-0.837647425446245,-1.32498961751762,"phase_017_subj_23"
"349",349,-0.764117302237658,0.244294714586333,-0.669431216128487,0.332631228387325,0.155702277843838,0.163605805416394,"phase_017_subj_24"
"350",350,0.181578477108451,-0.397225452831979,-0.608253178385896,-0.0908130751885913,-1.00718456441889,-0.43356861176487,"phase_017_subj_27"
"351",351,-0.527718918661632,0.282940449113074,0.889997205681192,-1.0365132576759,-1.03091842110749,0.799655421242985,"phase_017_subj_29"
"352",352,-0.00500296485053162,-0.0685265707946447,0.908194555831526,-3.41083844221121,1.93800112711169,1.28011383793507,"phase_017_subj_3"
"353",353,-2.76051631803789,-0.322770172359218,2.97505089156067,0.634615474854504,-1.64477842863393,-0.706633995394789,"phase_017_subj_30"
"354",354,1.06489762206263,-0.306229589891171,-0.922718541323045,-1.61366213583689,-0.79674454953979,0.475634786478987,"phase_017_subj_31"
"355",355,0.804592776186995,-0.0778252237497067,0.583544167002071,0.558045410027579,-0.682799934016549,1.81458270838741,"phase_017_subj_32"
"356",356,-0.193631185123287,-0.123419183107431,0.603328640549076,0.915974631225693,0.966416752108846,-0.202767307499932,"phase_017_subj_33"
"357",357,-0.588717928869116,-0.0793621282817996,-0.608110403042712,0.535042102038714,-0.651308270397328,-0.321819486134489,"phase_017_subj_34"
"358",358,-0.174051119694451,0.197135121153925,0.0243022264317515,0.709831950640736,-1.05255823818578,-0.960490377948881,"phase_017_subj_36"
"359",359,0.0464367468342044,-0.695604176205257,-0.54696875625534,-0.847841126395178,-0.717919793382026,-0.650746866162055,"phase_017_subj_38"
"360",360,-0.800752067975824,-0.456437314285221,-0.588594559652595,-0.368421827266246,-1.4799419874454,-1.18448802586682,"phase_017_subj_4"
"361",361,-1.44923012779586,-0.213549212419396,-0.403369860314681,-2.5189939642961,-1.55078724299568,-2.04306844072406,"phase_017_subj_40"
"362",362,-1.47828108550511,0.387592778324946,1.43098176975863,0.616329014500315,0.0684605844472755,0.415583248424411,"phase_017_subj_41"
"363",363,0.928568636576735,-1.00273849410062,0.205643354391432,-0.193086371017112,-0.436822481999062,0.0709548257674691,"phase_017_subj_43"
"364",364,-0.342311765750019,-0.182947790551424,-1.20909551948776,-0.540288915291762,0.156862336227463,-1.20720178033473,"phase_017_subj_46"
"365",365,-1.26689575491146,-0.323450913652018,-1.14085197258471,-1.77777573201772,-0.628980894793031,1.09124487321119,"phase_017_subj_47"
"366",366,-0.00192019059797026,0.233030149925516,1.43394266424904,0.974676018517189,0.630882521443087,-0.116319425862171,"phase_017_subj_49"
"367",367,2.06060737627189,0.220403426756277,0.177906220572622,0.0737222129383474,-2.98513295612865,-0.332748917095802,"phase_017_subj_5"
"368",368,-0.881473012302779,-0.366419247785454,-2.31421183236207,0.821861238463837,-0.451218689470847,0.0509924343053397,"phase_017_subj_51"
"369",369,1.18090619543732,-0.271307744122643,0.970421205139768,0.271648511041243,-0.463819201224547,-0.248958684813941,"phase_017_subj_53"
"370",370,-0.447786823679653,0.178042109109999,-0.385130846788676,0.197161430830192,-0.349566487178817,0.540344094354688,"phase_017_subj_54"
"371",371,2.57445005484044,0.187854899014889,0.0234315252748862,0.83455262714108,-0.431972521551568,-0.0769413610036724,"phase_017_subj_56"
"372",372,-0.514307702126908,0.179496040183965,-1.04190709128142,-1.24306522144873,0.544183630202027,-0.00810652395132544,"phase_017_subj_58"
"373",373,-0.775798546531959,-0.0322885028239809,-0.22590056544844,-1.03112358398208,1.14846147409345,-4.13683088247387,"phase_017_subj_6"
"374",374,0.699213376725739,0.233105146063294,0.568444806391501,-0.165550734760325,0.500156168372867,0.698591803342964,"phase_017_subj_60"
"375",375,-0.0998420230900276,-0.857607509066608,-2.1639734896535,-1.33124883515181,2.0219713389762,0.141931902271009,"phase_017_subj_61"
"376",376,0.0390729415222849,0.255471874152764,0.980698298814864,0.33567366145588,-0.348339001955204,-0.944973144051657,"phase_017_subj_62"
"377",377,-1.13718873792113,0.226673027785332,-1.79315505813788,1.25998600841781,0.115657832703393,-1.16573336427708,"phase_017_subj_63"
"378",378,1.80167100964405,-0.47443132368308,-1.35987138304531,-0.768437090663149,-0.262437216728247,1.52131629093061,"phase_017_subj_67"
"379",379,0.0100748935265123,-0.0827506281217033,0.799503412449339,-0.0364291812042664,-0.740297280576234,-0.107969893097328,"phase_017_subj_68"
"380",380,-1.58447532050684,-0.738421218981975,-0.315052563339051,0.330464762423624,1.46616082718794,0.356083231327501,"phase_017_subj_69"
"381",381,0.124036276863141,-0.198973739365925,0.486027179447904,1.10429458665024,2.00887210019322,-0.156229130274398,"phase_017_subj_7"
"382",382,-0.0751329925805438,-0.0831772471514179,0.747852390437429,-0.207268224336162,-0.0763983936325537,-0.0584618170398556,"phase_017_subj_70"
"383",383,-1.91832751532989,-0.154591906315407,0.738842207630316,0.312035424227376,-1.49193952201684,-0.414180116640197,"phase_017_subj_71"
"384",384,-1.36593164694525,-0.0679301943634592,1.41484815768556,0.61826364786759,0.646456961771884,-0.931734071982491,"phase_017_subj_75"
"385",385,1.30486760284448,-0.188436284271345,0.600630813510889,-0.271772531955694,-0.0594733435156089,-0.0949996098256491,"phase_017_subj_77"
"386",386,0.798632782071039,-0.750607284131076,-0.531106150200079,-0.547493643576134,-1.09119093776827,0.493745807486034,"phase_017_subj_78"
"387",387,-0.324932787352363,-0.145354555547996,0.411586488442051,0.137285295762453,0.208398375275451,0.716478611590452,"phase_017_subj_79"
"388",388,1.10865965045789,-0.484316175870353,1.00265708323754,0.205954685277372,0.149510970067475,1.02702900659004,"phase_017_subj_8"
"389",389,-0.529620919517994,-0.387061684145314,-1.62029947269686,-0.86029304910522,0.0869061050061218,-0.140526762735161,"phase_017_subj_82"
"390",390,-0.535111515945442,0.166711534511478,0.218088270524208,-0.253703107754865,-1.07457442714331,2.31709017989394,"phase_017_subj_84"
"391",391,0.354501363080501,-0.182509282770457,-0.57145558067803,0.591545159858074,1.75292411710057,-2.37356990096364,"phase_017_subj_86"
"392",392,0.151733125895025,0.137212258344476,-1.15760466911926,0.388808231408002,-0.542207642385848,1.49895151357864,"phase_017_subj_87"
"393",393,0.130525566929205,-0.274785853591257,0.254981878518222,0.337781424833897,-0.672298653632657,-0.12307829902602,"phase_017_subj_89"
"394",394,-0.164946688781708,0.527458155168227,-0.945006306260286,0.489045685150874,-1.0564212567746,-0.0532568554177473,"phase_017_subj_90"
"395",395,-0.517485292086015,-0.371336187330673,-1.26287264207068,0.577578629816476,1.48874118688395,-1.32124951236792,"phase_017_subj_91"
"396",396,1.08656084888826,-0.00426906811510381,-0.120020716147314,0.582060004625569,-1.25073578530276,-0.532107943907625,"phase_017_subj_93"
"397",397,0.544645265141216,0.160889559370629,0.349146938980986,0.358661870099973,-0.138398326077724,0.136963036968979,"phase_017_subj_94"
"398",398,1.11274464546494,0.243513201121345,2.07732920411081,0.774485677528809,-0.224035964285446,-0.874385508725301,"phase_017_subj_95"
"399",399,-0.886884767727897,-0.285422983042423,-0.375615684860608,1.13017540483075,1.23317026814818,-2.57227459551698,"phase_017_subj_97"
"400",400,1.44677779570899,-0.425231610296031,0.521021347165005,-0.239446720317718,-0.197983539386849,2.06348541132729,"phase_017_subj_99"
"401",401,-0.764639990349606,-0.213735514222968,-1.74193269342831,1.20390931813602,0.787190957283822,0.0130704168501298,"phase_018_subj_101"
"402",402,0.571572578856532,-0.109175562626772,0.437067349077831,-0.158865834715891,-1.90420145162944,1.88522298206679,"phase_018_subj_103"
"403",403,0.952580831254704,-0.0764163843248154,0.281186509183961,0.306168184108627,-1.22095617643185,-1.72625068283262,"phase_018_subj_104"
"404",404,-0.201591992701869,0.176264287828307,-0.0703734602152778,0.246676527076807,-2.40786346900482,0.999553631068996,"phase_018_subj_11"
"405",405,1.00905905703671,0.0334217164368646,0.292318037297795,0.454692185945847,0.44304653634968,0.73928555373802,"phase_018_subj_13"
"406",406,-1.60843546032109,0.253385482853875,-0.815441304317294,0.680545489154859,-1.18524514633061,0.419355256338348,"phase_018_subj_15"
"407",407,0.611817218259478,-0.494946021864218,0.792116098179784,0.312021350017144,-0.535235678649388,-0.131271173561269,"phase_018_subj_16"
"408",408,-0.935089372959704,0.211497697658379,0.421018515422041,0.335659412793598,-2.64523051545918,-0.115653761306326,"phase_018_subj_17"
"409",409,0.0419539446344003,-0.0340160247147685,1.1708391142303,0.894082049933237,1.88398167894404,1.15993938367969,"phase_018_subj_21"
"410",410,-0.293684267477454,-0.148764471404413,-0.564812573503996,0.749645657756023,-0.422686522243778,0.339910824506766,"phase_018_subj_26"
"411",411,-0.624396186433882,-0.231152485962509,-0.0832422355399246,0.889354024606667,0.76050922236198,0.905878199273808,"phase_018_subj_28"
"412",412,1.05377306036092,-0.351328358915572,0.201425878593156,0.822703923850654,0.541703992372598,0.0484193492582616,"phase_018_subj_3"
"413",413,0.200511592581752,-0.234016915424377,0.0872455010704968,0.546412544787213,0.806480882009756,0.745904664728938,"phase_018_subj_33"
"414",414,-0.631645252918973,-0.508750701167059,-1.53970755490108,-0.195629547121535,0.0804594266181374,-1.46297698105632,"phase_018_subj_34"
"415",415,0.57065316663388,-0.222554952134487,-1.79489414605649,-1.65028215023756,-2.05992252086379,-2.64999384147952,"phase_018_subj_36"
"416",416,1.11771720045093,-0.0849595169765675,0.686708907814362,0.846117492232974,-0.758740167947847,-1.0418545795323,"phase_018_subj_38"
"417",417,0.274492165616272,-0.268659025305768,0.887893080940897,0.0547467865183663,1.14366186729996,0.100343104158172,"phase_018_subj_4"
"418",418,0.0303923357143172,-0.37866850423756,1.0299391236353,0.591419033423849,-1.51276296398716,-1.66826067224443,"phase_018_subj_41"
"419",419,0.262337773432439,0.385299997299301,-0.395145733825275,0.219181932111132,-2.62016236982033,-1.43700108868296,"phase_018_subj_42"
"420",420,0.806277944521298,-0.0395501113143621,-0.800972744226276,1.05344860919836,-1.1076713036151,-0.729421204292134,"phase_018_subj_43"
"421",421,0.912838150278923,0.0325730112815278,1.45707533164089,0.590871357332868,-0.766391508392676,0.484157007173635,"phase_018_subj_44"
"422",422,-0.403651132377309,-0.106427734177716,0.405551239554634,0.0801128230715991,-0.704165210369013,-0.00672457706796351,"phase_018_subj_46"
"423",423,-1.11144079245356,-0.749817927170054,-0.368329999838747,0.339629266656326,0.663337443221323,1.53433408501328,"phase_018_subj_47"
"424",424,-1.54412025518559,0.487201677897462,0.440383027863279,-0.061648185971254,-1.47281388688372,-0.197712950559718,"phase_018_subj_48"
"425",425,-0.0825824874510594,-0.134476752161086,-0.054007549121282,1.08768825945588,2.94711547023221,0.526588604939662,"phase_018_subj_5"
"426",426,-1.63093702839684,0.0327809893950484,-0.653307619957235,0.842390431190575,0.6086113005511,0.22408536430321,"phase_018_subj_50"
"427",427,1.53012333717404,-0.278685173216527,-0.849970740274461,1.57598966133482,2.89279413112874,-1.52621933445865,"phase_018_subj_51"
"428",428,-0.20237306641896,0.0917073912993455,-0.767730793181506,-1.00081549282147,1.28113191756737,-0.160606426175441,"phase_018_subj_53"
"429",429,0.541705945342441,-0.912509645809731,1.56336987882383,-1.77251178850738,0.182348184150585,0.966376691949474,"phase_018_subj_54"
"430",430,0.0223963149788133,-0.143824898586388,1.08712085978253,-0.127666186388917,-1.21382256718701,-0.54242791574081,"phase_018_subj_55"
"431",431,1.78737970070895,-0.388644954591508,-0.697205632011367,-0.990264683067232,0.409842385966125,1.40467764430626,"phase_018_subj_56"
"432",432,0.772587384128353,-0.151277452845957,0.127327405154654,0.544027000754794,-0.630687815139183,0.613463063452335,"phase_018_subj_57"
"433",433,0.656397209929951,-0.175744340566056,-1.09872925947212,-0.664404164900255,-0.0892436748941975,1.29478925422923,"phase_018_subj_59"
"434",434,-1.70545334670239,-0.132207200302156,0.790388354514364,-0.483764665263809,1.00839689387912,0.100506011133051,"phase_018_subj_6"
"435",435,0.199560568194215,-0.367553501128174,-0.986464652960933,-1.12505389119769,-0.879670625591419,-0.762211090772417,"phase_018_subj_60"
"436",436,0.300048810219882,0.199212554362773,2.49853449607479,-1.11310245217638,0.272487229418179,-1.41131734635932,"phase_018_subj_61"
"437",437,-1.49859045970208,-0.242050506808194,-1.19509198777067,-2.2810633284306,0.213366545184918,-0.256195091837678,"phase_018_subj_62"
"438",438,0.251507879540366,0.0951356998980259,-1.19888776706796,0.974185049719904,-0.229369523244192,-0.543834962627283,"phase_018_subj_65"
"439",439,-0.5451525385425,-0.224006119109484,0.475710172670663,0.782617910702598,0.954146632333153,0.850288057451561,"phase_018_subj_69"
"440",440,0.0430529176695581,-0.243640627971623,0.955928329790823,0.450438653742647,0.213723278400413,-0.532063050102222,"phase_018_subj_70"
"441",441,-1.14071856134873,0.339517396591722,-0.437869247299823,-0.584653698953218,0.889360639667274,-0.326990075468067,"phase_018_subj_71"
"442",442,-0.781903336440056,0.313352425346377,0.895470847215451,0.111895348523441,-0.0230041999362765,0.198933537296621,"phase_018_subj_72"
"443",443,-0.249550443790219,-0.29030718462497,-0.30936511727531,-1.35246424128968,0.642392196054902,-1.52108670509124,"phase_018_subj_73"
"444",444,-1.33224076261625,-0.158258961361728,-0.434567171829761,-0.144016919924459,-0.911313750721625,1.18802270576975,"phase_018_subj_74"
"445",445,-1.92448738425653,0.0608056407351331,-1.0041344436179,0.53021072270536,-0.300943819060511,1.38978641327734,"phase_018_subj_75"
"446",446,0.331865172805413,0.0623852744555258,0.807960980584584,0.126601947633246,0.20678779552838,-0.0190459185755094,"phase_018_subj_76"
"447",447,0.028429535912393,0.139968129014843,1.17215948716384,0.521830311453044,-0.578885373508495,-0.37629867437529,"phase_018_subj_77"
"448",448,0.151930902257388,-0.260147095631541,-0.631193475744936,0.481321897448355,0.147168351710211,-1.0432247912526,"phase_018_subj_78"
"449",449,-0.673099536900158,-0.44739638998224,-1.62291694600573,-1.52002605575344,1.19248349836611,0.60472403280681,"phase_018_subj_79"
"450",450,-1.43186566347066,0.331107465860672,0.25344521638937,-0.207887079247334,-1.53493218675697,-0.730882969146155,"phase_018_subj_8"
"451",451,-0.458339691710866,-0.400007271354976,-0.396033300190887,-3.42647750139061,-0.9218871227709,-1.16637260295839,"phase_018_subj_80"
"452",452,0.21975790467365,0.31746710575667,0.197868776602408,0.789877484424713,-0.13912790530856,-0.771054787855708,"phase_018_subj_81"
"453",453,0.767168904224677,-0.0129847576272445,1.23228923317179,0.403752894628217,1.50467625160588,1.39140375637521,"phase_018_subj_82"
"454",454,1.12886046288342,0.797543285218389,-0.341756502823135,-1.12243626170117,0.408405747914521,-1.10176825400796,"phase_018_subj_86"
"455",455,-0.186288811795426,-0.0327333194378583,-1.61041445943052,-1.08533229626682,0.325996203652001,-0.577553972297976,"phase_018_subj_87"
"456",456,-0.402395642634901,-0.255417066106908,1.78730020436338,0.147252156157932,0.610170822358152,-0.252562024339581,"phase_018_subj_88"
"457",457,2.91300027471731,-0.707986761795951,-2.91944695336536,0.846286219599768,-0.151457203726116,-0.674590234713907,"phase_018_subj_89"
"458",458,-0.52746883848326,0.219092940039908,-0.846748895672459,0.638455328821415,0.409123730610407,0.822753953563665,"phase_018_subj_9"
"459",459,1.49639127394851,0.138410859776624,0.363844469458847,0.123365273363135,-0.891053682336659,0.535117074375943,"phase_018_subj_97"
"460",460,0.311364546871932,0.254091598628847,-0.420961969205003,-2.99805551954482,0.545363789505146,-0.625387400503817,"phase_018_subj_98"
"461",461,-0.279163145124718,-0.442036731577567,2.23016726550158,0.253960173694809,0.234597267207116,-0.159626452830089,"phase_019_subj_10"
"462",462,0.0322559126125371,-0.00372065583089533,0.558730753786066,0.485693382330723,-0.454236065858431,1.12554454800229,"phase_019_subj_12"
"463",463,-0.209391963386725,-0.394422346705437,1.06817301582748,0.0515251742291771,0.348017378963627,-1.79667221310122,"phase_019_subj_13"
"464",464,-1.32299242817911,0.213243700391237,-0.418648831016222,0.458958330067016,-0.230755331932464,0.874705687914837,"phase_019_subj_14"
"465",465,-0.685472472062213,-0.178997822237631,0.712883503961514,0.316421846113259,0.261518161992178,-0.36398997192335,"phase_019_subj_15"
"466",466,-2.11176110780402,0.166590287965303,-0.293956113022882,0.387992292342042,-0.691066828776507,1.33850943254565,"phase_019_subj_16"
"467",467,1.17650044318368,-0.0907048444701422,1.40888414344221,-0.72814189458883,-0.57952038372292,-0.138475904453454,"phase_019_subj_18"
"468",468,-1.06051275632667,-0.35756254616187,0.792928851512394,0.0486754934879704,0.293161990419494,-1.15573687887213,"phase_019_subj_19"
"469",469,1.18339186767552,0.0775957205186113,-0.25071175474498,-1.69288522428299,-0.206733455695692,-0.987824862105385,"phase_019_subj_2"
"470",470,-0.614675320763488,0.567366822238062,-0.798718004128707,-2.55398361872665,0.177628851873888,0.382868318707734,"phase_019_subj_20"
"471",471,-1.57648043515065,0.0755123354029406,0.569604990199425,-0.282102171651133,0.0335459330992888,-0.351934386939275,"phase_019_subj_21"
"472",472,-1.07632152271281,-0.024984449771504,1.35864604879458,0.629680080670475,-0.144733381220116,-0.125307905757719,"phase_019_subj_22"
"473",473,-1.56262792100845,-0.249291580726623,-0.946282850051368,0.95885606738925,1.00795441521891,0.118362318194609,"phase_019_subj_23"
"474",474,0.57809115141574,-0.0490460053215404,-0.898500951874837,0.457423080467841,-0.806725502004038,-0.039915173660303,"phase_019_subj_25"
"475",475,1.36929618613775,-0.235067119561629,-0.00155365462637948,-0.396766049422416,0.0497667992707995,1.88255155973124,"phase_019_subj_26"
"476",476,0.869245008107307,0.110652287448106,-0.237317501100359,0.356147633318853,-0.681366892560088,-0.108005470679962,"phase_019_subj_27"
"477",477,-1.47868359027936,0.309961755930194,-0.524977804760698,1.15040837469869,0.475509338225738,1.83259825405809,"phase_019_subj_30"
"478",478,0.939485830087269,0.0413085060151778,-0.913995315671408,0.0391201417675662,-0.800938398433345,0.957181364713685,"phase_019_subj_31"
"479",479,0.534298851198299,-0.0324947758332069,-0.467942708381026,0.942677833727783,-0.783013019013541,0.517229882338816,"phase_019_subj_33"
"480",480,-1.23746900031504,0.796560013609132,-0.864158575107202,0.354023851357435,0.457422984123581,1.42100353821086,"phase_019_subj_34"
"481",481,0.917522957990476,0.335356023573413,1.36844866363433,1.20822029657105,0.375104254663149,-2.83464109698938,"phase_019_subj_35"
"482",482,-1.20835633360859,-0.0824812171042618,0.380084491538456,-2.86272877112789,-0.882684729688047,0.936043589280401,"phase_019_subj_39"
"483",483,-0.38463624743747,0.0663987534025794,0.678957854758755,-0.0820195094302588,-0.730245305705576,0.568735614663528,"phase_019_subj_4"
"484",484,-1.10738094326745,-0.103775403979979,-0.897675067964581,0.0866352366628884,-0.650840194705079,-0.685856427372651,"phase_019_subj_40"
"485",485,0.41944305818091,0.366665157720759,-0.645960870609899,0.593643234645465,-0.914021665390205,0.789597840984259,"phase_019_subj_41"
"486",486,-0.568053043966445,0.201921613781849,-0.153498503322995,0.447260752732272,0.256286927698498,1.22083702266278,"phase_019_subj_42"
"487",487,-2.20526102038074,0.424545992389202,2.46702012172702,0.486666375670248,-0.369070199261065,-0.0453450653365722,"phase_019_subj_43"
"488",488,0.912619509483381,-0.64019626546259,-0.391870905944718,0.396235681675685,0.710189017105109,0.0147029486015,"phase_019_subj_45"
"489",489,-0.169337342848642,-0.000527605762589229,-1.0142771203209,0.500696601800845,0.228185773496616,1.93907044275169,"phase_019_subj_46"
"490",490,-0.196376437514712,0.655025986792065,0.723600107950039,-0.723181807758263,-1.38131834184983,-0.400213974458305,"phase_019_subj_47"
"491",491,1.17006764943083,-0.27470019248534,2.15982960024781,0.333706005650129,1.54287120406793,0.85511590797637,"phase_019_subj_48"
"492",492,-0.305491806976553,-0.130220014991403,1.38340847810841,-3.34215952223789,1.14476388045463,1.03962451469758,"phase_019_subj_49"
"493",493,0.652730149429379,-0.29906914059741,-0.865107917639492,0.956450649879735,-0.254818648462343,2.10673651963281,"phase_019_subj_53"
"494",494,0.712186573703759,0.333789262623198,0.524855966893295,0.881092769255847,-0.428478123387464,-0.200322552032563,"phase_019_subj_54"
"495",495,-0.776395529639057,-0.0820947483127392,0.0314070957221154,1.0073580838907,0.983916840271814,0.104744963440088,"phase_019_subj_6"
"496",496,0.721449659234867,0.214412062457983,1.12964398400473,0.472930770899014,-0.0846564586781778,0.396531999011516,"phase_019_subj_8"
"497",497,1.19369161724033,-0.527895839547601,1.47821455346195,-1.58642950404958,1.16483757396898,-0.0600717364819173,"phase_019_subj_9"
"498",498,0.766606183753655,-0.0251111507039002,-0.0822393254140763,0.169223292416333,-0.805356898785945,0.970991493000887,"phase_020_subj_1"
"499",499,-0.552414599043247,1.02610429561748,1.72512082757666,-1.2263899870497,-0.323074739969258,-0.78258683131783,"phase_020_subj_2"
"500",500,0.112281673713098,-0.192796285601624,0.24965394524077,-0.336359569647344,3.03250935919996,1.79217838596015,"phase_020_subj_3"
"501",501,-0.389127033812655,0.112352377078523,-0.0739437282242123,-1.27671029683197,2.32670959241335,-0.258453247822385,"phase_020_subj_4"
"502",502,1.68622148970021,-0.356549947062997,-0.839530276723206,0.223709144025687,0.985167225622422,-0.800912346055824,"phase_020_subj_5"
"503",503,0.510064624578935,-0.5623528895686,2.53495905660207,-2.9957022296969,1.62761658100621,-0.210712267623976,"phase_020_subj_6"
