"","PA1","PA7","PA6","PA3","PA9","PA4","PA5","PA8","PA2"
"1",0.0708478109033486,0.0989068178513154,0.169162232865373,-0.139208864946432,-0.226392167787498,-0.631460394535484,0.269032012182568,0.386663679281082,0.703953722063683
"2",0.547698537973721,0.541801918145546,0.498502351748506,0.513238421377541,0.695447476281978,0.171480685402092,2.21882312543986,0.456687207927732,0.804212488705928
"3",0.978244089114867,1.16146145908506,0.905936859775668,0.883373158067154,0.742406517359128,-1.78743169522593,-0.260167089405932,1.74623941433519,0.447613369719207
"4",0.729471904706232,1.44850953298878,1.34217374090398,1.01259227822023,0.570597219024607,-0.703761959886992,-0.238792464454178,0.0725854940209724,1.06475673141771
"5",-1.73560823745072,-1.14031648799522,-1.46284148908795,-0.982895401756775,0.7853481259454,0.508737586800701,-1.11625620851323,-1.28531505373167,-2.01599541272379
"6",1.41523637720698,2.54347307700602,1.26144779673233,1.55238608541922,1.38355427244771,1.47216230211961,1.69740357617478,0.871308121406531,-0.101382108961329
"7",1.41768889791512,2.59043746150319,1.21362295888478,1.60057977728693,1.3160808597616,1.5167550156484,1.55211889185462,0.807459058313868,0.0367579418486591
"8",-0.782315213259449,-0.364547877122052,0.385200444129751,1.17411839798709,0.502511203593163,1.06048241128038,-0.926746557497574,-2.29214176813644,-0.0494320652286734
"9",0.34780986976401,-1.10236864329631,-0.516287729784254,1.00871788514886,1.1089837998192,0.17872756894056,0.932298569831998,1.4288063597092,1.0655153847884
"10",1.41094283787151,2.5341113836717,1.20500183797968,1.54832945258137,1.32722300209881,1.33149024097964,1.49347983145783,1.05466801914095,-0.23676706646406
"11",0.599775969885682,-1.84395501146306,0.294121499965263,1.14727662084236,0.584996481169625,0.656394365409258,0.0548387796775604,1.31603917341182,0.185993087571541
"12",-0.247432344576119,-0.914313819566873,0.931037873346835,-0.835862307369019,0.127736740423525,-1.63437815324485,2.34349644360355,-0.0197874283770235,0.780808208834862
"13",-0.529842126112517,-0.0899656558379689,1.06708497910293,1.64184536645852,0.324220989920951,1.21701180823048,-1.05553861389307,-2.57323553147489,0.900110084569728
"14",1.4809307854541,2.56985250774853,1.10147535145344,1.49459121251422,1.37870915550246,1.25720011262439,1.5122417220269,1.15621809475959,-0.137209016740764
"15",0.589458916441473,1.18941974004128,1.41087431797852,0.82313710814992,0.223950253873166,-0.469614090853182,-0.285722201318434,0.175045937583248,1.03456380661575
"16",0.474853131822191,1.0310240889684,-0.115125598342338,0.828018755150983,0.255562797596715,-0.480163856170347,-0.473042628803332,0.955210137176978,-1.10684419901322
"17",0.96568415174458,1.23350646699654,1.12458848824027,0.811355654804423,0.83882917332016,-1.23231950020907,-0.40262033204683,0.137292188636775,0.64871339318955
"18",-0.468176052323102,-0.244914293055225,1.27029261307318,2.10898650926791,0.355457968164267,2.04419158970218,-1.03547452747654,-2.97993493898412,0.684101801732451
"19",-0.966088285201463,-0.619289039323909,-1.19517108652883,-1.25197269918837,-0.442341026637694,-1.02393907394137,0.243373623050003,-0.0630858069273042,0.508313650621994
"20",-0.637042827695172,-0.310844613727278,1.42209228558953,2.55644801227657,-0.0848947074238932,2.23399861192824,-1.05687315742696,-3.16647233808337,1.06524935139471
"21",0.287696333329062,-0.0394505647628272,-0.718177174493706,0.347300055450028,-0.897300832688413,-0.813208743693928,-0.748188998550708,0.616427032330516,-1.11363745238304
"22",-1.68679964898592,-0.126544700063797,0.202916245962094,-0.139198600136905,0.22194563963189,0.102378688435316,-0.79408143324924,-0.333592532692889,-0.143558865371235
"23",-0.505279045871989,-0.0671039291595533,1.42454933185964,2.35720461404608,-0.309669464543203,1.95567075647501,-0.972987999821417,-3.46595979357941,1.47033957094102
"24",0.76233405463186,-1.39471762845245,0.370215401427686,0.967129395039909,0.597178416745753,0.819643128439098,-0.114897588596944,1.47346825242594,0.103627788274548
"25",-0.0271782692729122,-0.563906235649898,-0.348383814962516,-1.03347286867018,-1.96034002881853,0.801824528408363,0.922421465352828,-0.741444473318448,-1.10482264908018
"26",0.518077961621598,0.605697195147328,0.173503701672302,0.113456028770617,0.758550820788263,0.311747190983566,-0.880777056926422,-0.452970759625524,-0.890951675081733
"27",1.48282836859598,0.9162460165501,0.467097299177586,1.12923723409363,-0.133963626367024,-0.0206503803785044,0.46430896368693,1.50808652793639,-0.126952696001406
"28",-0.149958174351191,-0.185435261709875,0.860728801920426,1.52349345154782,0.33400185655206,0.78233079434968,-0.972428529259892,-1.88347956434626,0.783447362806897
"29",-1.2332480198067,-0.133057609966262,-0.163475646104785,-0.699591560016536,-0.883509633265343,-0.0901044405231826,-0.99993854172408,-0.337547338654227,-0.0417135950245953
"30",-0.243448127805447,-0.296311929257127,1.5130367330028,1.9570259890937,0.570842040770391,1.26111454911387,-0.839293849927095,-2.58597179525176,0.831737697180112
"31",0.683495771441956,0.460229033954243,0.704787835535146,-0.599653577008918,0.70032616424897,0.415936732459834,1.81500683409689,0.835969134587253,0.347700510510395
"32",0.683983293046832,1.72475982126908,1.02587951162134,1.04073238017396,0.671086030510045,-0.333371342870543,-0.565552550161716,0.0588560933141637,0.987616272497678
"33",-0.74699931895926,-0.674987734152756,-0.436567229804046,1.11623856448457,-0.534625393037009,-1.18376379676244,0.311217237169721,-2.73314646906357,0.00646089844971377
"34",-2.23153640777545,-0.848016977259914,-1.41190655639671,-1.93465941817144,-1.50051816997622,0.604341703843298,-0.981110228738024,0.345533023510593,-1.38637000447071
"35",-1.0184546567401,-0.937456144506977,-1.23450752374532,-0.0484450741580586,-1.04621940431109,0.303357720513788,0.464879621906122,-1.19596392110624,-0.236777263769455
"36",0.804246634633582,0.355289391675774,-0.109457443451247,1.07436424883505,1.17589074321191,0.251648628611684,-0.544985635813784,-0.043787934796985,-0.75412271712837
"37",-1.39141480480742,-0.191446137836909,-1.03762897113692,-1.32880800561068,-0.253773429817979,0.723516205342932,-0.723780230711311,-0.281407214593524,0.460989352180929
"38",1.35270038132744,0.81515508770168,1.0039961182629,-0.324926038257514,0.517411464352099,0.813062975858197,1.82687839044998,0.848246152492509,0.310247333347033
"39",0.759872044227939,0.701997641724673,0.740172576608855,-0.187410847046739,0.358104407881848,-0.0483065200587824,-0.451164992704723,1.12251168103747,-1.57304405619342
"40",1.3437770101718,1.08967002487223,0.658249693780984,0.511162178287035,-0.0463795541048881,-0.17357569713362,0.294182147919916,-0.751060415106113,-0.943496713280896
"41",-2.10887605942216,-0.521660470409204,0.850907923379716,1.17391225952123,-0.0911229873031197,1.16327126218418,-0.848383320210069,0.261984439445371,0.205368596897925
"42",0.0893643429791678,0.418544021871715,-0.572476356343015,-0.00539253337445004,0.324306027818863,0.0100804547026667,1.81947893038908,0.182552987554501,0.0507273586273821
"43",0.383450772515682,-0.150205396902798,-1.57049827438327,-0.9577205205518,-0.11071511267453,0.537658497858635,-0.191033152758981,-0.456736036221333,-1.09862395502685
"44",-0.433424123246736,-0.085434723917354,-0.813888112117444,0.195319676050526,0.215020021557809,-1.16786305099763,-0.806994945117707,-0.426401703118501,-0.6169259797785
"45",-2.57527487948417,-0.819442736790326,-2.01950468440821,-0.470695280350123,-0.565488377923345,-1.82008361105952,-0.895915993374101,0.129982249507338,-0.126769416047216
"46",0.43105563898887,-1.03479479937337,-0.148153221700009,0.807279862093834,-0.38270126439874,0.584631605444805,-0.183452403771407,0.165974203420374,-1.61758524908518
"47",1.42059582715237,2.11418487229662,1.3502621027986,0.472617256876894,1.55449410009659,1.81250787979949,2.12991127659202,0.874538434875853,0.671015593378135
"48",-0.51729426997413,-0.197995063943557,0.494481196114067,-0.785287280890991,-2.00264548576756,-1.61308075971515,-0.940973851296245,-0.606957152293021,-1.0838380631684
"49",-2.63827180535891,-0.353948705485471,-1.35877588042083,-1.12896371714983,-1.68837319029868,-0.803244758388942,-0.546196330932304,-1.48207333812606,-0.278803182875678
"50",-0.335841641549886,-0.237810814825588,0.837078505585538,1.33690917763655,0.402197906555617,1.02319659453768,-0.846056972603949,-1.54671799977835,1.00019127732855
"51",-0.269732500157612,0.253422495442539,1.11856454793225,-0.414339429334718,-1.94818597952541,-0.717288063503085,1.02852583122211,-0.343428463591971,0.313679638869408
"52",0.452981245098713,-2.08793765022918,-0.6330828797502,-0.500908636761563,0.102900523263031,2.08045134594013,1.27993381630732,2.30744352107123,0.628051932279713
"53",0.563294714445413,1.89505588689373,0.986719749955372,1.04652961519759,0.393237494342852,-0.603637076166422,0.132875558908262,0.403722450968239,0.809335090864048
"54",-0.299050309215067,-1.03373525523926,-1.71297504022333,-0.265025648471389,-0.808329303695969,-0.891205576611465,-0.684676444252745,0.0979197719650495,-0.64310679097302
"55",0.714287321835033,1.57148265951484,1.02845858484775,1.13475622034593,0.599296029320431,-0.956663078147503,-0.300187151004304,-0.00276485681845696,1.02740068919135
"56",0.00228691889859302,0.172718725321605,-0.587171476722614,-0.906957078195208,0.75796275251933,0.0657214821421861,-0.800831492840375,-0.351690445098074,-1.52614229672691
"57",-0.157569733987768,-0.509089167029189,-0.24555448469972,-1.34366124698225,-1.38298139251293,-1.27636545675721,0.995183003627881,-0.913676223000496,0.867086334433349
"58",0.180155327096778,1.14410961706981,0.563327371723146,0.769487228868513,0.504798583047349,-0.445226919870945,2.60723927758567,0.484719057228106,-0.037088381962985
"59",-1.06516695032062,-0.30976611792302,-1.76238848011354,0.224476413104482,-0.00213120101879059,0.0886448934209871,-0.760355601389781,0.0889259640318243,-0.205073382024436
"60",1.32867290402158,2.32105589787119,1.41266016094485,0.85918050968707,1.62645956366829,1.78277091130407,-0.279457535079647,0.860080835897148,0.783834943265697
"61",0.820768770841195,1.40737908162945,1.21588549082654,0.970988169532751,0.563489441187037,-1.28230204006584,-0.0795761059429643,0.455503469916601,0.520456881986212
"62",1.32985364163296,2.28312328103004,1.52974346798038,0.912074451006097,1.5850364518573,2.0143456092035,-0.122263892575785,0.827196301225459,0.962879066961935
"63",1.58228440275232,1.2363923647313,0.705144169068805,0.404162833361991,1.53232280294348,0.967617943302426,2.90995608238497,0.849201645671011,1.02752801872868
"64",1.39235687619315,2.05939300395343,1.43148903191686,0.862060015379731,1.5799944639665,1.93964899649117,-0.283647253948084,1.02667442260387,0.786576462799334
"65",1.33936208323901,2.32507072062739,1.51437394261334,1.29375665061137,1.73409295457667,1.92688618959353,-0.0765894302387026,1.07035468136149,0.849452535016604
"66",0.75482233563347,-1.00926249459156,-0.548189112870519,0.641730940871297,-0.263985805237766,0.911855675534406,-0.4900924214628,1.01256014096044,-1.13816682133401
"67",1.19213245637931,2.28790405325041,1.43046410179418,-0.151068923381345,1.55171266133161,1.66821152826222,0.421430857810994,1.2100058428758,1.26651673790125
"68",1.41301793446437,0.362244603910804,0.277732249852379,0.0393031603818673,0.440068660600721,-1.70037511814465,1.18317651724809,0.402228540889636,0.270250723300191
"69",0.134611755703132,-0.227482781143734,-0.126217075991951,-0.195892712880561,-0.423252807816112,-0.60385031456311,0.911202868668286,0.324607025818507,0.609999460262079
"70",1.40481977958211,2.41388955582301,1.25025272466371,0.868310918648938,1.61697008893673,1.95821522664593,-0.395740008835335,0.94044564969297,0.895007100907557
"71",0.148831055260448,-0.342645415709877,0.325244072458666,0.53092357859065,0.166261682359531,0.971634746659881,-1.33414139533287,-0.434532304840434,-2.97701949999446
"72",1.48285636399841,2.17341822280292,1.41664085546674,1.02282118725168,1.73372400720149,1.64748227099303,0.0451116761720692,0.979164451683161,0.73108615385684
"73",0.451270761975094,1.29960904291902,-0.452811620870077,0.203957101681458,0.96419607422942,-0.528969713325055,0.027778193304392,0.939944478167728,0.538885970548691
"74",0.404643023595832,-0.48575171287565,-0.268457144295593,0.609481978481119,0.311810234859546,0.102887883556147,-0.890155222031663,-0.450667409889149,-1.80770490538763
"75",1.31529890041734,1.98754382404016,1.42777763203885,-0.0887818671007558,1.78032567085841,1.73678205593853,2.11418638951992,1.47099619248667,0.465574145725016
"76",0.859169704021031,0.167858723623025,0.891760267673985,-0.0929998182259522,1.08848437159874,0.186218157769041,-0.0342794231116442,1.26187415023698,0.775020480095891
"77",-0.350629873724735,0.149794813688495,-0.40168646521576,-0.57527035971692,-0.844093396523597,0.123628254993601,-0.564881840660122,0.223609747478486,0.167569386815959
"78",1.31780317231736,2.31353765635821,1.52932391344423,1.05498217670989,1.74433291051322,2.19390161699155,-0.330727260159252,0.881107944621171,1.18195973385283
"79",0.760325507033843,1.04229548615094,0.431391727847506,1.54221895449463,1.69701341457159,1.05925494025721,1.41610343349408,0.621508567488959,0.541470116294135
"80",0.754978871421716,-0.719280843473241,-0.908830902946756,0.735132080556165,-1.77532457133222,-0.101963002123074,-1.26100506096257,0.271245217729711,-0.588896061833825
"81",0.967650194270574,-2.47660522323993,-1.03086179230086,-1.98036784201584,-0.0867302504274683,-3.23852370457274,0.945282085385804,-0.368132140390497,-2.22667348278977
"82",0.825961578267109,1.25973761951415,0.939716576198708,0.904674540093805,0.692650771796048,0.0962313990192611,-0.193455349281695,-0.130075407021623,0.601290288816585
"83",-2.01326065214569,-0.648977497341554,0.764566678230458,0.449182053035435,0.34988215385034,0.290795800982098,-0.953873585198896,0.333573684102507,-0.658014478818934
"84",-2.07957465025797,-1.43002402609865,-2.00655899658136,-0.18558988745952,0.677767891061039,-0.457198566722316,0.500765789695398,-1.38916816523885,-1.01221196776654
"85",1.36628592791468,2.30826818880146,1.59248495135527,0.96966173319873,1.7669801365402,2.05428552979157,-0.276507803293789,0.957202631861788,1.14798173427724
"86",1.35094283294143,2.21082340480059,1.58950727812543,1.32858102480068,1.63425469742151,1.85984727566685,-0.194222096337973,0.717891326076456,0.916140219455748
"87",0.58611122170621,0.468877134747053,0.303260041027355,0.790529147237167,0.655661902820383,0.40811005907691,-0.525322949878717,0.70945659643446,0.672040101360407
"88",-0.498274242178459,-0.0889568767546247,-0.990511556483939,-1.78517184642733,0.0827531953519092,-1.53350984075165,0.246636649045656,-0.745209065858903,-0.35179144719492
"89",-0.485440569053608,-0.958439650151853,-1.37155980197563,-0.016826630465318,-1.5046729788808,-0.889639440525751,-0.153958810103684,-0.54287897849061,0.253349991082334
"90",0.0929652769729184,-0.30527490050564,0.25081390869524,-0.412448905093263,0.224413430079616,0.429132018968977,-0.763691027948586,0.257434151310561,-0.141514165898364
"91",-2.65407008702294,-0.534645778444502,-1.55383979428001,-1.30546808746336,-1.22285795464639,-1.35771167523576,-0.905762986962765,-0.624182771936903,-0.481322626762414
"92",0.0909690300348529,-0.270443133441219,-1.27140785068583,-0.41330539075826,-0.219857596306976,-0.326856409266807,-0.714283457000521,0.892463441617455,-1.21400628479584
"93",1.12268580111371,0.509406236872417,0.423043676948073,0.739784404776535,0.997181802196213,0.288159723153755,-0.624988511846061,0.0790222932008789,-0.46429628314291
"94",-2.13887230003842,-0.500828837653188,0.711181993213665,0.484244863104938,0.242608163328574,0.384664428112767,-0.953097774890398,0.481791344063296,-0.696586825729208
"95",-0.0437645823552193,-0.482529227627887,-0.122099719419803,-1.31880095712582,-2.34363131806561,0.461019264589707,0.0211015024471563,-0.447461956480829,-1.99858884746732
"96",0.696346303804476,2.22017732186078,1.19839788422197,0.774104858793952,0.040635849060895,-1.87731078038021,-0.42002351187624,0.000547213803801976,1.03338799678935
"97",-2.20687741301751,-0.5372846608522,1.00842516971076,0.318592627612085,-0.127859618570328,0.159998154656448,-0.821184432869879,-0.16502058193736,-0.194314276291798
"98",0.586520772131447,-1.17130217214105,0.215166292594509,1.36550687040162,0.368928562463876,0.893230216269488,-0.156983096550239,1.26190283481467,0.151643297464798
"99",-0.0243211541259138,-0.194131490197113,-0.195652568912694,0.0398395227752447,-0.224854026145708,0.928787662973437,0.702943211049578,-0.676390128546987,-0.702582065155765
"100",1.39514236366415,2.39591643882455,1.36043313599125,1.238098910699,1.66928120139559,1.73250550414835,-0.30939525509494,1.32831224764466,0.796340330232762
"101",-2.16705242799428,-0.577659523320971,0.93981920202023,0.317460553360481,-0.0733156294936603,0.325118887577509,-0.93261426829505,0.156760875219361,-0.160881929819148
"102",0.436542738881,-0.545842190323675,-0.111983434587155,-0.954931404553754,-2.53894184828066,0.235207488368791,0.895332714619608,-0.709297408431657,-1.07328039592059
"103",-2.08043903392474,-0.502914022840411,0.745463009842309,0.140293401511017,0.168120956443055,-0.26408528362896,-0.843576357706671,0.500035064024089,-0.674134042683389
"104",-0.409580910781341,-0.618387310278317,-0.546642445344102,-0.559243962807661,-0.893666228213924,-0.409796628466285,-0.232321169324924,0.562705586234066,2.09844444235616
"105",0.805248720597604,1.52111053527036,1.42588490631547,1.134334105451,0.413101279321743,-1.33770699622648,-0.324172780403416,-0.177435639341188,0.836556761720608
"106",0.75944776007937,1.92618479277205,1.36085285798144,1.29130709362774,0.678025612497323,-0.758193549763354,-0.38782049285665,-0.296817870438048,0.943685888580196
"107",1.24042166917047,2.1881825559736,1.52907126771014,-0.137779996714452,1.69321984680709,1.92707187472987,0.05144002166107,1.42846371162364,0.785167032124333
"108",0.106943501043499,0.582753937542885,-0.359000032329606,0.259780339604092,-0.530384580539125,-0.657862456459964,0.686027079602326,0.447581519699391,0.449263095415438
"109",1.50544790203785,2.03208351484342,1.41181484567014,1.02414601672246,1.77380640912648,1.73820740211364,0.463284552543327,0.921346513962416,1.06122845820907
"110",0.602229168046758,1.22509445355533,-1.71524708730453,0.384619859359901,0.545998155466935,1.05205530431341,-0.571562931571136,1.04980302193562,-0.00253776010544783
"111",1.16091960558599,-0.126397565755367,0.85967072190867,1.55031332246197,-0.0363610882566498,0.249431943931308,2.72084964437758,1.00106343114902,0.0895065475331797
"112",-0.866667147140455,-0.387994156744018,-1.12782704593136,-1.07477769420328,-0.867567632116593,0.09428662888337,0.177826573307424,0.129860352113127,0.148899650656627
"113",-0.444886653890762,-1.25947592009506,-1.0481211386508,-0.972533527567713,0.0848217021900407,-0.493499457035936,-0.678405834838816,0.136752642740833,0.455909538055008
"114",-0.128411936418002,-0.472676001305663,-0.764174707876984,-0.341045356547309,-1.31676207497002,0.00747857325234839,-0.91644684431665,-0.830622971065088,-0.646746422580448
"115",-0.780234757680672,-0.443136963464692,-1.19686610899891,0.42979716114708,-0.602922841208985,-0.430329928057707,-0.370245785963595,0.18593879797331,0.0435376951568328
"116",-1.07260518291415,-1.17868522026796,-0.493366492870019,-1.37702664240379,-0.317576578615372,-0.664051992616159,-0.499619722698103,0.0650966216863172,0.719504213736935
"117",-0.193520916116047,-0.87663082491703,-1.89218767630692,0.753375102619997,-0.304080495101817,0.900192464449833,0.413797578747339,-0.142427446524432,-0.649673525238422
"118",-0.300526288568209,-0.768998536219881,-0.0558484029860134,0.091863109611862,-0.676062510813253,0.245609603065789,-0.118020029134641,0.673014875774847,1.62845972393049
"119",-0.431272832134526,-0.514523411779022,-0.0645053023887816,-0.355937828105413,-1.09252886840743,0.0203633240041779,-1.13336360010038,-0.830771088649997,-2.02786874613775
"120",1.45327057985076,2.25911646678738,1.40722820323981,1.48358977072256,1.7129248203055,1.79030201399002,-0.12464200630399,0.971488930326106,0.876196783969902
"121",-1.53387072809873,-0.19911707585859,-0.235233393584971,-0.737243324827266,0.173251506814021,-0.889401228521227,-0.735682768480558,0.328455256855555,0.485257219005799
"122",-0.469667023318666,-0.0991065152592375,-1.43507498247013,0.524204222017719,-0.200058490189385,-0.224712493299926,-0.554470007503696,-0.167088317605325,0.11868563681504
"123",0.800877981324427,-0.978658589056668,0.560117787027606,-0.224854639406516,0.545838218894355,-0.196318240078383,-0.43704895125511,0.671652766679692,-1.08274322888466
"124",1.38137389166837,2.2578620474293,1.50811657056574,1.357671646786,1.60128658648308,2.11019696386834,-0.390444524260799,0.991674515595376,0.967980172617387
"125",0.222802972355687,-0.0664499843222747,-0.648126216410657,-0.436174701625366,0.184188209336323,-0.607737050186436,-0.33123719975042,0.420352104561644,-0.250171868521862
"126",1.40194677868222,-0.567577384839902,0.6228604174649,1.30573355361302,0.430999710945773,0.370856508716238,-0.0562974041121101,0.787966687812267,-0.468491119556788
"127",0.127007044885773,-0.381513827035461,-0.649654668122929,-0.198224227243164,-0.187234300217907,0.380781549881,-0.801888851089626,-0.109281638969379,0.276742641453791
"128",-1.12268363530034,-0.554940521850735,-1.73648502150972,-2.47313603354171,-0.585737923169497,-0.0824681597811371,-0.600531167063215,0.297525420582686,-0.449407328056432
"129",0.928253707795193,0.232498907089091,0.112275117424503,0.129196320189898,1.33297232611002,-1.38549233858898,0.710031926943293,0.961332001920375,-0.391227109945597
"130",1.30561242792135,0.362452591827892,0.994676601328858,1.48858789471525,0.752320846602825,0.360925642347546,1.26259048190732,1.15225039052816,-0.134557121622056
"131",-1.00357114875998,-0.407143172873665,-1.2883420769168,-0.153875938882841,0.0260258111203464,0.505361184207209,1.1516391956669,-0.335117178466167,-0.0251790593028318
"132",-0.541592639633514,-1.78879211908142,-0.209637623545023,-1.74491000304658,0.500072259488169,-0.718855935906181,0.847002082628039,0.160924200609095,2.01735250355059
"133",0.689377234807142,1.87588961516715,1.49539899596999,1.23471490375129,0.843391101199215,-0.948918912336173,-0.311723422849129,-0.0732752469239153,0.941907400566211
"134",0.721065277260702,0.455303148968675,1.19263693133801,0.316545554247023,-0.549426337504082,-1.44606641045428,0.0666080702717085,0.155957707047299,0.0615750028446007
"135",0.10814988662672,0.921722147193953,-0.371216114640274,0.940370487504129,1.3265633647852,0.330919149254617,-0.327197353999685,-0.188016104290505,-0.844730833125833
"136",-0.515606698662708,-0.466166817232801,-0.294186577917472,0.489091355444544,0.320294222323796,0.370123769581237,-1.2778740762014,-1.47952374459953,-1.60013140007822
"137",-0.667158215093737,-0.91344501855699,-0.556988233928433,-0.752410268720072,0.335161061550278,0.115911802772593,-0.501830564298972,-0.368887606160988,-0.377492417785947
"138",0.623637460053744,0.483551029907289,0.850894674571025,1.4218094961885,0.622136738657156,-0.0920769439746655,0.312037707338985,0.960819078507998,0.970836165398214
"139",1.62775696563727,-0.685037394196573,0.661145809065837,-0.538164022235467,0.66455312649383,-0.739076177837061,2.12372031339398,1.65969209209158,-0.391573454962287
"140",0.0129991227205344,-0.77663698785631,0.106360411811505,1.16419481879034,-0.152911389510834,0.0764225529974036,-0.569598348297497,-1.21190149843491,-1.00349677907293
"141",0.166319460849403,0.961496841842071,-0.276473610095446,0.00981164334561019,1.27083128202185,-0.305826820437857,0.187517510603815,1.11216112325018,-0.251321149577594
"142",0.168806618085078,-0.312849080164004,-0.187035146715226,-0.99921405314649,-0.0976303268060933,-0.72971166947314,-0.0547263069115469,0.973023227132882,0.615815441519949
"143",0.485896861930223,0.295796058584974,-1.61505244991875,-1.18078977344736,-0.247343122088568,0.460733157866151,-0.093085900835099,0.0775406196347892,-0.472641214442535
"144",0.973112985149905,0.0136040396093974,0.303269046524242,-0.267802804002208,0.103234824171453,-0.404228071188337,2.16312236535491,0.279593575151287,-0.740721733561956
"145",-0.101583151386695,-0.983084514080686,1.57923209784972,1.13950734120073,0.975986099683849,1.04708560277666,-0.894968039728288,-2.51483619084804,0.289766612057133
"146",-0.511712151695236,-1.21395780662046,-0.667984722067465,0.184955085477803,0.0535740900204468,-0.232679792636688,-0.528163251047949,-0.242850227099357,-0.900325874362161
"147",1.37205641012206,2.37261315412243,1.46857755638426,1.54896843738493,1.65516110783747,2.02887687933293,-0.332070037052133,1.2370313554455,1.01888921902681
"148",-0.259408586974933,-1.15842335294099,1.93139258538408,-0.473186051244882,0.945485259369846,0.960496996498362,-0.835639643114654,-2.42138289719589,1.54544973341457
"149",0.208207236128316,-0.482668377544551,-0.393540266623071,-0.968535057472749,-2.37935829022928,0.0299330082667512,0.206025104039062,-0.435780681376933,-1.89690334305134
"150",0.670064945300472,1.80509763004341,1.01807446457778,1.18669714419524,0.7819516161258,-0.697144222110779,-0.242275636310775,0.265389327697406,0.869563160364232
"151",-0.394574167324614,0.205893158895415,-0.672727867317555,0.174743293654389,-0.791202078225185,-1.02094796332727,-0.339071745667616,-0.00681609882205864,0.0842777804365342
"152",0.753808494353554,-0.0935092754683488,-0.0915951478779451,0.125024124128426,-0.567809271370648,0.626138412152318,-0.279825304128961,0.235989882954734,0.0537044058604605
"153",0.716080179928422,0.0231266588148731,0.195168468551215,-0.838797127962966,-0.338100144012252,0.132801260979705,0.767630031306053,0.654512917244651,-0.3518194791578
"154",1.55064864174321,0.793910356913489,-0.648556683071497,-1.01917243022665,0.545526260094942,-0.622690450884425,1.87266303900166,0.318587509965527,-1.48087714317953
"155",0.900061592396742,1.38453815620599,1.112515407542,0.0316515309045214,1.1018651980094,-0.0474694745624532,0.0604675506537974,0.53460983474713,0.414967148171807
"156",-0.0839662152181516,-1.1398536346806,-1.88686977143007,0.0528050340997056,0.239540405610322,0.817801079211481,1.8717388181495,0.159740077586569,0.118743536868864
"157",0.080654788201448,-1.1276026400751,1.5294007357177,-0.433217551840939,1.18907291742416,1.17996042113815,-0.754832802325336,-3.04061436899665,0.672770366495656
"158",1.34695853877231,2.53624011157716,1.47308646541924,1.32889794771568,1.59496718519769,1.93907890715824,-0.51318485851289,0.860915900830993,0.683347207121268
"159",-1.03751135012333,-0.816340793997777,-0.854343065961169,0.133761757472422,0.455157581981187,-0.37136909262637,-0.184579345347407,0.349416251414407,-0.354763353988477
"160",-0.178599058659136,-1.29073234354234,-2.03743015949924,0.183740611962392,0.0859340540386962,0.595092753819357,1.09128038464954,-0.0196179672794287,-1.19673409796878
"161",-0.0569651646514599,-0.474645130395009,-0.458316659950702,-0.675079532136649,0.868803416396807,-0.30126354433484,-0.212073305655992,-0.724700470407373,-1.51240977068065
"162",-0.118225687939451,-1.06238460402397,1.59274021068151,-0.140691234963882,0.8121665112367,1.16715759273966,-0.926459694827847,-2.48695397716707,0.404341279141144
"163",0.225132910327918,-0.0715555771156695,0.116338336647903,-0.0948433888127,-0.308486725295598,0.399463229101852,1.30105428717841,0.348484194132161,0.741952689772669
"164",0.905699924208662,-0.26859060806612,0.39728403578638,1.31813910161897,1.07799139088064,0.457581131511406,-0.576661986989731,0.627845657565836,-0.366728072357238
"165",-0.193136108738736,-1.0786015872686,1.77432905040925,0.761315576806853,1.14137977409608,1.40582817386856,-1.00925515548996,-2.5165102075405,1.87428824170828
"166",-0.0108099186504078,-1.18980986208343,1.82688311025498,-1.22153812953368,0.594261115751296,0.992725281724999,-0.827541927681596,-2.95130501502704,1.56139157910285
"167",-1.32887332055199,-0.54414519941418,-0.441732631408049,-0.26989522067194,0.940874614225744,1.17372648648775,-0.602055904879359,-0.141023125565646,-1.08423214104746
"168",0.661602868309484,0.244643239412511,0.108712443157555,0.712541703010789,0.387214739846211,0.430253063672381,-0.455206606932853,0.700643576299026,-0.293866434142886
"169",-0.260919827188661,0.0657872420226224,-0.193897143566817,-0.00886389180249066,-0.449426178543467,-0.563162202635748,-0.761937462878923,-0.630988382373037,0.408576677541463
"170",-0.161485367771335,-0.376561920670218,0.0807630571769735,0.0484629767978206,-1.10949240041498,-0.493224174754733,1.90898413021223,0.632946232934196,1.94721461022402
"171",0.499075836273566,0.608160094721934,0.518546503604588,0.715777720307578,-0.399498894231297,0.1090482764574,-0.900735204873385,0.261389739138844,-0.351521099670055
"172",1.39538123185561,2.4032204371435,1.35059286534814,1.45161520603844,1.68238903868224,2.03219728661162,-0.336918988309797,0.950711563001794,0.874085648897326
"173",1.49900510763289,1.37792008492726,1.04811277981679,1.91731262815354,0.5332654568137,1.52180959640605,2.15551034830909,1.2775658855779,-0.072872330459369
"174",-0.0773639230089387,-0.4134891192418,-1.23173176934497,-0.12182419890736,-0.691005223745156,0.774052813058775,-0.645397760028568,-1.26335321533034,-1.49709091950773
"175",0.299445920530168,0.192277827992368,0.0786257822380878,-0.190483216994449,-0.392933768076997,-0.66937292511816,-0.258272104538505,-0.164869659828703,-2.01914354536281
"176",0.67682159263618,-0.42550762957603,-1.64993892539096,-0.139925775778653,0.263156801204592,0.421791383127207,0.760173223555301,-0.640420809279061,-1.23921377605754
"177",0.943783378732112,1.13423662002476,0.303097029721102,-0.941244457396081,-0.443273143153996,-0.295810574137336,-0.574111283269665,-0.125510720350337,-0.688814913748225
"178",-0.0357076250282915,-0.797975002899247,-0.6830053065241,-0.439683230099532,-0.577796809071815,-0.6099578298492,-0.69623840472768,0.59603920263373,0.395681799037017
"179",0.382713043309408,1.68518548579781,-0.117472343946763,1.05367326497966,0.561345336023536,1.04385540848628,-0.475394302982223,0.809793675850333,-0.734411216945273
"180",-2.56148033758872,-0.304414712324729,-0.84474850428125,-0.582672037418554,-1.2608738836055,0.41930078963394,-1.10691230881475,-0.836939607126079,-0.524342294356365
"181",1.48725864404755,2.08524866136912,1.1102215229952,1.66439128601681,1.56808162620065,1.36467056829432,2.33009768360771,1.01325463125521,0.524844740476831
"182",0.690233423470003,-0.333572355025259,0.591894600186717,-0.129729950504234,0.673392069376069,-0.19676792900364,0.284029942643507,0.170800898949349,-2.41667268690608
"183",0.558641895436235,0.371499163799074,0.906434502096248,0.411154750681508,0.857290452829821,0.794881038213773,0.579189390437858,0.654372179282539,-0.602734521724771
"184",1.19823755363647,-0.226187450779589,-0.759163209140824,0.98038083732017,-0.00925332613445983,-0.512336771994243,0.206370481854259,1.77428537289583,-2.35012276260577
"185",-0.776594808976337,-0.588749262723481,-0.335450162324181,-1.34618579737762,-0.909865874768795,-0.487580699214913,-0.85406835798639,-1.56896328745088,0.421133157698837
"186",0.94574841868491,0.570193763235933,0.738277623670752,1.53436449192241,0.821919445519662,-0.316812585908568,2.67200134972143,1.73395223978427,-0.186574328730235
"187",0.393787939951038,0.843903362587125,0.260865668831397,0.983212132201184,0.339394752881077,-0.091276111750047,2.24320527222448,0.535616792077888,0.326681804582331
"188",0.0580996135864059,0.208858012825523,-1.62362499451739,1.57996254925567,-0.33589150472891,0.748359105201628,0.160232316771428,-0.773988310472442,-2.08343889952406
"189",0.295920080527662,-1.29188192593929,0.427683137386411,-0.515983452710178,-0.774485651582854,-1.8755324719037,-0.625729168615819,-1.5498584828331,-2.99376903111865
"190",0.477462875782497,-0.443368818699365,0.00811833033716336,-0.206914262903213,-0.587289824703038,-0.834065048431357,0.710740217202616,0.941356547527627,0.111708019671945
"191",0.903402755901525,0.0759819470084662,-0.0768845455356025,1.19530159179229,-0.135634015488065,0.186029255910823,-0.592105623253882,1.3164034755162,0.405200312895029
"192",-2.12958854757926,-0.539319958403106,-1.3811652298215,-1.24661146199998,-2.04567252427336,0.0035548656843406,-0.74593547359366,-1.35779784222027,-1.09720864855781
"193",-0.403060696723717,0.189634801340016,-0.488559596956574,-0.266210406043875,-0.776651122481723,-0.0527316475745766,-0.917436688753732,-0.268573132363688,-0.389001313017194
"194",-0.192937877022949,0.142289219537558,-0.87929766860181,0.337424862970759,-0.142410380160131,-0.494463996671159,0.91925515325489,0.70635852585389,-0.0867258873658157
"195",1.12830119336614,-0.0271285748857566,0.331332438496493,0.129513418564164,0.781976441470908,-0.216727969196579,0.351314989405316,-0.213785005193351,-1.20753135469532
"196",0.582912831698502,-0.616030049294396,-0.722705539469153,0.396621381305273,-0.949571165159211,0.707898579409665,-0.651067307874195,-0.22758217073742,-1.32481297435981
"197",-0.0588281056135961,0.697842710056616,-0.479177865230665,-0.480482339395271,-0.198400669724548,-0.0548703985732855,0.331337450550785,0.882810980618628,0.458200719181468
"198",-0.563051848167218,-1.09873359708019,-0.13892715281757,-0.662878147623117,-2.15786254063825,-0.569095009606676,-0.92280269924208,-1.51847510645559,-0.780674768081178
"199",-0.536947083477736,-0.229847990366033,-1.11409056894365,-0.176318181943983,-1.11326474507467,-0.130949593646035,-0.648168038340794,0.228646392391625,-0.840771404042958
"200",-0.0266404105029164,0.167936031321967,-0.978538982033494,-0.422933647957172,-1.03859303498627,-0.921398896379473,-0.569278517966719,0.959703475322777,0.248504638237027
"201",-0.667874968250817,0.295008667976847,-1.19141845951619,-0.742352314355023,-1.55822459899228,-0.377449847250705,-0.897781151244668,-0.2092208529483,-2.22627270291857
"202",-2.11642916798232,-0.825022285304686,-1.0713660083814,-1.65716710451027,-0.00182272413102487,-1.24049101965874,0.323790453412241,-0.952481960121799,-1.37944781949203
"203",-1.46794403600059,-0.794395000746131,-1.02209242750669,-1.79030836782196,-0.50039530009405,-1.77205947870142,-0.0169714774142541,-0.170881580960541,0.999843430839012
"204",0.785803852437041,-0.385638374735652,-1.70660788119129,0.523516911628713,0.184129805143118,-0.035445021781211,-0.468336465602859,1.01155448594348,-2.06362774840449
"205",0.216614749785406,-0.276792347735365,-0.0226960710163829,-0.716422454203318,0.626479032688675,-0.245635012432316,-0.678546048489092,-0.949666650835209,-1.4611096655791
"206",0.444777375122845,-0.661283987866722,-1.16258768445732,0.756181955300815,0.0846353338781009,-0.84080625253425,1.45392642519574,1.16593704719933,1.30985045647759
"207",-0.0248929687526418,-1.0825721655466,1.43829210815035,-0.551555139656271,0.864328567228658,0.641113191332302,-0.84985615035069,-2.82065082882965,1.72573986590107
"208",-0.408006860581077,-1.09101975188784,-1.50465054797062,0.395916212159659,-0.229288182640829,0.515989507447534,1.42509379982221,-0.146271758809859,0.00333517058190073
"209",0.366084606897743,0.105408535769984,0.613186006249898,-0.831631016928127,0.771048014572735,-0.614182982907361,-0.317717460936256,0.380335191432692,0.20427559017757
"210",0.109157085227577,-0.971951709915774,0.436073510920868,0.544241530067366,0.13773023258574,-0.303619510583824,-0.107037610619115,-0.144374212015273,-1.8273474854767
"211",0.064336125134758,0.742165749721229,-0.45392161453966,-0.253934577886431,-0.25912411957313,-1.17428108234248,-0.623746448990202,0.0533871453799171,-1.4366870504564
"212",0.345619704530844,-0.456299386388806,0.493475857645886,-0.558789309066816,-1.39819602953997,-0.827729221238006,1.8327388055626,-0.0763958006583704,-1.032909261142
"213",0.407367125666981,-0.319812278547399,0.434253306278621,1.19215242546041,-1.47477588040294,0.352633951941832,2.20924196923598,1.18086379594791,0.464459878529944
"214",0.19898440046275,-0.713289858594416,-1.21333534774962,-0.112709631613597,-0.925491631965002,-1.00986262931231,-0.696274376391133,-1.1726354216178,-2.25629117361798
"215",0.44772430496755,-0.122510785901044,0.399246898594807,1.1069476345191,0.0935162177526866,-0.590111150412245,2.55014231739952,0.477168580981341,0.0682917851491484
"216",1.08641754525763,-0.749826987721616,0.789193546485386,-0.109984042268309,1.18841192516319,-0.0712443009766515,-0.309565425081376,0.700186699474518,-1.79975985229241
"217",-1.16636594278274,-0.526813312096821,-0.590519307502018,-0.249089141237256,-0.527870001958652,-0.625259005218256,-0.38957056847427,-0.974433515244193,0.513731049562019
"218",1.15925234765639,-0.126828565930616,0.664553377065498,0.887793201067402,-0.69699646305399,0.327944595567245,1.308957850005,-0.346279711495569,-1.04981487459368
"219",1.31863763003803,2.21422299249275,1.42848962376353,1.4443165666484,1.53219702221803,2.07942128004964,-0.525876443458216,0.602093869266907,1.19259192703428
"220",1.32663720698528,2.2743187593515,1.61035565190481,1.53475257408488,1.61120988027572,2.19585289643878,-0.445194495890265,0.716601962684391,0.978698591715333
"221",-0.0325183026662865,-1.12399966944426,1.90267175652291,-0.635046215172094,0.918025688849399,0.717675055134902,-0.601167606725399,-2.07133507077941,1.54835545247205
"222",0.0217997809972425,-1.16887401148724,1.81024974836698,-0.954701400933317,0.961554424869264,1.28609048144654,-0.61755325504171,-1.99572692056382,1.32959737675119
"223",-0.522091922330898,-0.617492897937984,0.248136345222399,-0.434249337458255,-0.18401890247155,1.21677498976673,-0.219328858230176,0.554973241000539,1.40971812166694
"224",0.816111186672957,-0.363719072353771,-0.107362324631419,-0.495006548788421,-0.51330893762858,-0.566772188634439,0.920947549493723,0.0890766016447343,0.342712888377418
"225",1.18048534313494,0.436593342504965,0.981033758568085,0.587635278319371,-0.0431792888874688,0.955883350488893,0.792529091281657,0.519326898328296,-0.956357671578431
"226",0.531494494621597,-0.281496411367856,-0.0633800335535592,0.0832812326049317,0.524032466632691,-0.0598305409194557,1.40114062384351,0.842190437604336,0.406058049475971
"227",-3.20239883781618,-1.43473533858432,-1.74439664550878,-2.78746938110623,-2.17277567339497,-4.40063094608877,-1.28955596046337,-1.17963847990029,0.470237973906652
"228",0.27872871810604,0.150920903502747,-0.0391968795205852,-0.953340450755084,-1.1888426068728,0.00800355725220199,-0.478220153586016,0.517774634982342,-0.249809126657792
"229",-0.318497404260009,-0.48746209167373,0.0726334628935998,0.0127844331280154,-0.805829100571771,0.87713902003258,0.0766766608178796,0.464106829230919,0.187885691371972
"230",1.30951880066008,2.45075567022029,1.34753400196253,1.3273524140569,1.5420806010838,1.83212410041728,-0.205051349806145,0.794019560423275,1.11269648996074
"231",-2.04992839156373,-0.9645542284124,-1.45578117866886,-2.73163931085244,-1.61782051468382,0.899122494266616,-1.33462375847214,0.240626731313214,-0.898559509508337
"232",0.392188383847432,0.135194211663531,0.713353443261163,0.805796834924529,-0.134219094025133,-0.131165298726925,-0.76921296212478,0.414327544720821,0.154582370314798
"233",-3.41128989759999,-1.69034079858182,-1.64807649864331,-2.19151563416501,-2.19305185049061,-4.2898592686718,-1.23641947030916,-0.707730939112909,0.916359893040129
"234",1.06897052775481,2.30509182282549,1.5012257165485,1.24908353647896,1.65281686621005,2.14896971565424,-0.272246879421531,0.882026761044645,1.04712164925447
"235",-0.820825399492917,-0.868951280158072,-0.628484683515026,-1.27055318650269,-0.861023471190394,-0.145786770003543,-0.924522973292942,0.439937498583293,-0.211700502722366
"236",0.646509901378665,0.652100740332815,0.433248482966711,0.213600063458689,0.918910289780492,-0.326938339698626,2.45909115306144,0.692447578920263,0.413446549166396
"237",-2.40152480668599,-0.806656405452126,-1.95848542702335,-0.0795397813576608,-1.32610777628254,-1.89367484127406,-0.596081110762573,0.257716948494402,2.16693838058646
"238",-2.76115589332221,-0.620440894967252,-1.65955600017696,-1.35604177878294,-1.29185018656853,-1.97222592704572,-1.19209499272765,-0.854423877147171,-1.24936065143992
"239",-0.810575259530655,0.0529305047807345,-0.649087776894705,-0.2097156932581,-0.969110637432029,-1.46383848942309,-1.11090779124631,-0.953921620785732,-0.547249334095871
"240",1.26977221834103,2.11744928568908,1.53538111050976,1.37486214870961,1.62091403342344,2.2694785634335,-0.271482247720721,1.05209334799364,1.39834232380313
"241",0.0506856439639203,-1.15234593755864,1.61940060752302,-0.667283579006358,1.30176217967568,0.442673685597605,-0.73158546575241,-2.12170965990133,1.48437879529887
"242",1.25271545818071,2.39579473605173,1.61095017838613,1.39810711617712,1.60732863884774,2.22261344628281,-0.459875560807401,0.687184138251443,0.93234871121949
"243",-0.0153551392129233,0.326513438990416,-0.301627306468556,-0.855199755889767,-0.782837467010502,-0.289529698429624,-0.0946248069119857,0.505854473262259,-0.0340039118738776
"244",-1.48487484958001,-0.832933266768366,-1.79723926043747,0.676101919161094,-1.12933323726299,-1.05060267531292,0.256119624687679,0.0518449944214058,-0.0204425962141225
"245",0.463384328875498,0.579733269601396,0.687501874577711,0.659907464716508,-0.00305318861820188,-0.028257796166305,-0.711202390070419,0.405102661947118,0.0603091759987777
"246",-1.74839853547715,-0.114492980196381,-0.789480026946613,0.0588679701383209,-1.40894228483914,-0.248278834064228,-1.20723382169998,-2.15538708862515,-0.624933206020056
"247",0.566793924900107,-0.330634547688288,-0.456346035566963,-1.45746338542453,-0.97436266966462,0.384681532884217,2.63695256987972,-0.830148471540669,-0.198534438630241
"248",0.505395300642253,0.0956227197122994,-1.69342820314671,0.318153051668281,-0.826710998428202,-0.784081828571868,0.802228042231488,-0.378771085396738,-1.15751242347288
"249",0.711117105491379,0.859316054751497,1.22898300519157,0.9196586722638,-0.336470080699517,-0.0308440572223208,2.30894145697889,0.513409992829509,-0.658037595888492
"250",-0.335822711165716,-0.53373004876969,-0.886118242987748,0.330950270582901,0.323086831146623,-0.444483703651074,-0.47409510041877,-0.275936681199064,-1.54834860153518
"251",-0.946981641647415,-0.415792168841643,-0.696402918931896,0.170818575991802,-0.341244355257959,0.52866464258383,-0.949370369025378,-1.1237333125039,-0.445713778844474
"252",0.595455409626942,-0.87798416331221,-0.103454986547264,-0.677572158394278,0.0176861025766089,-1.91685303378705,0.564802438234959,0.837599536193904,1.74633481363539
"253",0.473128359748493,-0.989599964835642,-0.907050531784028,-1.17046812473446,-2.12059507846423,0.722785290326373,-1.25606867219792,0.00878042165285676,-0.774913904461624
"254",1.42768707193526,1.88791146351436,1.00216289711687,1.84978211687955,1.53932753992503,1.06885346517569,-0.084317269620498,0.825410082117284,0.174462407655699
"255",-1.95166984094826,-0.401095627051098,-0.828846876144962,-0.0567020696413082,-0.635630959648776,0.539709337485552,-0.932639478016771,-1.24110769694212,1.53311040645867
"256",-0.0753754498951597,0.677977405410109,-1.14106654500922,-0.0930490655835027,0.145607849136523,-0.17927651074339,-0.912791367116621,-0.9178313593862,-0.129990656349983
"257",-0.251289139858885,-0.425952297778035,-1.32104608869461,-0.295055091168045,-1.75009406917346,-0.73612644281654,1.03351629454129,-0.00652251119140934,-0.344313767021493
"258",0.00778303934667516,-0.617342941598667,-0.582445044602991,0.0199020315019724,0.0853400692824458,-1.21271788559488,0.609931541158268,0.35281430178237,1.14701339108606
"259",0.866067260705574,0.128582897785698,-0.186152426445683,1.3217820335747,-0.393504044370505,0.16902682682107,-0.141665474023164,1.17180811006555,-0.0262082344287314
"260",0.324077468906302,0.991878524012267,0.602192987095287,0.728668673124297,0.638169928478371,-0.0110846759622038,2.06822851410506,0.674041911352444,0.64950674802113
"261",-1.70904430577654,-0.554908660413124,-0.265890586209808,-1.83773081384435,-0.654159579017027,-1.70431689292661,-0.567350413225425,-0.897178442849145,1.1278733791903
"262",-0.56808348734617,0.882484000575815,-1.16097032474364,1.16333633713663,0.0621851348896889,-0.626426272154684,-0.838195367812531,-1.30020278871135,-1.1416478021496
"263",0.260340232966452,0.117723588897629,0.49260444591815,-0.100301697421064,-1.13846468828483,-0.481376709861239,-0.633675005001629,0.696178605726991,-1.3630252862419
"264",0.754248652203395,0.144358057157023,0.75435873198693,1.17988056696262,1.70316000331753,1.54911647454736,-0.214266030212548,0.171028654514885,0.719190203297201
"265",0.195129434838303,-0.430540719276152,-0.775111570100667,-1.16245728607947,-1.46362422265792,-0.698711437213678,-0.0694778931080811,0.366200570976995,0.0229682636187209
"266",0.204579576504795,-0.784341830384717,-0.737582906101193,0.416308420679795,-0.129078554916639,-0.626381675940346,-0.795495684636712,0.971821309402385,0.59189590952313
"267",0.0321377509940472,0.159691092068485,-1.94449688513052,0.31871383430972,0.140275705439327,-0.350869106381301,1.24546157396587,-0.74121298526465,-0.977316668354689
"268",-1.93047387443755,-0.924277906876104,-1.46866836345405,-0.177655816246622,-1.44551775481535,0.740741267921289,0.619766788605971,-1.03333611350251,-0.371554927039873
"269",0.371450834212304,0.28693288584655,-0.158426318281271,-1.11210244643098,-0.389365022123891,-1.09722825007868,-0.471819060674675,0.664556489304039,0.490875664279497
"270",1.10248659633855,-0.526406821432485,0.289470531465159,-1.50650242971672,-1.84153256632187,0.0803143790446054,-0.119368245858947,0.216061154748956,-0.843623192901523
"271",0.141328264958969,0.979145383558067,-0.281601591531162,0.870566516811838,-0.120489754610367,0.684542438005222,0.287475583792364,-0.196417112444567,-0.243508848284239
"272",-0.26819132325951,0.132128655905767,-0.578390764079653,0.100895219608501,-0.0658530729082166,-1.58401963438349,-0.324192653339338,0.787835312452443,0.471884697944423
"273",-1.13104667051228,0.53251847566476,-0.203903380547472,-1.07917533333947,-0.52039890358395,-2.86636706112001,1.75651646001374,-0.549443583641003,0.533710997602563
"274",0.675660352546066,-1.32950899333304,-0.460526326186922,-0.555082518139556,-0.117412374201799,-1.66122574076854,0.851270499882,0.139096474186195,0.204154750894764
"275",-0.308400379216651,0.727986903500333,0.295721665791906,-0.880502091075399,-0.188598108079025,-1.3825193881158,-0.482324108474311,-0.340242934015425,0.136550576023855
"276",-0.877880226193971,0.000699137489575808,-0.827408312784012,-1.32211724943399,-0.0421029469443767,-1.02509946484514,-0.827119524566069,-1.32986341114118,0.6182307225793
"277",-2.26405205895774,-0.42441152575193,-1.03726163269281,-1.15213443755628,-0.688107738511279,-2.22015227066642,-0.726857346368404,-0.0848474276461687,1.11749822982479
"278",-0.10515794346511,0.416374235087943,-0.90053074250683,-0.548259629342165,0.996284566147463,0.313778546882194,0.303415366815348,-0.80816808362033,-0.963607009143881
"279",-1.03516441869128,-0.510927055384356,-1.4187939243875,-1.31792680435813,-1.2774335937034,-0.668274221622835,-0.95315623349796,-0.265185228840513,0.917855666821193
"280",-2.36719068772629,0.213589711753803,-1.63727403867674,-0.537768870771289,-2.09334130901911,1.32381633267578,-0.215067143094549,-1.11837396524251,-1.57796233045243
"281",-0.178617885655919,-0.812900466105663,0.356464026064542,0.356561505266017,0.173841672582298,1.04130403364435,-0.715606835720366,0.781576708297454,0.471795956310194
"282",-0.734468597086319,-0.784974528877228,-0.11653481529365,-0.159868681513257,-1.34453036390253,-0.893896255841993,-0.504364262242344,0.170621724083755,0.44350721072468
"283",-0.386329517871314,-0.106032248405476,0.338243975047251,-0.719508084376703,-1.92766197849113,-1.38380087968542,-0.999101227470069,-0.429617523327365,-1.55261278214887
"284",-0.829287575605275,-0.869130927352744,-1.41563990703494,-0.569196811853592,-0.190117308578638,0.279492950563263,-0.804405964665723,-0.232357776271339,0.0694871801235079
"285",0.823002775720429,1.66274739160118,0.224994944612371,-1.40228376780672,-0.377350823770962,-1.15439200758707,-0.634031511229277,1.14282432130667,-2.03112953322561
"286",-0.973635264199228,-0.170744220252598,-0.675553074925803,0.12641723853591,-0.390338053097499,-0.789159079411401,-0.286793074320898,-0.27475766038591,0.0586910477724316
"287",0.0406776625529318,-0.161113247483955,0.0415850067741614,-0.352495748192822,-0.675316328683732,0.21650219339146,1.94668342700818,0.41194198271788,-1.23629334167434
"288",-0.993950896556201,-1.0733852471667,-1.55216525893684,-0.350465489789782,-0.260836618585015,-0.257029191338639,1.53968985565871,-0.50361613140767,0.736897263566228
"289",0.832998655110925,-0.164359699129225,0.48903010414255,0.652846814620362,1.07432799531602,0.199521726218819,-0.503901971275848,0.353308804919319,-0.726979546290619
"290",0.701950648473811,1.22128549801197,0.387003357076655,1.65704208717177,1.03825469143249,0.018451340200301,1.48111015295793,1.23989201439839,0.270092507253937
"291",0.0903214004041511,-1.72867880731827,-0.708878717411388,-1.67759674270579,1.02769452170287,-0.0938144892692265,1.90770136578362,0.849976933588449,0.239900658489592
"292",-0.722054017566511,-0.055512894487936,-1.15590410098457,-1.00158719583901,-0.305298040165885,1.07043975300422,0.358041008943089,-0.848977712543673,-0.188205599996144
"293",0.758785507112283,1.14932172940754,0.426354001784314,0.344973291318925,-0.106461201155409,-0.595990719126129,0.417817230104126,1.09353068137732,-1.29383846740297
"294",0.427983779254164,-0.544788965702875,-0.511183050635786,-0.311610187592153,-0.0732520606599462,-0.263046760244021,-0.297120124066596,0.95099287184435,-0.400063188471824
"295",-0.454845237418009,-0.0403756147246433,-0.360520249697503,-0.812011944742362,-0.931819534213061,-1.0995950273514,1.37871561811962,0.716382175057459,1.41800590844321
"296",-0.481163275213734,-0.213192430255605,0.0613533509042936,0.736663503636303,-0.0894274562890023,-0.715756615227339,-0.728116192704322,0.603439140737826,0.701344049184683
"297",-0.600773341110338,-0.46862354586852,-0.391075782435069,-0.731579483996298,1.12837379595662,-0.363189010087957,-0.857154723187292,-0.411519983411327,-1.29536691686692
"298",-0.346310430367937,-0.537015547694478,-0.205292149261188,0.875383209788987,-2.52636583897215,1.32342188232257,-0.554590336720181,0.626173380824226,-0.364696128608949
"299",-2.07682004245859,-1.39991787309179,-0.793876635992757,0.437089598033946,0.816370592844284,1.10511185870828,0.175062648581738,0.996840757536814,0.108711748667845
"300",-0.74363351366623,-0.316722596756554,-0.868552862207183,-0.809156255975354,-0.624023340146365,-0.801590793551628,1.44662709000687,-0.6001374759808,0.699979207047459
"301",-1.70984250803333,-0.251785407673608,-0.707809590843,0.266502053187152,-1.34262612307263,-0.658224411716449,-0.697530085328115,-0.0472680886490797,1.71562542493773
"302",-2.20151771660691,-0.879007942882725,0.909840292586308,0.656859673932081,-0.239033927852903,0.269357300802193,-1.05350609860639,0.12340208737885,-0.997700787163764
"303",1.15610604014486,-0.138961679378606,0.312455324121973,0.694863092895055,0.0618001318255937,-0.299296553762004,3.15174950996452,1.29450848136221,1.63651040059408
"304",0.115108979213427,-1.53154906589112,1.54115486773041,-1.87468146120346,0.603860790210507,1.37678178941276,-0.809808536994456,-2.01217744665247,0.988731268047617
"305",-0.906776803483004,-1.39120076203578,-0.76368106636429,-1.30563006418025,0.131586491075052,-1.28183296322588,-0.405639719606195,-0.633903369947391,0.0387235201376634
"306",0.486751278500966,-0.903703824617551,0.128120022331119,-0.240931337399112,-0.793570131091656,0.383038642824171,-0.41811530367322,0.486106561656814,0.311125550996108
"307",-0.180768317881527,0.320204026198035,-1.15284490878832,-0.959672790663114,-0.27942608587565,-1.65338105370288,-0.919811770544495,-0.576910614584546,-1.61599967431872
"308",0.999303262151071,-0.414439892700999,0.264875256034909,0.503564694023566,0.700567567092461,-0.533935980643233,1.17412123354995,1.69103966135272,0.975340255704599
"309",-0.0151216157285193,-0.208536328602485,-1.25967075632747,-1.7190150993907,-0.647063079218677,-0.903558216772506,-1.04674503887304,-0.73552572650751,-0.490955209098223
"310",-0.00715154983011313,0.488047711170673,0.166187271631986,-1.20585047522529,-0.60777091124859,-0.887083457643351,0.530395976956083,0.30565696572778,0.566046476577204
"311",-1.85601785931903,-0.692559536969284,-1.51427266790937,0.251497621419077,-1.07018317081227,0.556713521487327,-1.16041538812137,-0.65188934408738,-1.09356892247305
"312",-0.225193497888825,-1.22715647032375,1.49053686515055,-1.44499900506458,0.754790139724584,0.992671404153617,-0.88934919918479,-1.94011510181141,1.64620212927242
"313",0.582234517412486,0.121272777912794,0.128222097931376,0.912104328435843,0.246880339435785,-0.865461537251891,-0.00834298581534643,1.01948411386715,-1.16661033526906
"314",1.08725583012598,1.73023932102122,0.804393154057788,1.26823532595909,0.986025181294787,1.34970074179883,-0.345590086675015,0.380664108069642,0.48956032173968
"315",-0.228526122414852,0.781721569145592,-0.147519378515984,-0.263883530953297,-0.104476539447332,-0.629230969214692,-0.629861844073847,0.37802827346944,-0.563565798261663
"316",-0.22591750635356,-1.56995515715018,1.85265179189961,-0.924149667784245,0.600447836624238,1.23471697833812,-0.779578119074443,-2.32801419498447,0.953936418046689
"317",-0.314703673903766,-1.52715256653426,1.9068850403652,-1.22190081319096,1.01312648917565,0.952159836580082,-0.88011843891139,-2.29487970486292,1.76712977690472
"318",-1.17789367211268,-0.146385019265773,0.615968434618929,-0.535849545914216,-0.836089188155474,-0.20127696100967,-0.857358576185036,-0.458138594384341,-0.00263742748232415
"319",-2.90539195211848,-0.778150211574573,-2.03196567547933,-2.5891611354833,-2.47113115610599,-3.43220275039472,-1.05431527181921,-0.67610659771769,3.72526397462043
"320",0.633912311141569,-0.907775047455912,0.191647028937941,-0.324034759741498,-0.906614663697352,0.122344496441807,-0.348817585353129,0.856311307011053,0.00619572140299592
"321",-0.336434208730608,0.171098623501888,-0.662741185517607,-0.962138094939362,0.818766899295877,-0.476499485129128,-0.952935637362393,0.467044130274087,-1.40423622048365
"322",1.03067101193174,1.34935788182035,0.479820830608544,1.68770072088196,1.08858303880774,0.534002369138827,2.64555286714425,1.02133593195259,0.497972796779208
"323",0.990909781916494,1.09696446176476,0.933558999040945,1.23821663449371,1.86804441154359,1.13719072707653,1.44617683881025,0.189219009022797,-0.220913690756073
"324",0.259907411520673,-0.331802784904175,0.628158986905025,0.458022858869336,-0.307331417231476,0.346418683891151,-0.499899589398204,-0.206658574203231,-1.78659536789024
"325",0.619506439343297,-0.855921082863456,-0.410805322463785,-1.17266073040075,-2.63172686171386,0.294049022135792,-0.832694806833262,0.526477671562012,-1.42476915964544
"326",1.26868107442709,-0.975332947765181,0.259073764546668,-0.865327036402671,-2.18244661747229,-0.0825936292228385,1.01877773144978,0.458155554738625,-1.00880848727426
"327",-0.293435289484043,-0.0778014424810575,0.400989465850324,-0.660676118702276,0.485106565103207,0.247516414767117,-1.0351686590412,0.0753104157230316,-0.25237029862677
"328",0.875093382657235,1.0189076972085,1.02925876129551,1.12747749904229,1.0272074844939,0.32577695267898,0.55970701661708,0.800815709551819,-0.212204183778965
"329",-2.39270583324829,-1.04624181628236,-1.29403045950477,-1.37416680309528,-1.24222080025485,-0.175352897196265,-0.0182613344315026,-0.731050124949168,0.886714880505501
"330",-2.04844252261184,-0.201379638094075,-1.41931674076736,-1.62531703469656,-0.882089072266331,-0.559311225316597,-0.651962623561497,0.64323985663836,-0.952835830601233
"331",-0.272790637671868,-0.643789357277083,0.200060706063197,0.0303284852328232,-0.485369159901179,0.800262177040163,1.33824102010337,-1.06086813172715,-0.386716613481645
"332",0.423184239773517,1.026221390735,-0.244850016192189,0.120735956514144,-0.0602941834765667,-0.677995238289131,1.16885594145548,0.310587186179729,-0.966035973870614
"333",0.974948658316807,0.649563471131324,-0.0368517739645413,-0.424925723771258,0.829046480132632,-0.275163550175493,-0.0137354857254173,0.188676325750603,-0.568193093599007
"334",-0.787286093122015,-0.268996981854462,-0.334793082367496,-1.0899007687351,0.273587138431725,-0.689070487960607,0.153498862638163,-0.768445768063856,0.729262101368322
"335",1.04126494623862,-1.14931512058361,-1.35522587320028,-0.00114099736566925,0.24854688081049,1.21746062444239,2.54972316696161,1.30079076727887,-0.010100162285117
"336",-3.39577918182913,-0.973275703409864,-1.7264950595062,0.64662100697046,-1.71416225368451,-1.93596607865127,-1.29425250898659,-2.01131515388403,-1.21534419257988
"337",-0.0930342552392975,-0.417471798886395,-0.246688706827622,-0.292823902837299,-1.22702053791405,-0.995943841934408,0.866683200007418,0.0848755111112514,1.4235782258825
"338",-0.766467348511639,0.145035875430999,-0.54698727202473,0.366679483410017,0.770521232720483,-1.74425067779087,0.502354103933889,0.0256202860835403,0.39627559173337
"339",-0.287397339396522,0.577472335959588,-1.30424911810832,-0.383088156677857,-0.160455600993236,-0.207938364028869,-0.702362766021749,-0.334563530026089,-1.12745317907022
"340",-0.165330292620318,-1.37307092933637,1.35311885180324,-0.733057361162435,0.940334514646857,0.859967074724866,-0.773405308639976,-2.2363212614558,1.42833757976031
"341",-0.198943387805334,0.952287859718474,0.257609190451605,0.988527398209331,0.198374625943189,-0.553037285072368,-0.614771381373214,-0.394968816802243,0.139177433636401
"342",-1.01364863327468,-1.81090145749722,-1.29128290204835,-0.218149215050809,-0.142241192663583,0.885955471432245,1.37671802956558,0.487386454615069,4.23795295200604
"343",-0.290755449424014,-0.255875627771136,-1.76595200927305,-0.031852605483249,-0.57054008123583,0.441059231309847,-1.05627935845689,0.147716377471714,-0.139521004346351
"344",-0.272659970839105,-0.617485418923061,0.0203138592605874,-1.56998404203926,-0.129026853309191,-0.968791027318406,-0.838797280415212,-0.9650483160099,-1.9543824764292
"345",-1.4297299732439,-0.0567838306028834,-0.375533193085509,-0.625447208467863,0.309290899681538,-2.52656182909764,-0.745508274237477,-0.731296075403594,0.875069474271989
"346",0.366941379114032,1.43395942223134,0.775223037948625,-0.0059729261577164,0.298931160604868,-0.289877179569189,2.65830014123142,0.754292495083997,0.288136944747077
"347",-0.0221951802573562,-0.346401252288874,-1.83157924523097,0.810962422414268,-0.824471900453323,0.309772385332653,-0.951324228848678,0.127669896985902,-0.952051385163569
"348",-0.543893471367432,-0.73548882387471,-1.09349482298166,-0.769580131020019,0.41729826444157,-0.212858679274427,-0.335652420615166,-0.871003981660021,0.442446457749876
"349",0.381526991093623,0.384786166652656,0.671753553238973,0.667954041084974,-0.399133585447521,0.102156402371687,-0.860148410641099,0.184955349055511,-0.26215225604527
"350",-0.367681622529039,-0.0207717489914734,0.256427732584481,-0.753436678056169,-0.25332453673104,-0.0995414951802911,-1.03408812574723,-0.166925338943925,0.0104172930378828
"351",0.0127551245797153,0.958399549823071,-0.111564600322195,-0.0378991822273533,-0.220551634851171,-0.82195422008425,0.797345642557369,0.144902753969461,-0.0340153197105973
"352",-1.69309933513383,-0.498326510642564,-1.47978275731264,0.249729776836485,-1.0373971362774,-2.09608446997113,-0.934159877580705,-1.93682614060628,-0.487431411546236
"353",0.306775997015131,-0.140340729197551,0.462106932573656,1.01205546020342,0.380038499679801,-0.84359106676374,0.0347858486290293,0.814004346123278,-1.109181854615
"354",-0.771317207521017,-0.457679264498931,0.190991960372382,-0.920609065638518,-1.28352310861114,-0.239896318003757,-0.896627279507245,-0.837317380677014,-0.928610490505075
"355",1.04437763850633,1.12038816544349,0.925178462386167,0.678977021837993,1.71523665029805,0.015465933483312,3.01082874146848,1.40733772651696,-0.658037015128485
"356",0.751577485383116,-0.0409152247531711,0.0187154042703415,-1.44359829623999,0.669907595895366,-0.126158337205422,-0.5722878262962,1.04397387951772,0.454552776443144
"357",-1.5162945682768,-0.980237625736729,-1.47867221705572,0.263010743855082,-0.946476563363972,0.47686906942612,-0.767255041241413,0.378401823776595,-0.159194109875991
"358",0.801238703456183,-0.929105049508882,-0.0134637996138898,-1.21891596940286,-2.3422459891243,0.427209048848803,-0.452397515238952,0.0364955224175776,-0.638682141165506
"359",-0.227528454667979,-0.337662455091799,0.0618359512594738,-0.973895514191741,-1.03096625322707,-0.158435328899304,0.779935709379686,-0.294233675246739,0.9742672039338
"360",0.433093300934846,0.76733100508127,0.616621908263425,-0.203125011058043,0.862699128624341,0.270760469057247,0.189067093468905,0.543209645885548,0.397818138905915
"361",-0.285257002473921,-1.51055683862836,2.16715577193127,-0.754003829003527,0.921599588523519,0.603731663788891,-0.703522475055935,-2.52033569629958,1.79734628410811
"362",-2.23424706912768,-0.864192437568509,0.708621377416541,0.632149295970356,-0.546294666667185,-0.314198518312272,-1.11713000642996,0.200744211841817,-0.91403809095782
"363",-0.597630833501055,-0.282324932397399,-0.880781310233957,-1.57941060197751,-1.39019190820342,-1.23103393352203,-0.816007174792549,-0.0801212451157348,-0.271449351423531
"364",-0.133360865970857,-1.39171053243026,1.6669244699827,-1.59090646172743,0.579043899358881,1.11892178314087,-0.797159159508475,-2.12039136253724,1.30276024421476
"365",-1.99597206871566,-0.817959496623465,-1.01787616249873,0.0834941206345808,-0.12121229041913,-0.44066936738204,-0.707733611915698,-0.102192612932882,0.152188375060523
"366",0.696373158818731,-0.965113054207848,0.12463717917136,-0.0397197385499757,-0.472688072204591,0.290732624060113,-0.584138743720975,0.793386441486707,-0.367221734098334
"367",1.22611299383114,0.864095558571881,0.103994230303026,0.923921341087393,1.07220840660287,0.247229790499189,2.59683039343437,1.11214023865984,-0.613653002256598
"368",-2.11723989310028,-0.839190897389057,1.18913514058169,0.322448543892342,-0.0397527817512967,0.822166034870798,-0.999022345407471,0.446489492881917,-0.733684354384415
"369",-0.3877085858751,-1.14738971429994,-1.20011772234484,-0.444852064031856,0.0787076993739342,0.251374349197917,0.443471133974705,0.380005207266192,0.487486882385153
"370",0.505062434258511,0.427430151577744,0.130398259638049,-0.065603308794503,0.94276059616979,0.10667763795344,0.0655229726338767,0.0591252654927395,-0.0686486369487689
"371",-0.199035491360728,-0.215789230234698,-1.61849745333027,0.388554904182316,0.483771326576305,0.384979854575443,1.14545433802138,0.122115993066572,0.0560186084743806
"372",-0.205645832390799,-1.47578567273877,1.93797673487173,-1.2213330577224,0.630443724041298,0.906593155956194,-0.888480376266784,-2.29906266610951,1.64690386520842
"373",-0.00362085067199016,-1.29375557212453,1.75176290188762,-1.64816084358113,0.800228790040905,0.741675335769231,-0.798660144002032,-2.5417907086324,1.6014794063073
"374",0.189894638492051,-0.046219255214649,-0.471862337957306,0.0871051675656744,-0.360482605494794,-0.688715978247029,-0.745615347501314,0.254484415616373,-0.370846462111873
"375",-1.38722829951333,-1.21209356578692,-0.599311472060821,-1.35651034482993,-1.66249384141542,-1.30665068083246,-1.02168230370925,-1.02708577221858,1.21731402967586
"376",-0.368863214901494,-0.043005412780911,0.223192198604772,-0.468034323986664,-0.648875815511478,-0.0949804175819297,-0.836226922859839,-0.347620006020905,0.147198440259972
"377",-1.35544691915105,0.105991650062293,-0.82761151474351,-0.521176720705686,-1.25339283675252,-0.194760463403253,-0.370566911721614,0.43251195431377,3.28538869762303
"378",-0.392940578081428,-0.164797839813725,-1.40346197962115,-1.39163259146352,-2.05711652042587,-1.16100821780349,-0.727357582532118,0.068760652350434,-0.027867869052685
"379",-0.0898266107981992,-0.224634195898007,0.30766145768388,-0.751611771389419,0.341623551898739,-0.40546500362836,-0.765226351841439,0.254733822283531,-0.277411192963089
"380",-0.106393769688837,0.548386426175135,0.018012895594227,-0.0824173935635143,1.33926854053673,0.421308221001709,-0.236912016205866,-0.445638665801372,0.0688999321008252
"381",0.619874371836419,0.146725316686686,-0.424982056403707,0.871820094915362,0.0651754744436495,0.217698039609619,1.67667856142911,1.04537376774076,0.468142109555981
"382",-0.151613177129228,0.0721255457368175,0.0404009308449959,-0.700110530642048,0.298770922044442,-0.388771319979529,-0.86170877479609,0.325206141104404,0.0673816479956749
"383",0.628822580524662,0.179611734834697,0.426245891091284,-0.228233722573843,1.73265915185746,-1.08416274996477,1.67077556388162,1.32242107682601,1.89534850543516
"384",0.522298138483966,0.423435472427198,0.783498073562205,1.03347146762547,0.244390233874354,-0.496151115264518,2.08228263718743,0.903138533901398,0.507448425334826
"385",1.15301260873885,-0.695548963818775,-0.54280796400392,-0.363086364163491,-0.382761265594087,-2.18932304185022,-0.250218119071711,-0.0804655400035153,0.800315991184351
"386",0.0692123912335209,-0.112925842565946,-0.358509142333224,0.91240446465328,0.19637140413476,0.577433449957175,-0.69356689148079,0.27884839852454,-0.15899673297769
"387",0.456890745222131,-0.827166424680566,0.129703885463517,-0.592768936054713,-0.797243117543098,0.0599146112123407,-0.419871770949657,1.05803345799844,0.542405122638208
"388",-0.00525856572810402,-0.0445555943938314,0.15231490481479,0.900519294065341,-1.25919742196472,-1.44643075548854,-0.661399750217628,-0.575604753606788,-0.857822645266622
"389",-0.276111223217552,-1.28311357307372,1.53864875841161,-1.44562483052497,0.721842586598812,1.18750745571669,-0.764961595841046,-1.94898984788386,1.87353215546876
"390",1.15080715142888,0.778146845858867,0.626918919907897,0.928563362159916,-0.321406261180453,-0.37169083585807,2.24466065675506,1.08619156894647,-0.357907188412094
"391",0.318880366500194,0.701946842598032,-0.576694441293348,-0.409372062517466,1.05395622502814,0.174908006455878,0.154997370418359,-0.338472543865018,-0.120070753397528
"392",0.315302330779538,-0.240472368780622,-0.890612921652029,0.838544148982357,-0.848628985943148,-0.641901639876311,0.56061892625843,1.20445193052228,-0.196427490211722
"393",0.481996801324768,-0.234617917652379,0.485728381975738,0.830913872828165,-0.385735291435624,-1.1295513145997,2.81482474923988,0.89694029392584,0.0766340930972738
"394",0.970563880677413,0.466848232631077,-0.105781455915961,1.63492181178865,0.747687171911331,1.21173198304992,2.18745811982333,0.599894572762119,0.19408096327901
"395",0.00524916563197461,0.349234256985848,0.681738546921721,0.494661544676336,0.445490957565465,-0.337177127173236,-1.04537754335671,0.119508486992757,0.135203423061002
"396",-0.657318574104457,-0.288927998161171,-0.752750283590483,0.31782321693129,-1.18906499197679,-0.897730968537037,0.678550960932362,0.256185820549509,1.36546198520758
"397",-0.0170759184402179,-0.278126895874589,-0.134618413580834,0.56140631081173,0.177379873783547,-0.277134115883698,-0.394094762427979,0.394695183715571,0.537111861362139
"398",0.00921871257599816,-0.0954911871664745,-1.33253043777704,-0.203610947255356,0.448895360961162,-0.50534376849265,-1.3360564763475,-0.727519970608845,0.551204458471996
"399",0.442627590995881,-0.92117901205022,0.819135241995736,1.37959370544691,-2.53275465953475,1.22841973276754,1.65148524652391,0.518167257678861,-0.410104216874219
"400",-0.487867693105752,-0.10910106670063,-1.10896876886132,-0.940368539417179,-1.40449595464658,-1.00564148938899,-0.878272522994675,-0.377865587478013,-0.44378978122381
"401",0.604459548757234,0.797662484618125,0.169794903678266,0.449794539706757,0.92031126494126,0.259582046774433,-0.560794821922898,0.542082462084686,0.472671147920729
"402",-0.455682007060141,0.347984384853186,-0.439065676169508,-0.714797624760597,-1.16046263961297,-1.66408184077108,-0.193626385318209,0.366965207241124,0.626122700455399
"403",1.58472043142684,1.6804236690412,0.747360550935468,1.53623938017808,0.724703907262548,-0.0792888029207993,2.44012441815244,0.754411895336771,-0.783097127160216
"404",-2.16958476923536,-0.942359482573739,1.3102193907028,0.247707744509763,-0.428821093932498,-0.0981024397890802,-1.05979569790689,-0.00359719311854996,-1.02210887716606
"405",-0.673420432474345,-0.547976922796357,-0.590139882045407,0.624711883897779,-0.837698445168738,-0.733863423561565,-0.674873319655087,-0.30060454079101,-1.60733262619454
"406",-0.151115090605246,-0.348760416445585,-0.903386374716983,-0.0861074798391252,-0.342148821846358,-0.943767754698163,-0.797454450585351,0.382617591003602,0.0645592173756791
"407",0.738642558111926,-0.26485978456534,0.260596675122471,1.03502276533104,0.279759220718157,-0.199339267473667,-0.0868961538059343,1.18165509492996,-0.154967734930419
"408",0.736626780065145,0.38701925970326,0.558431703012863,1.83982009131476,1.43488329321087,0.308302419221392,1.86978281131415,0.710436378149629,0.115493218652337
"409",1.37823805982701,2.51879763559639,1.26780401898434,1.37384008997201,1.49288555186824,1.82755520704213,-0.565841313628817,0.626092644331593,0.54439824138703
"410",1.09807046786006,1.57546750404542,0.979649473918798,-0.292896390446761,1.52011020543318,0.0125705121643335,-0.272851030204248,1.00231496636857,-0.253316945321799
"411",0.583354387221775,1.17166140321197,0.704678340777321,0.873507312482617,0.465483101888817,-0.277801937055894,1.36435872585265,0.323717972640924,-1.12592339495464
"412",0.433027699403171,-0.533396945885998,-0.0142062586399216,-0.00797849601900855,0.140659193240344,-0.377691737401289,0.876525777489581,1.06558303722788,-0.179502249014586
"413",1.07652818573867,1.28014886878038,0.786491408000818,-0.114940798718924,0.496344540344321,-0.0631021160352283,2.40941109680812,0.71962393750498,0.375750473028878
"414",0.0522913356470062,-1.42203515279661,1.89952257756893,-2.00404170815737,0.894381885534398,0.577315719420942,-0.885122661285207,-2.09327790764183,1.31240702538779
"415",-0.362096347748973,-1.4326561638382,1.76819388968853,-2.22431585891216,0.596664764253759,0.859093243711125,-0.706587501116105,-1.9002863958435,1.51447780590374
"416",-0.209878943291119,-0.130348796182248,-0.307698398961395,0.0645293491580946,-0.351127570084084,-0.0211731307829206,-0.890958579339548,-1.25517712517598,-2.11792857800755
"417",-0.221981030269579,-0.175000021460151,0.406495232241409,-0.585486075019276,-0.132057203054357,-0.126406807465649,-0.926293126307138,-0.770309614153636,-0.148208972065408
"418",1.14077382162572,1.96540249730521,1.34936673586754,1.76834845326018,1.48568262798076,1.03627432772431,-0.0786120927640051,0.684164450223199,0.235096155923382
"419",-0.0508068022450202,0.106880492661986,0.383038253385404,-0.307959022369827,-0.259434149812314,0.0254428073455389,-1.05974657733563,-0.402348537017167,-0.903593752334025
"420",0.640589176696714,1.0596301172129,0.60032465531617,-1.5205065285924,-0.102363174730447,-0.288710459762146,-0.123577066537753,1.21907061186239,0.805457251443629
"421",0.636067945447276,0.0279869155140452,0.0684295991460958,1.36298409934226,0.56992231350251,-0.295334496846471,1.64105017083916,0.813238828639444,-0.884964701776215
"422",-0.156031972852356,0.000810872042978696,0.25604587552306,-0.526273988531078,-0.206457380001357,-0.0176105080520217,-0.459541631821285,0.128941052847308,-0.552344167251752
"423",0.991159918252008,0.06117099955654,0.284594951867048,1.29084239769177,1.44513544986464,-0.0264386659360983,0.891104114082153,0.467968342530512,-0.88282791980419
"424",-2.43594474184276,-0.565834149192192,-1.74070109629199,0.21075455472891,-2.3802485712265,0.661557662111071,-1.09193921826034,-0.658874404011669,-2.07341677333395
"425",1.34465233640964,2.44006024953251,1.42328174774601,1.53755610309396,1.52879456412137,1.80982602887704,-0.406325719173216,0.471124645029704,0.98377661155094
"426",0.0918859325955637,-0.413839774431971,-0.168995434680679,0.205424980042932,1.11443397845901,0.830304081236858,-1.03933566507389,-0.182972250353983,-1.56164652657759
"427",1.3404164269035,2.46835996544288,1.47613482574692,1.31454613561407,1.49196835238053,1.88643110030444,-0.487393912872912,0.63019695616845,1.02155513078587
"428",-0.0852205148373457,-1.30742469629104,1.58277042343697,-1.85313961814421,0.673725759644859,0.861379955993107,-0.769846804122667,-2.46374242133461,1.1444222888721
"429",-1.14978483469212,0.131683751191121,-1.59444675534828,-1.87928923603852,-2.32033659517308,-1.22307934440479,0.0564403838629273,-0.756412748836006,-0.594203883559087
"430",0.0629287677254022,0.426310168360311,0.0744833941063668,-0.513956034296539,0.218676434655628,-0.556467658799835,1.15798380414063,0.846963698501586,0.19482130029573
"431",-0.210052015293703,-0.106830779162435,-0.377467942572061,-1.21859326497528,-0.769096157915276,-1.02868059951909,-0.382643912511933,-0.00770323786319718,0.411332638318092
"432",-0.392446868789765,-0.532772041369709,-0.501151644494085,0.0449301913087329,0.0513749957939459,-0.0854171402082183,-0.429171987288776,0.128097094614148,-0.675393886830032
"433",0.155703745366515,-0.0717490024161943,-0.145942262293773,0.0913083749573286,-0.5505769538031,-1.03780018352257,-0.368118259279847,0.667826858024267,0.0200799028529194
"434",0.21988831148657,0.669753510780559,0.0728086754084262,0.278736936964094,-0.757865308988318,0.230309367409195,0.695752977224587,0.798820415476376,0.339812813544512
"435",-0.145512014410506,-1.24670396517971,1.87365743837511,-2.24545644847595,0.460453517653355,1.17938723360549,-0.855889768459414,-2.37087771626145,1.36283896134413
"436",-0.425854128098456,-0.419159135418313,-1.27102419770386,-1.2326346668333,-2.18095307958191,-1.60092936104182,0.989649776930287,0.153443768791474,0.932707229615443
"437",-0.320471006262404,-1.80731767143105,1.8384371814365,-2.30551953892227,0.920963848511728,0.564843106309293,-0.780748805145082,-2.2845122411717,1.56269677446755
"438",1.37468174250516,1.2961558558937,1.2213918150364,1.30999191740134,1.08468102702851,1.21955997652262,-0.593888046294483,0.39347364209425,-0.613087427842908
"439",-1.48851087537488,-1.07860464191993,-0.651124517672786,0.180820569240712,0.177325958036126,-0.897956279780036,-0.732677648875235,0.284005152467755,1.1189533433106
"440",0.759933677826915,0.903242876904641,0.626629441600715,0.443622504396173,1.14453047811278,-0.176223956337462,0.234610352080096,-0.19432870395521,0.630891199328628
"441",-1.0061394535334,-0.341536446504184,-0.93864624215577,-0.901974430759837,-0.64228030681559,0.0178880095023213,-0.722168337308564,-0.983119083357118,0.0778132520472087
"442",0.901911285898607,0.0703120263377258,0.489277426363464,1.42421496247576,1.02299253910466,0.373008787890745,0.256338170427928,0.79578827302383,-0.597541138344075
"443",-0.115023803395061,-1.24316191681808,1.52897217050906,-2.59199026534597,0.294810427220683,0.9070670326987,-0.778552623910998,-2.38148036066089,1.45801040608487
"444",-2.19823215422789,-0.726048038726355,1.41888416413997,0.557218375573286,-0.339869386792491,-0.0192708674754982,-0.71870768285036,-0.449522749084877,-0.898462815741917
"445",-2.28391435113743,-0.817896075773541,1.42815230645808,0.534024040485346,-0.00490475278037205,0.138449409916447,-1.07753574052784,-0.143110379816454,-1.24780542927711
"446",0.195044543561174,0.237901380179582,-1.23942041308223,-0.178082782498588,0.662196797333887,0.241538128222755,0.724194282337066,0.412727109167275,1.23712097684167
"447",0.785322254205189,-0.0640073764402229,-0.140131228117186,0.625761490106267,0.733643422342138,0.250100063373741,-0.423726589811118,1.00190377365424,-0.576601192646633
"448",0.954713486974661,0.0690359778854413,0.594217953632223,1.48824571799994,0.732778846897397,0.655543444935808,-0.571253613946326,0.711477676931905,-0.610787897306487
"449",-0.171235780793021,-1.31923622225927,1.58916883157083,-2.2547756512205,0.541097898976662,1.27397610227327,-0.950286062958307,-2.60353737792382,1.64190853741189
"450",0.216776375771361,1.34252298645278,0.624037864863553,1.10898905675551,0.577816501513994,-0.347553720415989,-0.554491893725209,0.377899391896159,0.456226736429524
"451",-0.0739679683308675,-1.41947895038858,1.7339494698867,-2.05890681694579,0.559110278365459,0.969072140355703,-0.711390097303847,-2.23199132993676,1.54454056843962
"452",0.581871745009668,-1.14162438350708,-0.429270788917559,-0.197360580720555,0.546575338729556,-0.134249110425559,-0.0282299562445745,1.18963447420384,-0.441854492439257
"453",-1.00371328247857,-1.20082890260924,-1.1315735697542,-0.166557332462457,-1.43596570148715,0.0353376355554122,-0.911849752074981,-0.953124685335926,-1.58353193346547
"454",-0.0680990638490486,-0.944648155048587,-1.15663818718079,-0.510141841148491,-1.43516131158076,-0.695548344139831,-0.221419847518669,0.541701748740547,1.23814539872049
"455",-0.237658003164669,-1.51048943961139,1.67229994516209,-2.32966141946529,0.42570657874781,0.786312340270174,-0.805301439451579,-2.31172724929402,1.44414348744625
"456",1.16430705352971,1.12059659817843,0.613868251668942,0.57542574766631,0.609811640675983,-0.244283348460836,-0.427635148300968,0.796901169157503,-0.25063799694668
"457",0.524056250790076,0.702262775285368,-0.625449421754982,0.871702530830959,0.0906597062001069,0.854739399641511,-0.416161460937634,0.923349627874515,0.965789387753456
"458",-0.0714008007782027,-0.318840294387282,-1.34787497606995,0.167720531650234,-0.238410625604149,0.417818657015716,-0.403448716398779,0.173394064777782,1.23416409824291
"459",0.238571477227954,-0.24927158798595,0.104323295202664,0.146415352418216,-0.364334485343092,-1.54460200746289,-0.710639075402539,0.38286572409737,-0.54245267944164
"460",-0.0211767980629616,-1.17978506566303,1.37151428797829,-2.39998977734132,0.494942613088071,0.734761068170474,-0.810071421899666,-2.32969048043936,1.85332383063283
"461",0.674919616306599,-0.0494008402080925,-0.422735739619131,0.525105224931606,1.03858757798045,0.104254859608654,-0.547637657299598,0.00713288126581012,-1.62925125712849
"462",0.688671471433928,0.1353104490723,-0.131582050533405,-0.557839985159273,-1.79780415471739,0.226692067609868,0.563797619464695,0.330419695412608,-1.41501082487478
"463",-0.339875019087023,-0.767469577683054,-0.531257615331795,-0.0609734846958221,-0.463867713501978,-0.330620842185126,-0.189784343407562,0.87876086267874,-0.0726024105925254
"464",0.81351420600469,0.903204516115888,-1.42450721125691,1.16376009468973,1.10085637553323,0.470131644733496,-0.106912387318645,0.60506295806031,-0.202047652134847
"465",0.35130357971904,0.175074189246907,-0.073105710409125,-0.828450760760393,0.0610079143253246,-0.225602807023698,0.847250817019515,0.631233897985338,0.409046443594479
"466",1.23007899508311,1.93142574304797,1.24793080494186,-0.64640529336935,1.20042047895289,0.299475824965242,-0.218444867534305,0.0477471400563552,-0.484121945822259
"467",0.0386648894069791,-1.25892557669655,-1.12243455964816,0.693257496185879,0.376411433293421,-0.686361231920894,1.232655767299,0.98277201108129,0.0203065654940004
"468",0.155032841009587,0.604037332362836,-0.544047625784693,-0.254794639162004,0.59007895542492,-0.637968881968327,-0.0882882235271387,1.07802244138547,-0.859394567775553
"469",-1.27960295389235,-0.0520121432759224,0.311161800828567,-1.00545147926797,-1.84213503071011,-1.4735236335931,0.659290417596196,-1.10313065579156,0.411343563131461
"470",-2.24366175216656,-0.21801599131129,-1.32287954244472,-0.609874909211153,-1.84177328447464,-0.533485856396591,-0.919394331945186,-1.86686077805613,0.196697617841489
"471",-0.748045085725434,-0.839161240724993,-0.62198172321862,-0.75951548090062,-1.02731924397309,-1.3256472423759,-0.144796856287429,-0.127949363200678,0.708589300165057
"472",0.663879285587521,0.521958467583133,-0.35515260965056,0.727046684587053,-0.0365223830660038,-0.157494884545919,-0.707171633738989,0.641115863628587,-1.32493560271152
"473",1.27871149744215,-0.402758756591079,0.622936982759075,1.7984121650584,1.7582112679782,1.3505532543166,1.10996734497012,1.23444031074934,0.0717759223783426
"474",-0.881009308446054,0.204078265680303,-0.4981257924644,-0.460972523076126,0.173071584390537,0.0224639042946574,-1.03718216875301,-0.671281643401332,-0.871932396586918
"475",-0.0481845356013767,0.155704541794605,-1.2813455734784,0.814988396880488,-0.402856718303069,-0.182312716678541,1.49719394273359,0.449956049529841,0.579842514646668
"476",0.761579097390011,-0.862992672650837,-0.824970176421327,0.387178559518616,-0.323148767149836,-0.20175698551584,2.39753172737482,1.60822115447561,-0.782347510181037
"477",-0.506150019626827,-0.0907304875494173,-0.3610753226539,0.202993564659581,-1.77067914228314,0.25350368127272,0.504719242409567,-1.11821401874695,-1.31402134413246
"478",1.06533843163889,0.194154663038933,-0.682115581299739,1.26319608251103,1.4330458347556,0.385179507112597,1.09604919440856,1.13071430531194,-0.33833231420297
"479",0.124923882403352,-0.600807321172241,-0.366015898631568,0.89554932511786,0.489064021579833,0.564734454469652,1.69138934277873,0.894876288768087,-0.844743106666566
"480",0.919390641648976,-0.50901590479038,0.73188478203388,-1.50451757460725,-0.10570244252889,-0.713803297216436,1.70021274080787,0.723579893734461,0.403232461952096
"481",1.62097078971054,0.201386649672903,1.02833701440682,0.660426430101553,0.448009542744863,0.556224190832005,0.334739894188761,1.25221423375348,0.789217399967873
"482",-2.17275336435716,-0.937993857164242,-1.61474383738424,-2.43991429509789,-2.61159818073277,-0.97851810419481,-1.15556528824856,-1.62322823688084,-1.19694924872294
"483",0.218129329809029,-0.935277968366611,-0.783343964578136,0.956469093225169,0.921628370318675,0.355865199162581,0.504584866510353,0.365528427781377,-0.885480302861496
"484",-1.82095126279671,-0.226846933941259,-0.877633035229379,0.785035296501953,-0.0052547889372914,0.839977244950138,0.279311746025438,-0.701648508130009,1.19868403228296
"485",0.947766113594013,0.647366042873345,0.241906058301064,-0.0413843278092852,0.526205426929583,0.0620083527391925,-0.127750857908546,0.965669758050587,0.0418366595054524
"486",0.234496107505712,-1.15753031141764,-0.160371833495529,-0.250777753252289,-1.65817673718743,-0.663597449059929,-0.755395360361997,-0.14650178236694,-0.741401232659118
"487",0.74455584281445,0.306566081221756,0.830406218946346,1.24042766551211,0.995596827560092,-0.23859426907048,-0.201288791902808,0.603784042085094,-1.47107873728771
"488",-0.721310077417638,-0.818075109934621,-1.64342183220246,-0.981762933503256,-0.93734758121218,0.31896627053973,-0.85787702094467,-0.504953919022795,-0.634897900834395
"489",0.434720327578234,0.699288661432119,-0.0298729392568473,-0.44952129559744,0.506479551786819,0.0196823850664983,-0.172017506207573,0.623128210667545,-0.550044559184321
"490",0.540223178936716,1.06064637964241,-2.46172217719821,0.38464365673224,0.950083240610814,0.924760007548597,-0.605661845639604,0.0376780314054926,1.46299062148933
"491",0.0159158007338261,-0.06168609671527,0.274705031294803,-0.743161983392605,-0.0909183996456626,-1.34371957672612,0.204198497004353,-0.242099539208079,0.535224506580292
"492",-0.763802092590385,-0.914694573981621,-0.166721892171853,-1.22665115907972,-1.33552242636914,-1.8612570901516,-1.17582360274577,-0.326864128085248,0.395970219899779
"493",1.19505839898123,1.00213071215389,-0.18066560190529,0.665347765936632,-0.01711795075375,0.895306746694934,1.41728032053411,0.855043239764274,-0.395342222369735
"494",0.534813601950483,-0.165041888919236,-0.196299468359376,-0.444177586082456,-1.49809624559968,0.436012367429603,2.02333396838108,0.529228167500695,0.698341827330786
"495",0.502943799902997,0.0726741827173574,-0.725770313157947,0.391319554939758,-0.0186601121509677,-0.438500425007976,-0.205356272990053,0.773828591280584,-1.14878233114328
"496",0.697121527265611,0.221364174183582,0.351296822489015,0.701691543272787,1.61528892511371,-0.253099880810171,-0.615926809539544,0.530654263331213,-0.574691783740922
"497",-1.24842585740535,-0.0806243194141891,-1.24700418746177,-1.84573417596533,-2.16294839399367,-1.05293662991373,0.269990342498794,-0.818053688075373,-0.703404888278798
"498",-0.601938573663734,0.203205843964031,-1.43530226948585,-0.567147658812526,-0.206320146386446,-0.353303097026818,-0.703609430360451,0.336506008972622,0.567131108806751
"499",-0.986614277654847,-0.193222768418152,-1.37631666060017,-0.59232588747391,-1.25155774371174,0.397003800246861,0.31027195674552,-0.347239382596117,0.381889535272074
"500",-0.528077730163342,0.442447139200478,0.0039096074171361,-0.74772534820329,0.55665705756468,-0.1068786468868,-0.0712044485029816,0.713042268189608,-1.00394936343032
"501",0.549724135783901,-0.610216872406721,-1.19753919162935,-0.688833400501765,-0.896503353674212,0.776143109190454,0.9221849131779,-0.529199269674257,-0.826507121127038
"502",0.410476543669283,-1.1493759336767,-0.733231288127341,1.34668003190022,0.854984476728838,0.483985990902241,0.277916081432538,-0.707089587453227,0.290525059098001
"503",-0.506013390030323,-0.752366768278254,-1.21588195151331,-1.31216013224378,-2.27248252355228,-1.02400733691398,0.543002249913934,-0.445317535129606,0.865213180651283
