"","PA1","PA6","PA3","PA2","PA4","PA5","PA9","PA8","PA7"
"1",-0.27183790987535,-0.476134771211824,-0.0822741647010717,-0.903306981672619,-0.769543382388895,0.444985516449103,-0.728130676937881,0.0365960333670857,-0.354620949783482
"2",0.0338867014953723,0.360204881118316,0.698899026066411,0.432235859671373,0.466876370867251,2.3724415560101,-0.253348126502495,-0.958643672310103,-0.486965248876155
"3",0.472822467794079,1.20453325740701,0.812972911706595,0.992043859264429,-0.0156513451330595,-0.917459793648934,-0.673797769116694,0.977534568235608,-0.240980800217959
"4",0.344929396283168,1.37699708595083,1.37349503410604,0.752077212163293,0.69388094865891,-0.515764505226158,-1.58019670496657,0.407592868127441,-1.46586724826748
"5",-2.4826153950805,-1.69631110510624,-1.59933561734011,-0.884927255040445,0.863473441908987,-1.19980505540908,1.0474839311435,0.580912135998468,0.603964364815896
"6",1.19244471609468,1.36580910398679,1.87746273829506,1.2307784446938,1.43123978488296,1.2078989932389,1.13445471890718,0.24108067804976,0.20894247506207
"7",1.30891463410804,1.59879223869863,1.97673327814191,1.27505960291319,1.45038601667721,1.13349554347419,1.49750216036239,-0.142108222668425,0.314359245874976
"8",-0.718106547540947,0.0944555792758029,-0.73580446095961,1.05200393060764,0.625524565723319,-1.08608012889653,-0.426544849485356,-0.248207856186856,-1.6401258712482
"9",0.559114088048521,-0.392371562070306,-0.510219551498618,0.639223650856959,0.598426292940354,0.57305130502099,-0.0367709475160206,-0.573528402861658,0.166935732266215
"10",0.785143678329274,1.22261761582093,1.81852022318196,1.1747206464706,1.10450312897406,0.828390520750917,1.14770264309093,0.32133841251975,-0.917324359888494
"11",0.24885686550237,-0.52061053697361,-2.04579497853106,1.20858355292839,-0.220134813139628,-0.0377885920513114,0.908812950498249,-1.01172576468168,-0.0301796724179427
"12",-0.769468293169383,0.290342510482007,-0.717177445097564,-0.930447002220819,-0.370624216743665,1.41917718409413,-1.88350392655607,-0.556448995854621,0.432054944495919
"13",0.212580385463849,0.638335527668926,-0.456016180392409,0.940265207925285,1.17667518670609,-0.872229405511253,0.0952331305078574,0.267647265048676,-0.790513686954243
"14",1.26513179180913,1.537570105751,1.99438601479444,1.32200808715915,1.36997161818337,0.912474926015121,1.05775455155335,-0.294965036972236,0.5885353098249
"15",0.762383189966237,1.31048848710458,1.23025438255196,0.885877797601402,0.187385441569381,0.00112723595895341,-0.68709561957577,0.433189765566863,-0.241881272831766
"16",0.218874825097267,-0.101229842474184,0.453823793134088,0.433139937011681,-0.200500903768872,-0.445210141909121,0.198621732964733,1.07226117391287,0.25175624496846
"17",0.241895148215351,0.835031175317278,0.750319829157043,0.239287329775807,0.14559012631589,-1.06416594077615,-1.38437877182668,0.958753962468173,-0.702331444342522
"18",-0.0771785720176273,0.413890412958654,-1.01961759963462,1.03015256688805,1.08143230881453,-0.69021419668782,0.212917365939391,-0.204058067311909,-0.73552196373816
"19",-1.12784975595755,-1.04195521885626,-0.451713494775279,-1.16691554894141,-0.799787556426727,-0.0280065738941141,-1.1206093661536,0.447843910635616,0.460909131074792
"20",0.0668916432981705,0.662659003408309,-1.11725299265618,1.57550252171362,1.08277832136709,-1.27031121909875,0.759446333865405,-1.12853761708262,-1.31544914831748
"21",0.165884135482847,-0.914429055583144,0.170264466179088,0.286628137321213,-1.36386233234915,-0.204294577914118,-0.266379118760486,1.27497586650494,-0.20520226157529
"22",-1.89017568027226,0.304806977162476,-0.292913925578167,0.0721667991826253,0.605527946386336,-1.02154150061246,0.120852486033185,0.44153839106454,-0.074312197524643
"23",-0.109577010619684,0.831972986641227,-0.734447258086576,0.876706871553414,0.553392746753564,-1.13778185841605,-0.294312571385651,-0.360894128801422,-0.804945224172755
"24",0.637260422245845,-0.122190930444424,-1.13065362337684,1.34523883441178,0.0714277756253255,0.071620071043263,0.716214906459148,-0.783564031476642,0.294129981599347
"25",0.529618922272421,0.301603508108363,-0.543228268773172,-0.097431461617899,-0.967574107155696,1.36774189004172,1.63978831076705,-0.245385059126712,0.188097491715999
"26",0.758488941335698,0.485137744735177,0.970984541586123,0.185696694389484,0.117946158498849,-0.425996324385813,0.739369015988574,0.917250456624334,0.134140568741048
"27",1.20995440085399,0.444549863365718,1.55609308630394,1.67909864272463,-0.300188982373632,0.764488925968485,-0.34235385552013,0.171980265590816,1.06623634010219
"28",0.0681128039782724,0.195355491963573,-0.63060183206636,1.05536605849775,0.716783775556414,-0.809470589027104,-0.294507076177301,-0.674499339869387,-1.40268837025864
"29",-0.724331281144501,-0.64096008219876,-0.331632558372876,-0.448545407710416,0.118810615613332,-0.748167855364226,-0.0234151359933341,-0.249547862535933,-0.169315860339455
"30",0.42770041267847,1.30408907563544,-0.580277011656138,1.31944555933938,1.18996835835285,-0.439510547374811,0.173840678759958,-0.0172669341878295,-1.45582775758925e-05
"31",0.293010789731396,0.952479689003579,0.682986136824398,-0.643200164453817,0.955583137444208,1.7415751624287,0.177123854543721,-0.555117025312246,1.4961657940432
"32",0.958217000199318,1.07545519740598,1.81335914805772,1.00596184866218,0.932026694498267,-0.841986292097146,-0.660133194404265,-0.594218229454505,-0.938186985116609
"33",-0.928591109491201,-1.58544159715546,-1.32521252365125,0.447086733735055,1.30342226981201,-0.115443851765902,-2.53532413467987,2.04827641889513,-1.92835360129306
"34",-2.469359968963,-1.61395695589417,-0.366569525984378,-2.02113406260134,-1.31472156812713,-0.446647437243189,1.78631533270856,0.314061865478605,-0.897185597071761
"35",-1.06655542212889,-1.98251999892368,-1.64184273315484,-0.391009332424677,0.294328817832661,0.625722126515768,0.183322619026032,1.36879366383386,0.172595008695487
"36",1.09611669137599,0.0483940114416319,0.624401240757805,1.16751705728223,0.755397363017736,-0.25285189025258,0.823500360970885,1.3301271753176,1.764742873766
"37",-1.19127263607626,-1.14135293895647,0.0164377136146036,-1.27417140692037,-0.531754405968738,-0.500088781623488,0.383876382014498,-0.963794454056056,1.0099105232446
"38",1.18450735480489,0.854495917700693,0.466067547512825,-0.263549232064552,0.453173706976946,1.83250539263085,0.994008061121414,0.177652654202608,0.528486447261135
"39",-0.367805735907531,1.2334423103841,0.624964550548284,-0.373892689302651,-0.0951823482659565,-0.490718702956125,0.644822608181199,1.77557363134558,1.25428005172871
"40",1.11254225246815,1.43335166288701,1.00848663475071,0.85324624629205,-0.935982065846488,-0.163759563038464,0.412713191189111,-2.65371931767452,1.22948269380279
"41",-2.84038625486077,0.354331769143025,-0.757197082945727,1.06277525962322,-0.201962332090601,-0.971069186070155,0.116317144593009,-2.46504152911638,-1.11520074813047
"42",-0.0839694739967488,-0.955007401334786,0.744212257876962,0.344613227386827,1.1728700707516,2.57576752065956,-0.470065283153829,1.30155687772146,0.819538014509833
"43",0.911248587730795,-1.62212125032271,0.00535296214078497,-1.28961708833599,-0.896284708306774,-0.356125909924751,1.56081345710389,-0.46073478887204,-1.73562615928345
"44",-0.372884171851728,-0.483708340125813,0.529345946578015,0.323932695348319,-0.375668730572711,-0.63569143571391,-0.310756185389473,-0.030003650646947,0.466935914126549
"45",-3.75770708362601,-2.25049228608409,0.00892946066206847,-0.470208495300262,-1.63848026060303,-1.18279137906222,-2.45145554059779,-1.91699548949853,0.922277494452361
"46",0.752520405368114,-0.00360768090629637,-0.707501277266231,0.669812917380389,-0.527929504640558,0.176778230142152,1.56851601897338,0.0849001160020497,-0.99413287101726
"47",0.748887776656324,0.708985397753907,1.37040299165833,0.208019317248262,1.17580885299413,1.52327005935928,0.408803101465459,-1.35086229720754,-0.144679861309043
"48",-0.834670592947786,0.585920408335989,0.263407382527689,-1.20251185770719,-2.05122578736629,-0.986503452043026,-0.265297988023923,0.809442585911877,-1.69703761588476
"49",-1.84903065988943,-1.32229672371465,-0.112222192360981,-0.798423041489625,-0.414608856222209,-0.206515917965936,-0.478002876829523,0.878258159139822,-0.506484249581359
"50",-0.250311794587701,0.599145753354253,-0.798126383854582,0.868227394040992,0.526204323700222,-1.15268860920674,-0.324460407807805,-1.87433218958796,0.0433479778532758
"51",-0.234713556282534,1.66607340765661,0.197964195727668,-0.976342146506069,-0.803004215034666,1.32975916527337,-0.274879377014237,-0.404568970638417,-1.02439901906755
"52",0.941368007377393,-1.26137875180507,-1.50059637711906,0.426669528734614,0.805512682472608,1.76367922696882,2.22742035028136,-0.810578544036015,0.716191738709998
"53",-0.107914992200071,1.34490990632235,1.49336125782827,0.67744135294405,0.437308155645502,-0.282095876334369,-1.99019602606095,0.222362218970139,0.406290188819493
"54",-0.382515425507917,-2.04303029104659,-1.19667409832857,-0.751031205348255,-0.820922729910599,-1.12002771815988,-0.795285805832003,1.12525072314966,0.346538271166272
"55",0.906113984594628,1.69461559056701,1.9138022562323,1.25793795897125,0.896794457655771,-0.502653228786572,-1.67785695519178,0.89769341770979,-1.22252851540884
"56",0.12193055177227,0.0262480555252823,0.338059358168864,-0.414809373447474,0.556073662793619,-0.231533036358662,1.26376102053332,0.56249730721704,-0.206847046649577
"57",0.121803313970923,0.235259324488171,-0.717845358750816,-1.8320208285136,-0.861221449929109,1.00512754926966,-1.90437263281982,0.48152776256173,1.51392313044554
"58",0.356584691474422,0.80877077418166,1.24854425708513,0.795326320043823,0.537377440936073,2.26056643760648,-0.424361634025581,-0.551945281871354,-1.4179603853097
"59",-0.775376522065099,-1.23147024166079,-0.355758819208643,0.377103649781955,0.347205646630209,-0.413285935419784,0.185244592155642,0.629033339318687,0.212005893196804
"60",0.841410938756843,1.04997588325473,1.6177138250805,0.63205242240791,1.49127706014076,-0.493156161111162,0.670845674191321,-1.41417377591362,-0.655499509930505
"61",0.743287473105918,1.97404049354652,1.66583477667854,1.3959096250766,1.04337939267272,-0.0764098577072969,-1.5831499646666,0.365333447030685,1.5091313035447
"62",1.00993296548762,0.734823618059095,1.77202888859691,0.713433433460408,1.00847459499916,-0.473704368572268,0.538464248653265,-1.18709619241344,-0.479452837408859
"63",0.794291678655368,0.810339800717316,1.12667388484314,0.0799524696762663,1.46460182949272,2.11202171987735,0.974507935139728,0.389007336337754,-0.0906854498625755
"64",1.21099708188084,1.21209762384866,1.66339599794184,0.520344592152177,1.20580799303453,-0.308615323643229,0.952845391224111,-1.58871425713739,-0.905304809662459
"65",0.928959059709395,1.21194200597352,1.68324619405136,0.937124405152964,1.59120625464946,-0.369992537095867,0.64960513321498,-1.7522254536007,-1.32134027143303
"66",1.14375655921409,-0.644526455140392,-0.597219713441081,0.820067529122713,-0.356767181394851,0.177498962440492,1.75273752627147,0.911185864218234,0.595350641298342
"67",1.15592667247504,1.02780924512074,1.6134753680156,-0.183271622470867,1.81318641454448,-0.0108638005576146,1.24654868723762,-0.446751981709651,0.862242320989154
"68",1.42567277325279,0.851979802467523,0.667836846376396,0.27460923781166,-0.239333975885089,0.929154578575236,0.0255074578139156,0.00388686286247426,1.04074163716084
"69",-0.340054744864574,-0.116880342429781,-0.295665845574049,-0.491285187971279,-0.894066781201243,1.11790117892763,-0.402402584680185,0.368221005323814,-0.532750831579595
"70",1.08297356994193,1.26342281098325,1.87953835474573,0.78652808302553,1.70663002911098,-0.573939484599909,0.71199464911893,-0.991293775023412,1.16978692750323
"71",0.313708080533199,0.534307832390522,-0.425580651634117,0.710158811878634,-0.444994043392592,-0.26352924428634,1.21087949623511,0.0276429344275051,-1.11558682950353
"72",1.46421346833037,1.25067346852433,1.96877914055113,1.1321218019657,1.59449489419893,-0.190482955056973,1.02353509084182,-0.135937293461804,-0.609536011495048
"73",0.669906236263657,0.0910351288023752,1.33541012895881,0.378021274153463,0.427011284750514,0.431441058462735,-0.951122563361552,0.543670651027313,0.742988018675396
"74",0.324395183017724,0.290281589649209,-0.831029111782833,1.07679845566455,-0.816837729145579,-0.688261449839061,0.938652425077521,1.32717141993277,3.49146053606551
"75",0.748889110528237,1.14757077794819,1.24334795249182,-0.193602957716187,1.42741549105616,1.52076375587407,0.919917698932204,-0.447897017456075,-0.433000614535905
"76",1.00762574678415,0.957396029966638,0.561555681312025,-0.607164648994953,1.19351098985818,0.0415123352142471,-0.359663377220461,-0.523692281038097,0.700607621357672
"77",-0.100874738850892,-0.412126746809174,0.763635367282075,-0.7689872353379,-0.667308594408232,-0.201286093024737,0.0214046437717245,0.00338324163362237,0.214460793775112
"78",1.25092951393807,1.07813532036823,1.70806632857525,1.09249582229218,1.82314513606506,-0.462659908504207,0.840028988087211,-1.57541052930129,-0.636974833893791
"79",0.691241721828204,-0.0644904653153009,0.691740334129904,0.52528552978323,0.96192525244976,1.25345349715592,0.18515881202378,-0.135282484046409,-1.85235953297451
"80",0.963583566719864,-1.1059886109251,-0.983274418014018,1.26604082997783,-2.48874099381562,-1.05276347407498,1.38106665793424,0.401636263421617,2.33231600312052
"81",0.501892481326498,-0.530517228617943,-3.11954167565444,-1.84725223027538,-2.40492265153694,1.44773680092276,-3.09146297567434,2.95732710714959,0.660828473027689
"82",0.79075729844441,1.23293904908929,1.353565675316,0.554139142729818,0.766908776526044,-0.797538894448591,-0.0659848482580062,0.583937545318043,-0.633048458007325
"83",-2.20918907238909,0.596771943307945,-0.926745939666099,0.448059768511172,0.546729328449568,-0.796459023581676,0.419084886527353,1.2387543700431,-0.494843432235717
"84",-2.79245350510489,-2.58719165720746,-2.01761941828225,-0.27144341652356,0.84481153689825,1.00274356389844,-0.213281997012925,1.71482434968907,2.22134486973198
"85",1.23260542411423,1.17008651558679,1.85115176996343,1.07211802670975,1.74168158347469,-0.612557726701889,1.01183781376144,-1.64495837414033,-0.813406209071419
"86",1.16698575936078,1.51896751326436,1.90555285131379,1.16972598483483,1.4309731008367,-0.238489884208876,1.03533768877927,-1.1045664212145,-0.626260036575105
"87",0.719051201158591,-0.0268995194230508,0.564113295248078,0.790201205682827,0.0391604491752397,-1.00728063134966,0.159407175994537,-0.21775715024227,-1.82553044743059
"88",-0.599464201336343,-0.536177279235252,-0.0735982922517124,-1.34770498265147,-0.087529748802624,-0.191018250184634,-0.81468331635738,0.120262630748899,1.70949028134721
"89",0.128967328518101,-1.05576577599397,-1.00656571445655,-0.60741675167143,-0.651307680628419,-0.883590489790985,-0.852294312599108,0.806740315161534,0.283295533731282
"90",-0.162062194053588,-0.0884598133275367,-0.36483040931836,-0.695381050964251,0.3819935170905,-0.956516663804133,0.229031352653054,-0.281654987434766,-0.0281613641068687
"91",-2.83944791648748,-1.80452123201203,-0.0880189509265545,-1.11115857992833,-0.368863084471077,-0.356877258595916,-0.801964910256494,2.2416391352705,-0.251311350995973
"92",0.05956532312725,-0.780511288037064,-0.223775769437836,-0.81690176548961,-0.209109867954813,-0.528313106828376,0.368114818871173,2.17854498590593,2.04441090545662
"93",1.3514580155056,0.479535703110421,0.675998230917676,0.9546206980566,0.819353417995399,-0.77024077239655,0.768237965025335,0.359324182625427,0.492234153815822
"94",-2.25071623778935,0.440100782590514,-0.910950474872154,0.706923270179433,0.368583964494934,-0.624168693125323,0.52232765861573,-0.320842625733001,-0.25592754259822
"95",-0.132499740934532,0.061244521446821,-0.442210537734908,-0.948691884076739,-1.40981224344937,0.0273495194408652,1.12199971749687,0.169949765500457,0.800798385031208
"96",0.67296534406788,1.73215128182733,2.43154270939063,0.822016897339102,-0.577453766356995,-0.669517289614338,-2.6608117064298,-0.354956580550609,-0.240492019790683
"97",-2.14881867505308,0.317521723745944,-0.597054436336232,0.491232347285339,0.0843129509780719,-0.649058773953041,-0.147258863400827,-0.681479481705473,-1.46935542133236
"98",0.901122742613909,-0.357501979387404,-1.37322858257042,1.52814999045037,0.554243354466481,-0.698621810075297,0.734969841470003,-1.3452533651646,0.388831152373045
"99",0.158564104226433,-0.0860333775424244,-0.209496492105313,0.153863007277623,0.156517947513854,0.437606908895662,0.888699039400583,0.27272509220201,-0.0486794789169224
"100",1.20354092649742,1.01725115145892,1.59699051617077,1.05912219346293,1.80557328815957,-0.436119936875154,0.75112816745349,-0.712741745533178,0.208195407039139
"101",-2.09723571245347,0.500006461092458,-0.547321987611382,0.361811567948609,-0.0278182790298856,-0.510059891201444,0.118385597325117,-0.454166310720542,-1.29206126029283
"102",0.951872523431806,0.161115747818522,-0.884592166285777,-0.886005067086627,-1.35047939652563,1.00717647135005,0.667649195764628,0.263575971037487,0.803668007166236
"103",-2.11195133647026,0.612006997505244,-0.680888067520508,0.295239246862129,0.45577887854618,-0.807397664259383,-0.0779279354257135,0.283007855936538,-0.336453474475008
"104",-0.0325440795988679,-1.0232112980912,-0.316808963354586,-0.342561468342985,-0.203571854059864,-0.2891248958096,-1.64149772299889,-1.52863626670289,-1.03614612395246
"105",0.599651163001785,1.69255312731786,1.66304163672885,1.19458598647753,-0.045159468772097,-0.200063095410127,-1.19130299699977,0.519120638656603,-0.962167860183056
"106",1.11402870696828,2.017446860481,1.95594787236535,1.04189636979044,1.37421686076474,-0.588374717119942,-1.78579346494536,0.440175893534596,-1.29565784649424
"107",1.29002611207475,1.34141808748255,1.79929430110677,-0.156874334026183,1.99155977921904,-0.500719375715802,1.30004906501276,-0.87261391360123,0.995477656498006
"108",0.0239104001152592,-0.253203792061118,0.219147505115982,0.134660079965158,0.0258923488845418,0.0740012490531258,-0.268146667495932,0.415019245007162,-0.300433049087534
"109",1.31251025718863,1.18822089076573,1.84485876594128,0.913903753661269,1.61735537052667,0.220757444131231,0.785232202964536,-0.879405360919198,-0.664659349160623
"110",1.37407583498975,-1.39087429255418,1.91138072425898,0.395565258056784,0.680552384920318,-1.05444101547186,1.49951637635156,-0.448079324651892,0.305176892049576
"111",0.809517299638622,1.01070740289106,-0.150127766226966,2.35030480470688,-0.114842892290841,3.08721164213437,0.0182460607686253,0.823714664273889,-0.072743802163153
"112",-0.931801591099688,-1.26456447899183,-0.669361865364549,-1.22462515749855,0.294250415831805,0.234596498000543,0.157107928457521,0.635158491534858,0.751795463727738
"113",-0.82529417516714,-1.92690670232214,-1.81039811280687,-1.41811461946538,-0.105952126182738,-0.947409308553034,-0.555188098291785,-1.35574232305419,1.47438605739559
"114",-0.477367843819511,-0.775662832107422,-0.435108494183602,-0.731982180533534,-1.54932584205804,-0.488656722007267,-0.032219127491516,-0.965293974308398,-0.420831718001347
"115",0.0713764554634941,-1.03742489563572,-0.236231624833881,0.898175031440353,0.354107528866109,-0.0680311318224474,0.213293018701037,1.53221877693652,1.39317018598847
"116",-1.05812458596046,-0.605187111945362,-0.902512820777204,-1.63006906845892,-0.133551479527074,-0.413203430309873,-0.687273546360484,0.849078264085392,-0.319217273341175
"117",0.0894251897518566,-2.36828756253475,-0.947445123621451,1.17316653430146,-0.231676528321855,1.03407453364034,1.53010583407972,-0.214369958776757,-0.42006201939332
"118",0.480812859771907,-0.944497066218077,-0.160849280096084,0.255461310917188,-0.44756524111553,0.384233502986003,0.0207027947974436,0.160934711842128,-2.7272860133717
"119",-0.612748710245833,-0.322011716626477,-1.50225474230469,-0.480164627934131,-0.750617487748648,-1.49884058150886,0.96063071636941,2.07018557891246,1.11866976300089
"120",1.14080352280712,1.08751567107478,1.63983465099388,1.32569684468819,1.64131126133768,-0.416011440139228,0.863814393456596,-0.0920647015868085,0.439165400992396
"121",-1.92291999901455,-0.380336732998644,0.599160030122362,-0.750643129087892,-0.227782822315652,0.0605862629936512,-1.05712023741235,-0.131516613219003,0.375453551840807
"122",-0.260728125176415,-1.98280056907336,-0.123448960901929,0.614996784165415,-0.491799219952061,-0.771298165092262,-0.380831940030861,-1.74373392350325,-1.67850383322946
"123",0.401119665122888,0.454820297465361,-0.257634195966229,0.260774934277172,-0.348571372738369,0.306864187090579,0.179991819032754,-0.431411237774212,1.45887697370918
"124",1.18776924553767,1.00623831458282,1.68398629277853,0.9792489167635,1.42562889871774,-0.12657419838176,0.989453051534773,-0.672660156265144,-0.996198671218667
"125",0.157280798017376,-0.608391391367981,-0.301438652862709,-0.569735129276131,0.00443512058710745,-0.74092878294908,0.118065284192606,1.17836449197249,1.94855242691602
"126",0.678611336948432,0.111150645984811,-0.607995301307784,0.547054124380227,-0.618435971684955,-0.0797073785625274,0.386314395392943,-0.688856120099999,-1.91331209154665
"127",0.711665261917232,-0.250816845203992,-0.555009984159907,-0.51210225706875,0.30632953665022,-0.585659574468048,-0.217043960061982,-0.0270696555612155,0.943562403785871
"128",-1.09520268333123,-1.67678431387484,-0.181308777530896,-2.08979281216226,-0.816419600710164,-0.214147794986238,0.039139492818482,-0.69057415448255,0.864511642544878
"129",0.893984791290756,0.34532043769591,1.01992490822179,0.272544133026545,0.2069940319872,0.764739827981155,-0.278251169999193,1.34167513523269,1.51248322989512
"130",1.08314395978207,1.32687447873487,0.816440681470357,1.62047213493546,1.05892298954088,1.36439132313586,1.06214693786317,-0.284451771692936,0.058991677554829
"131",-0.936793427287832,-1.06555777738314,-0.501189367184202,-0.199304840901003,-0.333873518876299,0.731369283264388,0.431822102996783,0.321607793616584,-0.0851258156878829
"132",-0.0888995887905915,-0.591861049861634,-0.244121762931005,-0.16490259376849,0.394560315201679,-0.0325152364392403,-0.71717138228365,0.428484871041791,-0.898298690862966
"133",0.578628821921695,1.69360180276782,1.99334044078452,1.22482246796829,0.459037311427,-0.521647038797039,-2.13124834137829,0.338522591276772,-2.43186607435221
"134",1.21716228871701,2.0426902463,0.838235576457831,1.10515493009698,-1.21606643729138,0.0835976519407673,-0.603468216520948,0.387828467881532,-2.80483962842946
"135",0.00790351428942657,0.439351567422421,1.0977040296485,1.36469366572746,1.148674697296,-0.585089959042869,0.607024478714581,-0.30877329944687,1.72420094577064
"136",-0.406839293476552,-0.690650847027154,-1.02641777176636,0.393023357786697,0.261398547433868,-1.02307159357714,0.588983065132313,0.565160644823886,-0.292368775937279
"137",-0.506009418451136,-0.832112289777287,-0.631858346965932,-1.13302538396505,0.460539309674002,-0.467286127349853,-0.04985676803341,-0.00836365725781356,0.0853004644412832
"138",0.0342524464659764,0.328629433598037,0.649411205169096,0.701437372197592,0.204656875980985,0.00117011493725183,0.0811126199068117,-0.0987341334086635,-0.574612000364994
"139",0.643595681942371,1.47704451180053,0.171701009885762,-0.0961293083705395,-0.750282605532707,1.45804764381177,0.345289005832386,1.27218591583571,0.280446716230178
"140",0.20089277753696,0.185774456300969,-1.31019513993193,1.85264740297462,0.410113829372596,-0.0445917523187727,-0.330778030766872,0.92581045318266,-0.513385121704423
"141",-0.0791762306614132,-0.0549019012849854,0.830982911621746,-0.0466590069321236,0.762197696267586,-0.180634761306511,-0.295829325407447,1.12685217105497,2.26611236146214
"142",0.341385735663131,-0.103824575244462,-0.0631148215240544,-0.538736121247495,-0.0776566107585387,-0.0255654750314566,0.020722290764688,-0.574138675596907,-0.931441226556337
"143",0.774473241822527,-1.36092707823505,0.48982529964501,-2.06497239913856,-0.423332367083151,-0.272933401752063,0.45779772022449,-0.991554269660802,0.0359680030198732
"144",0.304425687493518,-0.0101873454511782,0.0507811017958997,-0.0160619818597761,-0.383810372505659,1.92008887327559,0.0638855579530109,-0.197026995619708,0.543553816842995
"145",-0.173942936944758,1.21572341524103,-1.89137752010305,1.11521013289923,1.61304234980423,-1.42523687555924,-0.0846679842711243,0.335198756004487,-0.0655143192922201
"146",0.0861799143935487,-0.669243078626677,-0.965333153835292,0.410188220733925,-0.239524847863882,-0.370275870621549,-0.105240398554999,0.517474961746064,-1.08100796417762
"147",1.1938207039489,1.21565162256272,1.95031213674616,1.36356299117859,1.44178738189611,-0.450558378357178,0.7549587418939,-1.63016385017239,0.228205858299989
"148",-0.0262972440565643,0.853131600076658,-2.53446688409798,-0.940907277370663,1.92093809837251,-1.1664252565236,-1.02804906271232,-0.746717673493982,-1.58240020808037
"149",0.163863089949325,0.536361868291498,-0.447403577555943,-0.715739834326461,-1.30397756824001,0.18255786928778,0.558754284679635,0.699464832040782,0.0539855442314835
"150",0.867823679016439,1.10663082593604,1.79891028865864,1.15055995127136,0.884742747465059,-0.14888014803798,-0.645947625575231,0.00317841390459825,0.040932899907958
"151",0.258612866928487,-0.00400863092667279,0.535351361925553,-0.0669761850480666,-0.43803975315251,-0.0883131026324782,-0.382109910545976,0.949962367787737,1.16019629231588
"152",1.34317130788817,0.0184208871299143,-0.367256531024384,-0.169540692438004,-0.529795471368578,-0.254756898989439,0.819595171752498,0.868242112617326,-0.568697259577795
"153",0.965890970614857,0.668358544438079,0.541228711685695,-0.622347675237297,-0.866289609315421,0.927664929982782,0.810452565443525,-0.416639615335956,0.0405367136043201
"154",0.965630205712723,-0.383152435060776,1.55731058672236,-0.9746987046187,-0.337500386003511,1.43860601199134,0.626711440307372,1.39096576176787,-2.34797483311225
"155",0.959386334080954,1.82008280060802,2.31579079355919,-0.0125356508543901,1.00261421810761,-0.0942498143238804,0.288447838012453,-0.154768629272586,0.701307374945486
"156",-0.0365273255929202,-1.8032058712347,-0.602093831826714,0.49141844929647,0.383113619690065,1.35226303173276,0.660504402543612,-1.2790716613344,0.380774781589606
"157",0.308616327687552,0.703123844502738,-1.49586375488602,-0.0179039907281555,1.29899946145227,-0.307018209730863,-0.022723174725887,0.0150417820264262,-0.468188596793647
"158",1.3205140442367,1.12205563363397,1.91424669842351,1.07470819210803,1.85129844300107,-0.363090978636092,0.906662703951749,-0.323034873486376,-0.127339366492017
"159",-1.95012860515838,-1.28152523043497,-0.754699279425618,0.275784050579525,0.102958426203655,-0.206979515049036,0.414221953187186,0.0505959130451697,1.40852556028263
"160",-0.147783191085242,-2.36119541742661,-1.84913423048533,-0.161160245448567,0.269310322439384,1.24849231935486,1.29505758389639,0.650964855495152,-0.170467943970011
"161",0.0555159549506783,-0.25086569037692,-0.396025419676828,-0.0631024290649819,0.213704374516799,0.582847694891711,0.0794789322429405,1.16122537003598,0.517493090784298
"162",-0.188452581176007,0.833229934320536,-1.2809788092243,-0.492621710712357,1.17879698327349,-0.878632673241902,-0.181486425863276,-1.36798428104213,-0.433525079391308
"163",0.424217654820865,0.183312940014566,-0.179579616679522,-0.0288946264739561,-0.227474918442185,1.26142997630335,0.458919787112949,-0.186207890491155,-0.985748144906509
"164",0.782126839033818,0.645549985976822,-0.281918437066739,1.44757323583797,0.608139301657311,-0.628625360499514,0.406020813023549,0.976099868029904,-1.27925298974937
"165",0.297702980076095,0.727435783803146,-1.75570416185809,0.387975710934437,1.78782801454516,-1.27288753297999,-0.86494578226935,-2.2283921176017,-1.01132288736537
"166",0.627747623053988,1.24514649167871,-1.90622344339775,-1.26456846147792,1.79434702415548,-1.09146216200201,-0.912800602363697,-0.848609228457232,-0.870054934898258
"167",-1.13599579044842,-0.556902360749455,-0.209329518552155,0.181035102589796,0.671762589646736,-0.174071552580123,1.28919754131733,-1.3542507669356,-0.542716932427033
"168",0.224565496372388,-0.10616669139308,-0.019269316410066,0.844033772555783,-0.333935794619946,-0.482838522247705,0.66623121448244,-0.0594178030786209,-1.33473873615891
"169",0.535572010961263,-0.0132461232500194,0.1852404213167,0.225474415724117,0.538241909699643,-0.278946328164446,-0.170021924285652,0.0867558701085043,-0.159895491832265
"170",-0.0890906357275733,-0.0949886703103221,0.172798419980578,0.0479705573206117,-0.642788916440815,2.2510382546479,-0.86832427513637,-0.311104708182568,-0.381018021372874
"171",0.29087499252062,0.189540263755995,0.637459723568517,1.27340916084951,-1.06962890454295,-0.937525040698762,0.170722930217236,1.45584136707338,-0.419285544201735
"172",1.07811500080068,1.045512376227,1.73582599939776,1.30302557717213,1.55100536927951,-0.358580786114707,0.839780011030524,-0.370574778145014,0.193696363687913
"173",1.32821133345855,1.15900219148195,1.04161039333797,1.91132489657955,0.679661234898286,1.49163608239079,1.57706963840624,-0.363023469920022,-0.627360055553363
"174",-0.0607020092803464,-1.46873343250929,-1.3671446270627,-0.0377251592647306,-0.260187581755927,-0.55109171666676,0.862313669194595,0.909657685508368,-0.919666671304129
"175",0.183352851177367,0.904466895304918,0.428588137766107,0.123218093468632,-0.80131807715952,0.0493548551859242,0.147502192082879,1.0313746199725,0.49916660683703
"176",0.969058649973572,-1.7918942667337,-0.57319985892674,0.6754131273178,0.706079913323267,1.0956831838012,1.49131007382092,0.693651952693873,-0.0992380758627503
"177",0.889187385574149,0.646061801929003,1.19149182292959,-1.3123325739833,-0.5783057307554,-0.0185485474458372,0.57358941280157,2.22489025591853,-0.112482147874786
"178",0.134406905645368,-0.404636147926248,0.149154423891647,-0.117810132508438,-1.27556871155509,-0.799230140503462,-0.290752902397149,-1.27211394643022,-0.662781386019747
"179",0.0420527537307241,0.0306504023628401,0.952972794724025,0.513329676837728,0.657106815533139,-0.580319664465966,0.694757290369984,-0.377790982044297,0.169304835668995
"180",-2.23187514310807,-1.2188609774708,0.120212655357374,-0.0912013037176515,-0.46996162642665,-0.43659476752786,-0.287448211127987,0.378629426870202,-0.95142455767488
"181",1.04646019158116,1.05658987058153,1.42816478580797,1.4183889032902,1.35044874986534,1.50172978665381,0.717531574828249,-0.412408956974364,-0.36504162135647
"182",0.267055351103756,0.654828455263495,-0.0233147280378732,-0.261675922479708,-0.0457156145052309,0.662589624822783,-0.0584622411847576,0.0876589991413412,-0.803391222505314
"183",0.410404883273971,0.292256341146954,-0.0536085318049273,0.450287183838627,0.370577794643898,0.21881245115817,0.910504906832566,-0.239424897840454,-0.941016154335865
"184",1.40898133536669,-0.0928677324219397,-0.157929394120981,1.44377855380818,-1.48417140413273,0.463439013760519,1.46103573300786,2.72387480521291,0.573876549649183
"185",-0.581417711562612,-0.545683860462655,-0.670808888334177,-1.40599937477317,-0.446807854279649,-1.19833903722624,-1.40087056542178,-0.0835127467236105,-1.98953092227675
"186",0.149509405583999,1.04150234353964,0.54879804365832,1.25452420491707,0.241630786422078,2.46994189269908,-0.204482985220915,0.961959901753014,0.415933907559257
"187",0.0295550042064084,0.578739348787707,0.82327697314845,0.793897084237155,0.669638186103733,1.89581153364465,0.218073052364463,-0.164138604647942,0.575662268491084
"188",-0.937091577429336,-1.39194975703757,-0.765517828487103,0.33646341442455,-0.512477694096037,-0.195354200515788,0.755583416538529,0.972097882209778,0.831185318528845
"189",0.00614830587703548,1.51488487412675,-0.48098169979067,0.140968332427338,-2.53263343214918,-0.574099293774325,0.25172133928767,0.272260410145377,0.889413092946663
"190",0.773735615168753,0.365062562478843,0.432234119282263,-0.0693189068834678,-0.840629521710007,0.887008349645642,-0.533467597566083,0.300924652186612,0.455302605350513
"191",0.811260136899162,-0.273762467153442,-0.129428026717622,0.576383133909243,-0.731986619348591,-0.776351477711685,-0.240407769535524,0.138054892716766,1.19155722480221
"192",-2.36072281895793,-1.72205246826945,-1.06454774027987,-1.44998272188818,-1.55864783644747,-0.44266057746771,0.268440118504672,1.11761282041147,-0.00859375995180669
"193",-0.0849974128441844,-0.31269519829365,0.0595158214866037,-0.501783734406546,-0.370192411018754,-0.269833567300869,0.306438032499367,0.954534731056986,0.0404998854703559
"194",-0.625352568744073,-0.720163469821178,0.339904318591577,0.44222177065381,0.0902055991342576,0.873284266526949,-0.248959374765423,-0.744133257957615,0.508457485619188
"195",0.661666153421932,0.685557256868651,-0.0220266770500747,0.140242207191536,-1.27466386143585,0.229194640045048,0.15246536653057,-1.43583670393027,-0.857028547965309
"196",0.549741736672122,-0.454453014937286,-0.989050014830211,0.373203286492264,-0.743910381949626,-0.59723431382124,1.59107741128753,-0.31680412474602,1.69726922257158
"197",0.337453111028331,0.0251693504906963,0.84264267272393,-0.594440106901394,-0.00752889202690446,0.340827480760876,-0.197861487544146,-0.0876602935491033,-0.78812466134359
"198",-0.547995137002929,0.21295186721612,-1.44758979093855,-0.870431027326458,-1.96569136665717,-0.679765406567381,-0.39313724414081,0.801842111739971,0.668534075271407
"199",-0.649313557704429,-0.99632723202727,-0.197477471721485,-0.250261416993281,-1.5630323887825,-0.581739411380662,0.533160762658534,-0.243132342887488,-0.362264038520266
"200",0.0215361602658623,-0.71731213047215,0.540640886838732,-0.769284699090842,-1.25764683937393,-0.953489534015072,-0.602570216000557,0.590322618685753,1.07757821872469
"201",-0.422240124046928,-0.702399777513972,0.538049682394489,-0.50666693285097,-1.05696828001064,-0.897807486076951,1.25745105818998,1.07972272397322,-1.36968119808501
"202",-2.95751032989552,-1.30944966331506,-0.527970557725114,-1.50493016804756,-0.0894769252553074,0.490624765327884,0.2310856583458,1.01122100181329,-0.857026600616498
"203",-1.15714296256922,-0.779752789117546,-0.345976446481149,-1.36408483971379,0.942628328044615,-0.210524024245975,-1.23999656180247,-0.0185628808651165,1.25664673763136
"204",0.144525133348598,-0.880846389733067,-0.163046320254552,0.381494059084856,-0.756586347767141,-1.12348109115739,0.81083065493058,0.12344657659897,0.935910420823589
"205",0.431999295988769,0.960916188163236,0.0563247047924969,-0.470429425560162,0.21115262502561,-0.775835219078933,0.782301260473122,1.63047685794018,-1.40071312703359
"206",0.322751382707885,-0.69769826023687,-0.256666334795627,-0.0323981305234125,-0.201283192767276,0.402982443694588,-0.757123538007494,0.466180086856053,0.827405757375707
"207",0.294786731654631,0.28295998041684,-1.8591306835607,-1.24230082369135,1.40748473615449,-0.803867250109585,-1.21020768745489,-1.13909960600691,-1.19040562571349
"208",-0.0909771136688443,-1.59305616315294,-0.63443012905534,0.11257616179641,0.278311361010056,1.15967004836607,1.10302161023008,0.0490796480051389,-0.902271040403463
"209",0.340017513420052,1.26976303669072,0.301739230013799,-1.17621308121093,0.2981032041727,-0.166490149707295,-0.513506686015262,-0.45287597860911,-0.584990458077193
"210",-0.405474429173562,0.864124854717393,-1.02592709626929,-0.00522868350774287,-1.07319256053506,-0.447221362470428,1.46985656980401,0.116522513656327,0.921036356942327
"211",-0.302646533420334,0.326265742447906,0.763643106909979,-0.509740118979079,-0.615456920200071,-0.844144140572319,-0.784770453524249,2.07504677596207,-0.0150814136654062
"212",0.397945453296644,0.808628935433533,-0.648984542376019,-0.379514531477895,-1.62282422021016,2.1843755834022,-0.0150275601041135,0.870483809520296,-0.0111566373558782
"213",0.0856557372787714,0.367560341282673,-0.272990446165502,0.918195401027916,-1.2210110559229,2.87741193221441,0.56560081279144,-0.338721554878637,0.42705387043071
"214",0.298367235746146,-0.724892118506332,-0.239537638987481,0.245626710823786,-0.934293341531804,-0.452127158902729,0.0308164422131403,1.57264962884742,-0.127380880978646
"215",-0.00358016050927376,0.977766129294139,0.18229119323396,1.0785154230329,0.018083774938299,2.78230096078717,-0.806381190919323,0.543454356110096,0.844130258475756
"216",0.905082903106228,0.610888102719855,-0.58048857973917,0.210111075473113,0.145600916977334,-0.78739098574885,1.06969274877196,-0.116960285240524,0.440522213558277
"217",-0.974908090207137,-1.13944627807811,-0.383608742330979,-0.0638914910550736,-0.0862962961989654,-0.59300890776633,-0.839782074120415,0.668805918878637,-1.78691968615882
"218",0.86007623034518,0.828478460942238,-0.584528163139122,0.713063031037319,-0.847025385315063,1.26477217862773,1.2209772595826,-0.143472307735383,-1.33105725142811
"219",1.3358553859135,1.15834551091711,1.632921006522,1.25182552822697,1.60887731816446,-0.474815188144333,1.13562854235606,-0.910898601010988,0.905839555299839
"220",1.19205271618776,1.13949985683407,1.78228549061766,1.09307190845729,1.49175962842357,-0.283112158534486,1.2857615225439,-1.24253734734087,-1.67179041121164
"221",0.519166205553245,1.1164070610698,-1.40199767566993,-0.683935634322157,1.54157823729254,-0.90162360839939,-0.431256394377235,-0.935241560702657,-1.49778217271632
"222",0.245225463320854,1.38436015544041,-1.75960599876817,-0.674828440839552,1.37485671330321,-0.737236198834642,-0.0276023797138319,-1.92139880097447,0.0723633361706604
"223",-0.340146862156383,0.151612862858505,-0.54634222963708,-0.954199873767136,0.7514492325899,0.174366394161363,0.514387689956413,-1.94931026900997,0.847038687350689
"224",0.8275771848215,0.536835811099527,0.20942339019388,-0.620395352268436,-0.787481437999994,1.58817865143584,-0.570376121538714,-0.604611389677333,0.464139472526045
"225",1.03437515055578,0.827996249057979,-0.00404850432358134,0.344743821925085,-0.0918426927509564,0.54950285703599,1.34169125239826,-0.430377794296122,-0.612871868123123
"226",0.284278264700989,-0.0937584275514643,-0.234063743205712,-0.152285212871108,0.491569012917051,1.80737692941106,0.0255201844391148,0.311123300102947,1.00225321687122
"227",-2.47816647408785,-1.54858735991195,-0.232006288725931,-2.37379823772176,-1.97386100433099,-0.99190520868965,-3.72547625236097,0.895262982910413,1.31758067592962
"228",0.64713291878146,-0.00769650256870689,0.167947798604529,-0.666538862944166,-0.771153538011622,0.229796425137984,0.290441901641289,0.416686059022905,0.225173332985439
"229",0.272932458992213,0.0839595412144429,-0.583810535753197,0.417219729057283,-0.67586462062652,0.467952476240581,0.811279876039415,-0.329399037415677,-0.224994466229504
"230",0.920602770448216,1.20577160559136,1.97040721255242,0.959560164316373,1.74346499444991,-0.639290932427403,0.976965417344241,-0.340154975645953,-0.67638007539604
"231",-1.62466025995511,-1.52232160348346,-0.396575482159605,-1.76493221218732,-0.964832150807551,-0.64978155849702,0.761843118354192,0.693502912990995,0.326270070804415
"232",0.844723968544185,0.936856605211816,0.825522505914665,1.00597666885624,-0.0589398092451352,-0.409661292605542,-0.262741002547438,-0.541333218334165,-0.0882742582389281
"233",-2.36488208080646,-1.56487025007974,-0.284729928286189,-1.38524622283347,-1.80791928481229,-0.78184965005235,-3.21049251949485,0.654567996321511,-0.495420318020144
"234",1.06737865437315,1.28187983857211,1.83521062879946,1.4191581467915,1.9218418937534,-0.518159525408235,1.16499324456327,-1.86633525097144,0.16418784290171
"235",-0.744993328309898,-0.392460309219654,-0.593278913380373,-1.27621943162039,-0.712048270775423,-1.19269006619422,0.692187286015407,-0.851784813018002,1.5697581721106
"236",0.473167848953301,0.121693646978165,1.09040333421832,0.354175328797634,0.5568249801196,2.28477742886271,-0.337042841766421,-0.0690715766828812,-0.345764602152303
"237",-1.50712330848825,-1.71332388833536,-0.506462681699606,0.459680409259379,0.0989656588050857,-0.134905743087089,-1.88782263343153,-0.143907460267388,0.675722268769101
"238",-2.68388449674156,-1.56085261241644,-0.215959610184091,-1.57145222243666,-0.761527007827016,-0.870267698484073,-1.41711142220753,0.826313548248194,-0.909972853961033
"239",-0.883559482154933,-0.48516290660281,0.0829337260530757,-0.296038926126393,-1.11524164688484,-0.795443891034739,-0.83131608245364,0.330466273368393,-1.37562564021915
"240",1.44287959935459,0.993516926828342,1.52119321996877,1.16070351133186,1.74117994484839,-0.459065826259869,0.993081140452747,-1.54653035482181,-0.417373067740083
"241",-0.051266741651341,0.868180557060007,-1.78714972237492,-1.61041174068258,1.12737419294013,-1.07421592171962,-1.46279773736255,-0.376415512669235,-0.434275622385339
"242",1.03335480894369,0.730426768783136,1.61530140646767,1.20422983590955,1.39282756526985,-0.38869170905073,0.796951637065923,-0.353433500567072,-1.48809173626757
"243",0.0728841631675194,-0.0913205922891368,0.64587336608613,-1.22404643884071,-1.15222564291917,0.198520674449567,-0.276091745047979,-0.419144638353933,-0.579630815403944
"244",-1.69828473737126,-1.73614605275087,-0.760043594000009,0.720783019820227,-0.900630828025342,0.768692593021773,-0.680406729125523,0.0433034686773721,1.12827619701661
"245",0.683543029549718,0.875063333747323,1.17221836674589,1.03046632530881,-0.186944024735137,-0.605868100929679,0.183009797510289,0.317145163094206,-0.924459259083022
"246",-1.16648283604396,-0.809279406027076,-0.633531849262888,-0.115457252234925,-0.20329374344402,-0.834501345419677,-0.376112609451136,0.867144239382145,-0.369089449211035
"247",0.475943848683131,-0.05535999340043,-0.856284894173744,-1.0509849263357,-0.803011902828954,1.69610403866272,0.109509203386226,-0.764034603432418,0.421184596504678
"248",0.205905414693344,-1.04875466730425,-0.163659635232936,0.0344171332739626,-0.893201392790327,0.83739385750415,-0.447221449116283,0.210234314801271,0.929836176580801
"249",0.799495297139472,1.81087894562285,1.36859012058051,1.07147856864165,-1.03616304697303,3.41431808082761,0.193770363581426,0.953456218581603,0.154243697339942
"250",-0.342593372981565,-0.752404616426144,-0.553229145530238,0.531595190191555,0.318615076638012,-0.642014552537031,-0.270379562519737,1.20496838947827,0.07418331383704
"251",-0.771009725861358,-0.628901072019751,-0.743786693287773,0.26816292884003,-0.0405176127896596,-1.01672330318769,0.249922039049485,-0.864207056537519,0.675717898065125
"252",0.917027286498229,-0.109648022634717,0.0149609923379492,-0.454387478955976,-1.39284730069979,-0.140137323733058,-1.83753888766801,-0.847551202830555,-0.506616105703413
"253",1.47585050252602,-0.58003784896378,-0.780248048186642,-1.09476171104379,-2.21113080974428,-0.905640722194006,2.48996149374484,-0.650462993844671,-0.135843320129337
"254",0.898412594197686,1.0767987227905,1.45934313474427,1.92180876755476,1.04035591908068,-0.696746029630068,1.06635856776837,0.337948121890961,0.0377516848124135
"255",-2.06724676971896,-1.57192978909316,-0.260093063953662,0.262571094805293,0.0861857210497347,-0.713056213556642,-0.919388376106642,-3.70851330222143,-1.28473051637731
"256",0.127215499568464,-1.05514813118058,1.03152013723446,-0.0962822382807974,0.100356978901354,-1.06942530119775,0.0429621227995644,-0.45089469817232,1.79100202427361
"257",0.00712114980958967,-1.09385103526981,-0.722673731132692,-0.416995923105989,-1.58336365346288,1.40869750199569,-0.680471009342812,1.36232050692855,1.5788917199703
"258",-0.183623878234879,-0.479237094379588,-0.0554999226015419,0.20925603644008,0.0193999258067703,0.515799715391642,-0.548438855281066,0.0588264077339597,0.73809871503429
"259",1.11862300261051,0.235284927149326,0.37913654124242,1.24425601263696,-0.432718882038136,0.0812748625929671,0.675236448920834,-0.0854225891680312,0.11062162504457
"260",0.0677571451383078,0.38904329354006,0.932572031676562,0.641112810385244,0.614236570343354,1.71217678697042,-1.15295047979181,-0.573797922173457,-1.99344640813232
"261",-1.48812663177252,-0.279480201039772,-0.131022805792225,-2.10874910125767,-0.357320033353329,-0.429196134900945,-2.80942966771101,-0.179212022377635,-0.0789180483946118
"262",-0.653402948064573,-1.34259852692815,0.636076305691696,1.19370041520664,0.629607929970875,-0.651991001266098,-0.957356636434968,1.59025459175871,-0.777766705871265
"263",0.147906641815879,1.33929464999228,0.529375515035324,-0.0898666476319093,-1.57448696187744,-0.611515239720791,0.780476865789331,0.850389916485291,-0.424315770281422
"264",1.14949378044697,0.428301461374648,-0.631493194004856,1.32300193164898,1.70499059851451,-0.42569046345887,1.26839659757254,-1.33292382788677,-0.842875932523498
"265",0.650512022115163,-0.347399717266554,0.295797260363585,-0.955259468014202,-2.55571724245275,0.0341813959238158,0.0838656797120539,-0.806952801760626,0.101554652049205
"266",0.535962473698705,-0.682941841286267,-0.802576617994964,0.769527740665302,-0.402076112049112,-0.45235619181165,0.141262274573171,0.716631746761217,2.42236337829973
"267",-0.397667471562333,-1.76550510735398,0.206290680320344,0.675881917892347,0.141544405860418,0.832190305268444,0.090261407200009,0.166805705791161,2.80930955739306
"268",-1.67687966510383,-2.02106639759481,-1.56808201058916,0.0349744281072382,0.31834029612168,1.45000736075384,0.61540846319562,-1.34677259677485,1.40672193463443
"269",0.148201782191437,0.576196242779323,0.594696578374267,-1.18321956212214,0.00971948185937242,-0.855320276235721,-0.706189878214167,0.387324405950706,1.99910958212654
"270",1.53445955159515,0.485167017868142,-0.110636271410307,-1.81336535709974,-2.80936477835632,0.0219450584189653,1.93129898491783,-0.654895254795611,0.0587088716312964
"271",-0.16148070469564,-0.00632296602554227,0.61123548443864,0.126237218297333,0.100893263166908,-0.432634855750382,0.44040338338878,0.177605391874511,0.6619834284642
"272",-0.248840170342235,-0.908985994235142,0.272038317520774,0.267329684893449,-1.07921588261672,-0.216095858844141,-1.64536455880858,-0.848415999497217,-1.12203379748979
"273",-2.62425110238266,0.241777946377,0.855083703860028,-1.32997207283233,-0.512976064753081,2.11466756108928,-2.50866494555103,-1.37120067899844,1.55202536736186
"274",-0.196462229370609,-0.13725266253071,-0.957306766279256,-0.565303722378567,-0.736495533130517,0.716656218607214,-1.12223864852143,0.807546197123807,0.268528093603783
"275",-0.240387087971882,0.825646692948946,1.56327112155507,-0.629650752242506,-1.18938522129217,-0.291189774736733,-0.913088596673225,-2.33884257459206,-0.0661701899958722
"276",-0.6648644275708,-0.438163364953851,0.353453565074149,-0.938981415453843,-0.412372246602029,-0.728559032877231,-1.38722403853113,-1.22671513975411,-0.129191918958446
"277",-1.87172598665917,-0.707521105386876,-0.0629813026395808,-1.30550606928811,-0.462196813076273,-1.23979256706663,-2.83247368463873,0.174892531323365,1.85813014787362
"278",-0.327422472907465,-0.547818733071776,0.00458164099079308,-0.539655326479299,0.739535796442652,-0.244610562501041,1.07550826725566,0.721268866157499,2.07790595761317
"279",-0.278590498817465,-1.57662984180943,0.136890653790538,-0.92902930563459,-0.989489202565559,-0.960076003204567,-0.949666755766408,-1.8409878649274,-0.00786142196114
"280",-2.57731492666327,-1.40939372182326,-0.823084741292676,-0.724241949550833,-0.236832028530133,0.160375407180372,2.3195591933383,0.0157469914042831,1.62610292951683
"281",-0.370581968156609,0.130918511271584,-0.893109063119111,0.00573910737690682,0.573174755651009,-0.776067082202953,0.727688160525131,-2.54300632022541,1.72397917980043
"282",-0.595145873715461,-0.109096481868282,-0.286833113091266,-0.205197249132422,-1.17670953753081,-0.172871502475467,-1.39005627380373,-0.53108180821668,0.569832732945479
"283",-0.353984273811722,0.667663080806969,-0.127914543026021,-0.627593426648839,-1.42858319610537,-0.768159572928856,-0.360347854629532,0.489927010843588,0.35593492852434
"284",-0.554849119183226,-1.7401219156947,-0.94424132697156,-0.855133598973402,0.0875102663898997,-0.670437937337444,0.224097112893523,0.0726607945558609,1.09091571473887
"285",0.383382348694395,1.27539804539186,2.07575485665648,-1.37732993524275,-1.63324257108861,-0.773258724320055,0.641505700313148,1.36742066294466,1.27600254238388
"286",-0.897381193021778,-0.47498975478323,-0.101864020496457,0.682863608096365,-0.612814479280704,-0.18819878692444,-0.281535025614364,-0.0409429501362882,0.496394548772344
"287",-0.673034704477975,0.568346823992081,-0.785456771118436,-0.762715816192008,-0.386436884751311,1.96064095495409,0.448179233426826,0.151327479189261,1.11289847278147
"288",-0.462416633270659,-1.82097217722936,-0.7954471774152,-0.456999191044812,1.32008244729157,2.06913892530315,-0.339793325306974,-1.31922205531625,-1.08400179607954
"289",1.02625169035143,0.721720875349789,-0.18651796308966,0.580742575027567,0.732086723884859,-0.181952321812029,0.520773977102253,1.16603957583636,0.51795382769663
"290",0.301838051901261,0.328696392595415,1.20964519742457,1.51318651794398,0.314304647405169,1.96265035380836,-0.438646122560431,0.928204199878958,-1.43647732154187
"291",-0.278579561686018,-0.874263409342402,-1.4202830398525,-2.48183000416604,-0.367403489125833,1.92549831308566,-0.445672902992039,-0.677889893044879,-1.88567580404063
"292",-1.48964234126265,-1.87373303060706,-0.646693147632805,-0.992751627469861,0.313462336482191,0.536902194578097,0.631152421566419,-1.66164325081954,0.472999618626825
"293",0.393989050817708,0.680817636799711,1.12249142319877,0.28300450106651,-0.756110732146623,0.706067988890683,0.492940735561474,-0.0583772434430411,0.249655190979621
"294",0.578087760558149,-0.192091688552205,-0.630196992273538,0.000639391862728696,0.353957169794412,-0.500876070917135,-0.066293163575378,1.66868510319885,1.9009052188789
"295",0.121247571564324,-0.0902699942969743,-0.210418250307421,0.114479957264815,-0.377694598591906,1.27213787840478,-0.752821013376353,0.489148788187814,0.141121467755178
"296",-0.561194918259085,0.021363228452103,0.0762607651405634,0.785411195141471,-0.265748387437337,-0.792947496284712,-0.928388328040209,0.658836357343307,0.815729501515911
"297",-1.37761654852036,-0.314897293681611,-0.301703207633634,-0.707601684118463,0.313470854921011,-1.82348686648175,0.201877919052609,-0.07613635620172,1.62816158518819
"298",-0.235279973397981,0.143005226206828,-0.348075172985913,1.21066691062082,-1.97046850863286,-0.056453523423044,1.61661238157217,-0.842615990041273,-1.29600503190731
"299",-2.38590322495486,-1.80049129796577,-1.43980460596338,1.0426961036702,0.623437540739695,0.286740681104872,0.748440709650044,-0.217330311347297,-0.214163588165441
"300",-0.0681095587732112,-0.479184724895321,-0.0295557132582071,-0.718313887396833,0.0766208907854503,0.56543255363653,-0.748373207602466,-0.227209814630699,-0.24306060909676
"301",-1.91044663152171,-1.80227426218938,-0.227607134100363,0.302388242679905,-1.66184450109682,-1.16711848732328,-1.72247537370678,-2.46900976456856,-0.409764585420745
"302",-2.53276923529482,0.822586168372026,-1.10023977364,0.808833912433048,-0.493591016099186,-0.960060499495077,0.617844601475881,-0.486549781729802,-1.42270202342218
"303",0.56300779903206,0.585529135569748,-0.0188206174018485,0.496729633023377,-0.526189127074026,1.92423528639106,-0.390255492186471,-0.956190894855802,0.867009411192152
"304",1.00901683133376,1.30736166746767,-1.77536559004254,-2.03691693145565,1.77987073866579,-0.840455202515303,1.01465497319275,-1.94279548108072,-0.322021650246143
"305",-0.616099302625881,-1.22876713650857,-1.12500486108246,-1.23238953185716,0.474402106946537,-0.151566169675483,-1.11074335089476,0.75522763717127,-0.478851187546526
"306",0.795508029931126,-0.205203844554348,-0.72058627642204,-0.676472621837462,-0.612634412343844,-0.162722339580482,0.477735069166676,0.304440206634992,-1.78870037709089
"307",-0.348904928572597,-0.836288114333496,-0.106400564426181,-0.470403065029129,-1.78627502940933,-1.35379487792038,-0.489209843595955,2.20317034795554,0.291014116905158
"308",0.788758514403251,0.811899926439874,0.189720923900937,0.187204851816941,-0.0537449311703657,0.506671754695546,-0.710529654624957,-0.200719598630616,0.688691860775792
"309",0.0396798621108802,-1.84822264947229,0.111396894416222,-1.96132691062578,-1.1924518038986,-0.76130551022938,-0.557626950312008,0.853675318349683,-0.893003090043298
"310",-0.18308674654108,0.396007981675381,0.697267699044329,-1.22825321161805,-0.567896363444487,0.681171163662482,-1.0302580464617,-1.82404242471549,1.21658225847201
"311",-1.98337681853321,-1.61576250596835,-0.805346499837157,0.0535519480576453,0.081804406497939,-0.643661208686974,1.84499325445043,1.49448168466225,0.0292442018040931
"312",0.649231754219164,0.955444945528137,-1.13730518512961,-1.22614680479646,1.37758674442251,-0.382486827820428,0.100463140677024,-1.18420431268838,-0.7547206062912
"313",0.078390460319871,0.432810235084494,0.288504455728997,0.796776980933847,-0.34067515975063,-0.268594112830919,-0.133450871283796,2.23380026696183,1.22571481899549
"314",1.49762522066855,1.03562233010139,1.52761749690065,1.5172117154117,1.37725272030375,-0.163290466846232,1.48764676138687,-0.395638490168737,0.0267319104047999
"315",-0.63377903362336,0.111914773235132,0.697813901816803,-0.0836235477985553,-0.38839805156996,-0.613558758154022,-0.701684298019446,1.96923294453856,0.478169013363089
"316",-0.130510297433347,1.05796260668108,-2.44281818058612,-1.32983009177452,1.64927912209889,-1.25090247203277,-0.641785783429221,-0.829801874575847,-1.41619961930143
"317",0.526833955076974,0.939888240421869,-1.32357330917965,-1.34865538339468,1.4334116975166,-0.401198768010285,-0.394648610903263,-1.32087846711475,-0.465284999116334
"318",-1.39777065908367,0.468226073584393,0.0561431246386257,-0.339828744396835,-0.900120291825839,-0.644011016210056,0.21771631705287,-1.05178178093659,-2.2228765535068
"319",0.128769946949422,-1.05480404049862,1.06341337114725,0.75797533414147,1.36601418916833,2.67202195564251,0.214138397687401,0.0366851877718219,0.278836168092499
"320",-2.22479033036356,-2.00589414028327,-0.13115931001763,-2.42932882868333,-1.35576648392485,-1.57818031034117,-5.16632063976938,-2.43750137177388,0.63045310169488
"321",0.526725448227522,0.587624382722833,-0.949285716368806,-0.735013725809995,-0.288103673058404,-0.106644250553769,1.00091392800915,1.54785593845222,1.4537483400236
"322",-0.601123663505678,-0.574741896545641,0.871887197689447,-0.903318868649801,0.132185367768824,-1.18550302357962,0.212060011119249,-0.659726191574447,0.290357377099999
"323",0.283786942662063,0.648289523318609,0.44250839624145,0.911723904998926,0.151343495334476,1.61065335357215,0.190428482612401,0.799856171057872,0.605869946372604
"324",0.423083733067112,0.910113383981814,0.563996313564268,0.548848002519982,0.86921393176008,0.616380433487565,0.291689538785008,-0.265047591112077,-0.435783163963973
"325",-0.166356284596233,0.760174529025047,-1.05502777156591,0.47927408130267,-0.340077521405265,-0.817609275162258,1.26217632597781,0.297862941737929,0.35356453876474
"326",0.987717346313402,-0.199264743485045,-0.781749357710716,-1.31057417168069,-3.99388579202724,-0.826677786213478,1.7229616766255,-0.538131341872432,0.38909889658482
"327",1.41575909194697,0.999335414004119,-0.903346979600437,-1.22757276821212,-3.19119940579912,0.628284008108653,1.46546334528792,-1.25984956214042,0.33554972206396
"328",-0.610738588429511,0.180067621907274,-0.482096696233356,-1.17682592331501,0.130174957947453,-1.37205918115058,0.543586813650166,0.903459260769853,0.253985454188265
"329",0.165291019418686,1.02069492837988,1.02613188140012,1.18821039240305,0.557877517210476,0.129861799005461,-0.0289565417551946,-0.468192461830067,0.662992479772165
"330",-2.56313497041185,-1.69514702390929,-1.39174690579139,-1.69669539709882,-0.324146047035999,-0.0474742213077792,-0.515019011297887,-0.299321164804166,-0.729834193736481
"331",-2.74516344007041,-1.56423931564092,-0.0061191766784454,-1.73809325828483,-1.07496268623487,-0.695438280510717,0.20545641523711,-0.140551206916893,0.542659343867087
"332",-0.620545156937399,-0.206290384004594,-1.57512375686061,-0.344081590138718,-0.565841712634788,1.50344028093144,0.865361889988091,-0.212509848021845,-0.747456373949484
"333",0.0495130415572188,0.0588635242079653,0.805872668519631,-0.0505366795607619,-0.26297196644721,0.72347556984181,0.0830564189375924,1.23434520332118,-0.563509591360755
"334",0.646875646820964,-0.00923121063718423,0.753873245042749,0.0699733386365334,0.156303445804498,-0.6324353371611,0.71953254618254,0.559870192280422,0.470171974826957
"335",-0.895391969295194,-0.658284623082839,0.362164402761436,-1.29742906417014,1.24116088010895,0.549448452175232,-1.57626622769429,-0.309178589876764,0.450008453274615
"336",0.839160020060157,-0.973828175443593,-0.985126829072641,0.135697165281918,0.0903833161987354,2.31505337604595,0.981507675430382,-2.49554468715213,1.49056777280542
"337",-2.17068217358455,-0.949558444449911,-1.0114976329507,-0.188438442821578,-1.12099186232959,-0.729384651654408,-1.27581115561519,-0.610156316391925,1.02003156120387
"338",-0.196294861022556,-0.0475019449814612,-0.0927563910175109,-0.310296891679772,-0.397979170736801,0.847806954674976,-0.609835578802477,-0.474416896807856,0.746118243371419
"339",-0.874470936892653,-0.600485701947663,0.602608555645344,0.560252909392392,0.31569169772569,0.411691145554945,-2.91210153659775,-0.280039016459428,0.517734388334632
"340",-0.340965504391047,-1.22344384399337,0.707408870777576,-0.36982412052066,-0.27155711391787,-0.351490390022575,0.551271132003181,1.46581914903872,-0.122554698453001
"341",0.199288115690011,0.884957539033259,-1.11034782897142,-0.844746791194215,0.721432330420093,-0.934564674642235,-0.390835098540955,-0.830164121709818,-1.46526027202553
"342",-0.577444548675515,0.0364372235343696,0.893567516034496,1.22669490595104,0.229574447053703,-1.42610705208621,-1.11055017524748,-1.38837732110256,0.00976171109551871
"343",0.429071232707859,-2.37084311395202,-1.79503088200708,0.908678438966966,1.41521178766193,1.91941495596695,-1.78047661919256,-1.86540201313303,0.489009927901155
"344",0.373868037411243,-2.01916822056679,-0.309109918394713,0.029095804940465,-0.0140389229301685,-0.957830747005154,0.0761454081005925,1.35246439278734,0.105601454755447
"345",-0.308062932166419,0.284721326634191,-0.570869111502047,-0.941155798154586,-0.196605052141238,-1.05814092422688,0.165164767335995,1.74098657637092,-1.06650680473628
"346",-1.22533593593155,-0.357518135799754,0.431300907563088,-0.349735927986849,0.267301830570826,-0.875308410842174,-3.15052101213858,2.78071842732909,-1.03271725209448
"347",-0.131322461438705,0.551018360201965,1.19665256419019,-0.409057927748668,0.781846641683132,2.82894492810997,0.330378204767941,1.64222599358713,-0.363669393877366
"348",0.786516131538895,-1.69517002227208,-0.705830822015881,1.16884466053778,-0.319173478792764,-0.387843151141982,0.535640852509908,1.18422990953332,0.73873289285893
"349",-0.654251971298697,-0.752292379708208,-0.922124204124598,-0.728805265636719,-0.171247587809691,0.0842489366102698,-0.527956507914249,-0.446376067086823,0.262497324209011
"350",0.29267170205489,0.794677833323034,0.654619749044015,0.921403758928004,-0.91935110947003,-0.469995942022755,0.324891728850939,0.00715502199582452,-0.423366955026711
"351",-0.526959881335885,0.129626859963072,0.269101723381445,-0.569412877752687,-0.62101946174286,-1.11523061613784,-0.0624713346789975,0.110261969601817,0.421315913191579
"352",-0.0731227002951185,0.122607508519588,1.01406243851417,0.312310023988534,-0.722493863491001,0.871237680380158,-1.20548266087499,0.848873066046853,-0.391809100033212
"353",-2.18297923812493,-2.28726220821997,-1.39841824944175,0.66104025460776,-1.38708850488048,-1.13759186710221,-3.05782679491816,1.61723666240178,0.323206094415758
"354",0.406293553184751,0.514771551899338,0.150826290783709,0.794146847715273,0.263678783785723,-0.49663041918843,-0.278304218249337,1.68381126070648,-1.09704660405546
"355",-1.01020122257178,0.206901494340681,-0.806312916916932,-0.441737499002865,-1.19167097323129,-0.964651195202091,1.1877521925299,-0.692868764344187,0.0180683680762315
"356",0.714250109457301,1.40306629819008,1.27396388643013,1.04008989913517,1.03325052330866,3.01762070248736,0.968504057534492,1.35378259789728,0.52002577265241
"357",1.17364342196161,0.268177060113054,0.852086517019548,-1.67148500909728,0.67356422519954,-0.0997373559270734,-0.257424535761418,-0.101563396277203,0.172319344302825
"358",-0.931641673150048,-1.09367215129434,-1.03377686596227,0.280894779827947,-0.0140480721755609,-0.628455293648081,0.411060549751035,-0.150810316299403,-0.158333423833067
"359",1.43175573706476,0.499068560580198,-0.812271122423731,-1.59930705252225,-2.53721752962745,-0.21362263211154,2.10240585835359,-1.7153461980837,0.43289127774686
"360",0.0384965726576133,0.0665249243220887,0.134471230764217,-0.588906440511132,-0.652730117537801,0.792511573565594,0.0381058539707946,-0.844995527321122,-1.78140104158997
"361",0.0971281505051967,0.368068860423911,0.681012711814297,-0.74654324686566,0.954059876899978,0.0117772817547765,0.0444285471709398,-1.03432132921708,-0.616226764088396
"362",0.32234474615827,1.36687631340712,-1.76963306303204,-1.21861780823603,1.39403455629851,-1.12713027841008,-1.0344653655436,-0.758218696355467,-1.87861185709353
"363",-2.72149934243484,0.540080119246727,-1.07664154709522,0.659200358955419,-0.372183589326967,-0.852320551754709,-0.236718167652943,1.17976474151534,-1.17630651262919
"364",-0.12491880722031,-0.494588806008782,0.341162722306718,-1.16640903343851,-1.38213316834805,-0.906061196372839,-0.931367065733179,1.04359146141236,0.379868504379553
"365",0.317246252099634,0.894716372881674,-1.7293856455558,-1.31614344048329,1.17757825879976,-0.696534510856234,0.434455021635307,-0.875927552004026,-0.228429457837844
"366",-1.81769535152084,-1.49438071209877,-0.748686070192469,0.565211448766031,-0.1142390932297,-0.444729675121591,-1.13718387985524,-0.745506247200567,-1.21324791463324
"367",0.965942854436571,0.293710991199778,-0.264259277645975,0.0981861818878572,-0.181776350127128,0.545438354247412,1.27687378606607,0.78467767153346,-0.77720766208689
"368",1.0076152541143,0.804260372046149,0.937122921926012,1.42603417695217,1.13341007697247,2.6149322320211,1.25702485478478,1.0321340860676,1.72614447399133
"369",-2.19782520844829,1.05347094489785,-0.826153939952789,0.615477197451493,-0.346744071239188,-0.591424460340157,0.732703024925795,-1.70371600558827,-1.52405471938978
"370",-0.402741298667825,-1.06896067660159,-0.910724954645502,0.00999145275727862,1.34011623713114,0.906851167337022,-0.0441471814905149,0.335286521172357,2.05068753425097
"371",0.671618462997304,0.133468404321776,0.537328724661011,-0.154174263998927,0.433477158713563,0.143407167238482,0.375569315827015,-0.635244621765145,-0.0501334268631908
"372",-0.503075434245605,-1.75095467793882,0.165374034302261,0.247194234235836,0.79949136851642,1.08021380496563,0.569945125135062,0.22848056329972,3.9561021076404
"373",0.566883492553755,1.23117308530154,-1.75402985465518,-1.74000175470212,1.64962987186079,-1.42019627971866,-0.910045335868542,-0.725964980384191,-0.948923007412669
"374",0.699490763843835,1.54471107140831,-1.38476520620399,-2.14124020711961,0.920416518402568,-1.09392846728931,-0.313264330971611,-0.962777264909223,-1.39310486980099
"375",0.0567109056116726,-0.193299571896445,0.0077932281816876,-0.45845108053222,-1.10312600657405,-1.16894423358138,-0.538639782204824,0.191138062752321,-0.0639187247911587
"376",-0.593325435762323,-1.02109218563309,-0.951800922814159,-1.41920300274428,-0.395637121443906,-0.720976941609671,-2.24695851569057,-0.00929416718880099,-0.925382209209996
"377",0.0919298371244126,0.510076957734684,0.177708108646797,-0.548411525896115,0.0876709885074369,-0.838644574864952,0.300238682900567,0.628851145848931,0.167902095249142
"378",-0.85446604337784,-1.51934094569706,0.813215179547025,-0.128427458811188,-0.368296494863421,0.0377087605296852,-2.3668192950542,-2.49112316168766,-0.579570823412025
"379",-0.348708794313979,-0.681273996706667,0.145114968105126,-0.761995440358146,-1.17793310467759,0.0789026659967952,-0.989602508607956,-0.328610450347967,0.575992549289663
"380",0.155797944256406,0.269468028775419,-0.0177876614497783,-0.000964035979462252,0.020627949555843,-0.487488441920985,0.227969688686134,0.283369588552404,0.913146485707742
"381",0.130125469130435,-0.364097177742973,0.898817839311769,0.314848903901574,1.93428234690544,-0.495702272628795,-0.133387689164782,0.850733772900139,-1.21246540058764
"382",0.898297651141727,-0.110397945832963,0.100450146637649,0.917950075332276,-0.377711130619434,2.14185307754064,0.122213197662983,0.0535330201297181,0.466590323353893
"383",-0.249413315023659,-0.276021993618791,-0.0469813731654057,-0.627421180604153,0.578083750835475,-1.11911105503369,-0.20472704395184,0.71505817629849,0.255075784350971
"384",0.81391883302286,0.652301081844332,1.85963805852174,-0.0146531006089,0.78944259282096,1.63076204542683,-1.3379923965064,-0.0798411422421133,-1.14197111057743
"385",0.168695021476276,0.837709671142286,-0.175108598933072,0.600084139220783,0.211370870779133,1.49947229483936,-0.363591068036746,-0.136194043697949,-0.175404209413451
"386",1.88789742825971,-0.337410375851333,-0.565222916044827,-0.793802789672903,-0.907641721157466,-1.13833058443969,-2.72588390411745,0.656349059405417,1.30148451532708
"387",0.437910650239225,0.063869988844542,0.0972119079701716,1.34254106980931,-0.0757020720933055,-0.0943271181421389,0.346384859544602,-0.191999532139079,0.0479196742328081
"388",1.14182721761315,0.374700664341466,-0.359779769951283,-0.598697011937524,-0.612777268229757,-0.000512713832180492,0.488017642722391,1.05767704216627,-1.4951391424571
"389",0.451593171999016,0.414192207269085,-0.567997535435406,1.16524249486468,-1.24708749526983,0.0191823995959789,-1.41509058846445,1.05944724661001,1.01005849996823
"390",0.160121366740239,0.927758142820287,-1.99193794988453,-1.66482216590518,1.62274982692456,-0.97830109252218,-0.545307544368725,-1.4811247709984,-1.16279297743845
"391",0.734185699920193,0.79017970347884,1.00364912546598,1.16438587190183,-0.0200693368659239,3.3059652549489,-0.378002405835243,1.16254361031755,-0.0667323121095438
"392",0.678860845424393,-0.528947211889122,1.07920399911691,-0.42687051173442,1.40477645595903,0.401714095835325,-0.20807389103021,-1.23189579520681,0.499215619923317
"393",0.129037888869055,-0.978416880946255,0.052790359645761,0.909622700027605,-1.68811232893872,1.57430416150452,0.0911452229366537,-0.817628432976532,1.25346855916479
"394",-0.310722832799297,1.0567369515252,0.116848067745874,0.812240512596823,-0.971376298233772,2.69625919843976,-0.770174583699865,0.425435825055985,0.384934971060964
"395",0.684213795717448,-0.456943570329177,0.0779908597821175,1.17039132555517,0.723282815438858,2.23881954623945,1.3012469098022,-1.0529679547666,0.190168066179443
"396",-0.22774942923747,0.666729709823535,0.535502432475109,0.544687698036002,-0.271979077757783,-1.1933128727934,-0.0452434367743373,-0.688689958248475,0.101774238591564
"397",-0.505632475499342,-1.15234501341655,-0.429653048705853,0.460086025072945,-1.62837683726068,0.868272099436566,-1.65183623452251,-2.03244150407938,1.50011179692187
"398",-0.121478994692902,-0.00134407567361366,0.060820367501133,0.798602118779288,0.171407725338853,-0.607458814153101,-0.205305428349803,-0.0168557935668134,0.630148551948141
"399",0.6735035185981,-1.51114346852157,0.336592960826056,-0.128823192640194,0.0986209832580026,-1.17320484110703,-0.638845801778048,1.39109598059377,0.0893994772966082
"400",0.513658519142389,1.28069559414806,-1.18645736483811,1.09128068034013,-2.26481456305332,2.05711306893172,1.82608696948901,-1.21295789482717,-0.567399699964296
"401",-0.297981563518241,-0.583978162183205,-0.565158509581768,-0.988420102319933,-1.12138284856095,-1.26044409350727,-1.38564697128426,1.60588773686386,2.07539679735067
"402",0.0513978145610839,-0.32380029243809,1.02077143670594,0.536836205196438,-0.12684825681458,-1.14069377689296,0.0483322743080349,-1.57769801787316,-0.459776775330612
"403",-0.159044723214615,-0.174670268987827,0.616735959390365,-0.857775029949292,-0.343462657574614,-0.605129686505362,-2.39428170565539,1.13011009008527,-0.264896591499983
"404",0.81901995000151,0.995844943254121,0.726185097538877,1.2384616656571,-0.00744660310707383,1.80346200142673,0.367039189459155,0.0358557367437167,0.487653159523553
"405",-2.37770113261939,1.39559973555081,-1.18855937037062,0.207538631690172,0.299092922740377,-0.812495238481305,0.0047829079030353,0.221767329277481,-1.01495583526699
"406",-1.02986023477343,-0.46151540912018,-0.379746788454132,0.20293090191989,-0.543555113789325,-0.633453452947605,0.326518309446906,0.287640089887203,0.46246755297014
"407",-0.210176088440945,-1.0990712512086,0.783976975725472,-0.221798017233501,-0.927016909197783,-0.640357196018376,0.102789142014417,-0.673691913966504,-0.943026403166931
"408",0.620587827795326,0.49949501582258,-0.246510100632367,0.801315025180491,-0.0587439648398144,0.316334599730595,0.215750220561708,0.648762421801785,-0.0116218148383824
"409",0.396711375706781,0.21866775964417,0.0886900023624618,1.494855627458,1.10546923333152,1.19776700316738,0.192982723996951,1.15678203861987,-1.3260343813041
"410",1.03391299296521,0.913106190891141,1.63396040230282,1.06575250125601,1.49409060842212,-0.47717053061064,1.01570528219166,0.276938082807885,0.00694091919961062
"411",0.836771287746613,1.40429271763203,1.43239975990318,-0.355250129694331,0.391395811996778,-0.409493727837681,0.550251777668143,-0.457975153833439,-0.269815900209334
"412",0.29676621410843,1.11742341772691,1.33600377194703,1.0211897922788,-0.155719284666077,1.20142285793158,0.498597884598935,-0.28684704034041,-1.56836621283473
"413",0.487366993132156,0.238801481678451,0.0440344956341418,-0.131948552131997,0.949140466833929,0.926754094343541,-0.136771001477947,0.754729036704479,1.05358065214271
"414",0.752432826205357,0.984099097526897,1.0052699677277,0.0232210872048672,0.458552015614387,1.96969972662185,0.353095788549591,0.207033273226204,0.289585232425973
"415",0.554296962414416,1.57567009509175,-1.40265682031353,-2.77318756564442,1.15698529724137,-0.304406111322801,-0.611647842591725,-1.26867945817899,-0.230000405518886
"416",0.0508847274200528,1.27356301500592,-1.36161679702086,-2.53238211794172,0.913513144015693,-0.395368364762747,-0.107694038969676,-1.46903611836228,-0.440826215877923
"417",-0.242643680810067,0.0229916280060438,-0.619466965780441,-0.526315937066116,0.190400397097265,-0.661458571315301,0.578963816098532,0.837910299887566,0.771643571436653
"418",-0.0187262649520798,0.224011090832134,-0.325147930739496,-0.357697324607817,-0.0162709837470136,-0.537463767065125,-0.329654543572494,0.385180411634942,0.703475826241672
"419",1.29984553529282,1.92520085345983,2.02408341857416,1.89809602372707,1.27003124733053,-0.72088470297904,0.542021262626094,-0.0724895314684572,-0.814358275375211
"420",0.245098356384132,0.505942553328801,0.334927095356856,-0.599763378526511,-0.30366129628038,-1.2179898993484,0.568188830046558,0.942460442697021,0.308157393847789
"421",0.700540528348306,1.03420881785019,1.39633152985206,-1.73597759188256,-0.117344761009861,0.0391711809941531,-0.401243075855358,-0.75680014540171,0.0109067627579248
"422",0.278012790745291,0.160386372337397,0.268300364735744,1.07359057732987,-0.370365611506743,0.976127001282561,0.0314280903646177,1.04768544054319,1.17963857800632
"423",0.0537858155295291,0.559965940284787,0.128507619565932,0.0812204938222661,-0.249941466797938,-0.518802457242311,0.831639421648825,0.65947904378096,-0.231428863951388
"424",0.64239849949423,0.0372170449847377,0.0306935935973492,1.49035245511866,-0.356841888455686,0.810631989870688,0.253901841952865,-0.327953178549351,-1.04408559702275
"425",-2.24078875873938,-2.30320775305848,-0.915765779522193,-0.278157916929431,-1.32945112627886,-0.444285124708022,1.48415978195049,1.25483030609925,-0.442990169807237
"426",1.12708077048388,0.898269009040664,1.7475479135888,1.34452807952309,1.54240431493337,-0.68740063279798,0.829411154543175,-0.843738983595455,-1.45644921021106
"427",0.0892876241006504,-0.380896430887393,-0.113251723111372,0.793810925033274,0.337756594799877,-1.06543995055238,2.11921029544947,-0.178888545751939,0.949826273151993
"428",1.49591805353095,1.49811050970984,2.23128749456373,1.40382036773705,1.38093814834272,-0.418258053831399,0.937133583628834,-1.27586828136037,0.372091011618591
"429",-0.00797184201936627,0.998783792978328,-2.15045464451928,-2.77428528741593,1.53980179629053,-1.04889767722809,-0.14384478594333,-0.831195285772307,-0.543170343255733
"430",-0.931962926017845,-0.870875138205882,0.0161370469639988,-1.14969257349619,-0.755471589327657,0.0554019209371315,-0.548847693911979,1.11667306238478,0.146699126238143
"431",0.0249585739853983,0.339244068561755,0.455479283048355,-0.982101529318581,0.486417842075106,1.1245842407087,-0.694711907612103,1.16856549528918,-0.248274351970639
"432",-0.615112140747841,-0.531274118992057,0.250707548250023,-1.07140095288948,-0.198096383851802,-0.739940246037227,-1.22315419216632,0.190282041793998,2.33184101165044
"433",-0.252545604494505,-0.134197452940853,-0.556494707362188,0.299297468039542,-0.0429077592975562,-0.706947128404723,0.692486705454713,0.653959248144788,1.31565931482983
"434",0.138528748263403,0.0916397215318386,0.405546792456427,0.452230346878856,-1.01978623056232,-0.210935944833471,-0.44038592037603,-0.597873022868338,0.854989245414408
"435",0.435408537161444,-0.219880210401577,0.496133724327585,0.0149026080002528,-0.601085196397661,0.356856999120436,-0.36544626374628,-0.229973034619414,-0.802847947617915
"436",0.165554408925362,1.59653598701996,-1.56366392145958,-3.09800740126803,1.65376518844053,-0.863431755534327,0.0892226354389543,-1.4426946296493,-0.273904077683381
"437",-0.592941828609135,-1.09440039589676,0.114730891026719,-0.91190842307541,-1.73649770472495,1.40991056019501,-1.2118479633901,2.04594799522523,0.603137241369712
"438",0.0385123582875436,1.17922791490996,-2.12298361993432,-2.87237317263351,1.41228110129696,-0.423716356983566,-1.04958576227034,-1.10741112627617,-0.486602333377239
"439",1.27189937508076,1.33159807191431,1.15653398741129,1.68457239020589,0.634991777531677,-0.0716344167365768,1.85402074808078,-0.0694333515646941,-0.584984205842113
"440",-1.60047089324218,-0.916257795434765,-1.07111329217836,-0.0161894489715438,0.742325037977415,-0.736955718078283,-1.98383459548936,0.574505510652624,0.839474799984816
"441",1.34253276773514,0.217071982971659,1.26730972370848,0.856556135397175,0.477554019411314,0.467051033082577,0.22769677515094,-0.11077023124878,0.673329334467495
"442",-1.04209933371008,-1.34266125459638,-0.667204369347594,-0.977054942577807,-0.0559684027006533,-0.870759507070032,-0.694890521962527,0.202967939626351,-0.940910490541666
"443",0.520034021287316,0.857197100671659,0.079275419851572,1.4431856808635,0.566046263552842,-0.346038920619941,0.588095158320936,0.371437167896643,-0.934270824872355
"444",0.580715693340088,1.0720017777624,-1.35002088897759,-2.71006416334323,1.83505668586388,-0.808702901586767,-0.47128547131141,-0.795079321211528,-0.284816557071073
"445",-2.9808258610269,1.16566718518329,-1.18288910279651,0.70091064847445,-0.173514576341245,-0.180457527866571,-0.216477692111787,0.17065729443047,-1.65658137487807
"446",-2.85984066905199,1.22416491125816,-1.3966405946788,0.510698065191774,0.0632903078615537,-0.933183681757954,-0.000594044974733955,-0.171239709643208,-1.81802015616443
"447",-0.064613579152588,-1.19597303445824,0.00354994063014624,-0.392009124434591,0.704289194148451,0.0981281938811308,-0.450417282528719,-0.324311000751198,-0.298170940733969
"448",0.520886342351594,-0.0666755734637721,0.343508372987691,0.418452629331008,0.25839051424452,-0.0472688045530242,0.90464153879899,0.398433889757624,0.363760934314799
"449",0.797802584690781,1.11856943666566,0.150491834836587,1.62976692520739,0.750571540698779,-0.989546689656199,0.982333119247644,-0.183648359363188,0.16317484478312
"450",0.494185491755788,0.969737123140396,-1.14785816305828,-1.9261702024916,1.42937516144448,-0.152818618442251,-0.204588971835375,-1.08843877449982,-0.731121827504738
"451",0.0486726285322297,0.51153253841582,1.50805567893006,0.897793857183683,0.271539798549769,-0.72739880766454,-0.831964701265229,0.286500417453719,-0.512637191721931
"452",0.415646696439196,0.902803537127232,-1.13937741494496,-1.73072645409059,0.919921767889134,-0.325100310397493,-0.641752054539538,-0.85731772379446,-0.518941409805124
"453",0.580975182948252,0.0771322327003992,-0.89955415092763,-0.275718060668578,-1.13965547604481,0.18305701598143,0.810786866695254,0.653178820838531,0.819422182969101
"454",-1.40439975794514,-0.720069326087322,-1.97864025230475,0.269197452168721,-0.0608787249287628,-1.74685965194804,0.983633147588011,2.66886855174653,1.5741993495989
"455",0.556336698170241,-1.38581583695355,-0.994511478794767,-0.860816338134515,-1.45829689228642,-1.23852314030908,-0.870923716167254,0.353183531455645,1.1517405978415
"456",0.221292382884518,1.33132218254942,-1.48330400200856,-2.69018244404725,1.42950803698979,-0.976920490733558,-0.745762284608103,-1.27800349596776,-0.970002414132861
"457",0.972753874635863,0.75412454347974,1.68478739394524,1.02022895935131,0.456570680136493,-0.565104670387804,0.361280118657385,1.60635367225282,-0.206095141688306
"458",0.748007515041486,-0.206046296028627,1.18107682508838,1.25026546306094,-0.899484278365928,-0.727191760086305,0.35085105066995,-2.63757238352618,2.15970132659403
"459",0.443897594368107,-1.46891888165596,0.148365803693888,0.0327359274497059,0.174244400643118,-0.0705225569965513,-0.231480538478026,-0.481537304429702,-1.16136415397041
"460",0.00511385956977557,-0.011447375425975,-0.0392525059012776,0.0698215362545244,-0.763901156378456,-0.441697825161622,-0.74792977556166,-0.391057455074605,0.480299227854712
"461",0.64284230625166,0.450841952954785,-0.964792415263352,-1.66584931296028,0.91487984727048,-0.728327905570913,-0.597821744454422,-0.410472396653886,-0.371680258011339
"462",-0.0380794706327246,-0.775267271164956,-0.214094200723779,0.776900738698511,0.501428367961695,-0.282869106545288,0.56326715328008,0.835782106568692,0.725132966980077
"463",0.333766355753432,0.0804436234973747,-0.477722934493605,-0.615291867136075,-2.39434289712115,0.514022467006487,1.0168912650007,0.775295209565196,-0.404602186873672
"464",0.0284822426987507,-0.423347034238498,-0.081583616491535,-0.0276699793115016,-0.612510342006592,-0.370790496731296,-0.348452456900677,0.0767968463648849,0.00506422180017677
"465",0.394380176037886,-1.50943527634776,0.933992440647206,1.13873106888828,1.19917475433648,-0.354401891386122,0.632818595311064,0.117828652067206,-0.222058865995132
"466",0.347381254582608,-0.547477639986463,0.340971300585973,-1.31389527532818,-0.217451356285082,1.27279518943758,0.275676710490531,0.0661607124643746,-1.06052498795106
"467",0.861579165566684,1.27719973171047,1.12367439012823,0.0713343827382346,0.882137060712598,-0.204830296880214,0.413460580915634,-0.0632759881788454,-0.729614812689169
"468",0.233992568578538,-1.18075902996287,-1.23707184900247,1.34953267552777,-0.0235362101187251,1.45410331033757,-0.491761463745885,2.0484714021638,1.66817194443539
"469",-0.10392369668804,-0.386841228142064,0.707583774202784,0.445387182089144,-0.0162267175940052,-0.218299363261483,0.40706480531215,0.239023071262648,-0.566536642960994
"470",-0.870853027866043,0.0970958240457241,0.0732788910698936,-0.56942059574532,-0.682403432417986,0.790076375493551,-0.931305796973312,0.00253506370367439,0.15397673191915
"471",-2.63853397203491,-1.87867799030991,-0.662200592908275,-0.793369320192289,-1.17718500323983,-0.215985025282189,-1.21340924269617,0.185109050513393,-1.33929866081695
"472",-0.152254557597498,0.0095189806408186,-0.248635067660364,-0.230191863672771,-0.597730888856562,-0.106954753937077,-0.578611220526494,-0.328326403062041,-1.05465874616095
"473",0.416601532485402,-0.321914365901665,0.570361416946023,0.375285952864142,-1.05243180314035,-0.607462762359182,0.304680734700204,0.916919468350258,-0.329968538931326
"474",1.36848879944834,-0.0726872436860523,-0.397342151005073,2.15473203630338,0.331474752533286,1.06954179943748,1.09417883878997,-1.6062099510066,-1.47331811152869
"475",-1.05153349098486,-0.385015625468685,0.58536023956775,-0.0929055883413739,0.322346937508746,-1.21500829138302,0.0785832823698067,0.234293071200913,1.93141386618276
"476",0.305299371083517,-0.877736865517978,-0.11085278155173,0.971893784724962,0.280743041241735,0.827995686385845,-0.600391443635928,0.432814224168569,1.50615508310644
"477",0.620396836275303,-0.853116924559926,-1.24196979092486,0.674318773397137,-1.75954574770317,2.58811376213757,0.702041181700049,0.58940495750256,1.42552666676398
"478",-0.303493258766092,0.0818181546503277,-0.726705491809947,-0.0568168542230338,-1.0281661138793,1.05761081825037,0.85515771479043,0.496101332367404,-0.975638220789643
"479",1.3117797686966,-0.246718630654827,-0.0398037255407682,1.50429144834552,0.898699325392886,1.16784442036102,0.798273809006608,-0.157113620158875,1.20646262531289
"480",-0.506973115507396,-0.369561092300663,-0.93126350841693,0.348549007145649,-0.402620231906545,0.949663703059494,0.34560490803633,0.435744403302192,0.842395998852314
"481",0.267876740638059,-0.0910846083995511,-0.323100241539986,-0.685964249027308,-1.76903759779158,1.15970237086466,0.0119975504192327,-0.545562336859592,-0.177363804279934
"482",1.29139099922902,1.01947782874765,0.800769283774636,0.581157485261065,0.308652523370094,0.235122233158726,0.652672284832601,0.252828510560317,1.60581726409765
"483",-1.87622643678217,-1.71783174379708,-1.01544660988286,-2.41125192407943,-2.79281096409497,-0.699848857342149,0.70540542745984,0.346444972575674,-0.794726130710868
"484",0.0468512793740216,-1.22967408565857,-1.25062475511022,1.70767225966763,0.299073413118148,0.112575715006245,1.03362533755863,0.334567500120143,-0.00320775711895243
"485",-1.85647320893441,-1.51479121357901,-0.610607040785922,0.352173047880772,0.858484770796992,0.137476026659818,-0.135023947250171,-1.52114745056816,-1.81463918480546
"486",1.09312495000166,0.585903367736237,1.06008365965054,0.490359502141404,0.426405949755197,-0.106739748198935,0.45117212695963,-0.58836843522881,0.334048794289938
"487",0.451780750668142,-0.0786114108908659,-0.736534734227478,-0.285894673066159,-1.35814887808849,0.456094848590159,0.210639279272471,0.0802933501074266,-0.246617136960333
"488",0.0216656998003461,0.593690167519172,-0.00225685080651176,1.05426713680691,-0.10599755739423,0.256522955905443,0.251086819140047,1.48462812452674,-0.604649544070216
"489",-0.82083589962001,-2.32272441459056,-1.19241708180698,-1.66969590987422,-0.708787825038802,-1.15888735108853,0.495447471786695,-0.689962656951184,-0.0234028062626876
"490",0.205192443234548,0.195753227021219,0.619702194340031,-0.577923892142468,-0.190987718030301,-0.481765863342444,0.515558844961927,-0.182300628647722,0.619333462197101
"491",1.25791346025632,-3.12946043456711,1.41952443034842,0.670789464004602,2.06745150994153,-0.589290922786287,0.220865415292358,0.719833719922264,-0.88900071291302
"492",0.187115947921322,0.497111262929103,-0.163407951029012,-1.05493125853014,0.13624779929075,0.473126843785864,-1.50552527742509,1.86640287171504,0.883040472520139
"493",-1.08462344038037,-0.318873819611792,-0.227680656495247,-0.783828113268469,-2.13484636035678,-1.71501582398216,-1.39236055436529,1.32099689791713,0.555861675394707
"494",1.52349454480569,0.350276836306675,0.904870684924172,0.581619852888318,0.0289718571503718,1.89170769312317,1.54090171661657,-0.744261117952178,0.920087539937151
"495",0.687127963023899,-0.258779941986164,-0.532172105141815,-0.40900921706646,-1.02746555362669,2.42003490672192,0.372001985025734,0.466984378693346,-0.0242615456698461
"496",0.429477269539992,-0.0860821242834054,-0.176389176906411,-0.0145781341876273,-0.299310452547466,-0.534044904816039,0.251513910372421,-0.633991239006528,-0.411208112446714
"497",0.291951810252007,0.248194496927658,0.19617046813257,1.0968666553981,0.0105346379240777,-0.58199527920848,0.0632173320482046,0.452502501168005,0.204434014114133
"498",-1.40976583110214,-0.754503570321092,-0.627778977707688,-1.21994563088491,-0.905428155741482,0.246947466907497,-0.489930542689822,0.582354676065145,1.10526981493497
