SCCS,RSES,CSES,HSNS,NPI,LOT,SDE,IM,MI,MSI,IPC,Domain_Ability,Domain_Attraction,Domain_Wealth,Domain_Social,Domain_Moral,ability_ALT_rt,moral_ALT_rt,ability_ALT_d,moral_ALT_d,ability_IAT,moral_IAT,ability_SRET_EW,moral_SRET_EW,ability_SRET_rt,moral_SRET_rt,ability_SRET_RJ1_d,moral_SRET_RJ1_d,ability_SRET_RJ2_d,moral_SRET_RJ2_d
43,35,35,27,5,23,93,90,37,49,33,8,7,7,6,10,62.25,-22.4162234,1.439446701,0.361000253,0.669,0.699,9,10,48.4,-35.9,-0.517974477,0.242905003,0.791638608,0.229884118
44,33,41,23,11,26,116,102,43,59,37,9,7,6,9,9,-26.875,-2.922429078,0.285489169,-0.499848888,0.572,0.061,9,9,207.5,-384.9,-1.371873036,-1.341676662,-0.282972031,1.414969509
55,34,44,24,2,26,116,106,37,69,33,10,8,6,10,11,115.4791667,-13.17301587,1.566754145,0.64192904,0.704,-0.268,10,9,-1047.9,-683.8,0.942763035,-0.472789121,-0.637278728,0.10821097
55,36,45,19,2,25,113,105,45,65,33,9,8,6,10,12,46.42420213,6.643617021,0.246535974,0.306799567,0.237,0.453,6,6,3.6,64.1,0.821734088,-0.242905003,-0.517179066,0.948949292
23,23,21,38,1,23,50,103,42,40,26,3,4,2,3,11,-3.60106383,71.9822695,0.95331939,1.206646107,0.356,0.112,3,10,175.2,216,0,0,1.691431229,1.593218818
60,40,50,17,8,30,130,139,47,71,45,9,10,9,11,12,18.18173759,38.4375,0.954889715,0.24225465,0.442,0.274,9,10,512.3,99.3,1.217832509,-0.275069474,-0.331465727,-1.124732251
60,40,50,17,7,30,131,139,47,72,46,9,10,9,11,12,13,109.4791667,0.076422859,1.269268987,0.044,-0.2,10,8,153,15.5,0,-1.569592683,0.754217242,0.595748861
37,31,27,33,1,23,77,105,45,63,32,6,5,5,6,9,6.509692671,-65.01358696,0.565359606,-1.665099337,0.236,0.517,5,10,1102.9,31.3,0.747858595,0.624014441,1.246861784,0.918729068
36,31,40,39,8,20,96,102,47,65,38,9,7,8,10,11,20.60416667,57.48359929,0.234738833,1.328842513,0.712,0.573,4,3,-88.7,-67.7,0.517974477,-0.626829648,0.472789121,0.087468655
60,39,50,16,7,30,130,138,47,72,45,10,9,9,11,12,96.86702128,13.47916667,1.000234926,-1.081776904,0,0.319,9,9,-12.1,38.3,-1.096803562,-1.141988918,-0.589455798,-0.859630794
41,34,43,45,4,23,84,91,46,65,39,9,7,8,9,11,46.3125,27.83333333,0.99212467,-0.118161121,0.117,0.682,3,7,124.9,41.5,0.517974477,0.624014441,-0.229884118,-0.472789121
50,31,30,34,11,20,97,87,31,40,26,9,8,6,8,10,13.18528369,167.0833333,0.295301872,0.282922193,0.316,-0.531,0,9,1078.2,-1236.9,1.215864412,0.550138948,1.466128358,0.478645155
43,32,32,31,0,25,87,108,44,64,29,6,5,5,6,8,37.5,-38.53989362,1.152301743,0.085946722,0.092,0.158,7,10,1898.6,845.9,0.866919445,0,3.11008742,3.289707254
60,40,50,16,7,30,131,138,47,72,46,10,10,9,11,12,38.97192029,58.54166667,0.024666999,1.99888493,0.328,0.38,9,10,-17.5,-201.5,-0.972959408,0,0.841760219,0.589455798
54,35,43,27,2,26,113,99,45,64,35,7,5,4,9,8,46.52748227,37.62898936,0.339245869,-0.139050853,0.566,0.22,7,10,-143.2,-233.1,0.578829085,-1.69062163,-0.210428394,0.67448975
47,35,41,28,2,26,101,106,43,63,36,8,9,7,9,11,141.9791667,3.102514507,1.483878066,0.542258127,0.559,0.815,9,10,-14.8,41.8,-0.242905003,0.013020886,0.589455798,-0.367739079
54,36,44,24,1,26,115,113,42,64,34,10,8,7,9,11,73.17508865,74.06974638,2.033230362,1.23948667,0.227,0.295,9,10,-40.9,-493.3,-0.747858595,-0.275069474,-0.185713339,-0.314621369
42,33,32,33,0,28,87,109,46,70,33,5,4,5,6,9,-7.733333333,-19.20724638,1.018415756,0.549374763,-0.221,0.466,5,10,1818.9,1385.5,0,0.275069474,2.421267103,2.123576342
28,28,24,36,3,23,77,78,35,38,23,8,5,5,6,7,55.45833333,23.22916667,1.233045842,1.160641958,-0.089,0.651,4,9,298.2,-297.4,-0.348944967,0.747858595,1.3489795,1.220647716
44,31,33,35,0,27,85,106,44,71,32,6,4,5,5,8,16.47916667,-0.06427305,-0.834842706,-0.449135006,-0.715,-0.144,8,10,2524.8,3362.4,-0.942763035,-1.217832509,3.238072445,2.123576342
36,33,43,33,2,24,88,75,42,57,29,9,6,5,3,9,121.2549889,4.873860182,1.886970366,0.042850953,0.603,0.785,9,10,-106.5,198.9,0.624014441,0.550138948,-0.157310685,0.746766482
41,22,23,29,0,22,76,97,41,50,26,6,6,5,5,8,29.20833333,57.52083333,-0.39528382,0.504672794,0.221,0.409,9,10,30.1,-3.9,0,-1.141988918,0.292931816,-0.206560264
46,31,35,31,0,28,87,106,44,68,33,6,4,5,5,8,25.40656799,-25.92287234,-0.29346653,0.8034467,0.221,0.128,2,7,2183.3,5711.5,-0.030196374,0.242905003,2.532000186,2.325759152
43,35,44,40,4,24,89,95,46,63,40,8,6,9,8,11,31.45833333,43.26861702,-0.035185329,-0.049277572,0.78,0.316,3,3,41.3,25.5,1.111792545,0.866919445,-0.385320466,-1.096803562
40,30,36,27,7,27,69,62,43,40,31,8,5,6,11,10,71.5,25.20079787,0.919446595,0.821785908,0.721,0.49,-2,-10,127.2,120.2,0.11906085,0,-0.667536613,1.421753856
45,35,40,19,0,24,87,115,44,53,38,7,6,6,7,9,0.958333333,15.3125,0.706402697,0.721902743,0.788,1.431,8,10,240.5,91.9,0,2.163410751,0,0.355545464
53,39,49,21,5,27,113,90,41,65,41,10,11,7,12,12,100.6041667,123.6041667,0.122521137,1.141651859,0.643,0.859,7,10,425.8,324,-0.699858031,1.141988918,-0.208795672,0.589455798
41,34,36,32,0,26,87,105,42,69,31,6,4,4,5,9,-10.04583333,-53.79166667,0.157902727,-0.911188062,0.065,0.29,7,9,326.3,-334.5,4.44E-16,0.942763035,2.133236952,3.238072445
39,27,32,34,0,21,63,82,40,42,28,6,6,6,5,7,3.677304965,26.04255319,-0.749943028,-0.583985222,1.044,0.54,5,10,66.1,-136.2,0.383924645,-0.154040527,1.337314393,0.747858595
49,32,37,34,0,27,88,111,45,70,29,6,5,5,4,9,44.36956522,13.65217391,-0.344186936,0.406728424,0.262,0.138,7,10,1350.9,1425.7,0.593818067,0.275069474,3.186437636,2.50154211
48,34,40,26,9,26,120,101,43,45,42,8,9,4,8,9,71.52083333,135.001773,0.73651878,1.623473068,0.337,0.311,8,9,-473,352.7,0.836723071,1.460737512,0.887146559,1.644853627
53,37,44,22,1,22,118,112,45,64,34,8,6,5,9,10,14.4375,19.47916667,-0.066028232,-0.254688538,-0.105,0.134,8,8,287.6,-33,0.517974477,-0.591849971,-0.366106357,0.392273603
31,32,31,30,4,18,79,70,42,64,9,8,2,1,3,12,81.0625,16.97650709,1.043602313,-0.230847445,0.341,0.157,7,7,131.2,80.6,0.517974477,0.242905003,-0.854882768,-0.464061356
22,19,20,36,2,25,57,66,40,27,35,5,4,2,2,6,43.14583333,-11.70434397,0.451904563,-0.740357363,0.428,0.91,9,9,190.1,112,-0.942763035,0.110823268,-0.904373868,-0.841760219
26,29,27,36,5,21,62,76,36,50,29,7,4,3,5,8,104.7083333,27.6875,1.401882663,-0.561166422,0.692,0.734,5,9,258,119.2,-0.868887541,0,1.133179061,1.059810217
40,37,42,28,1,26,101,116,46,68,38,7,6,6,6,9,97.22916667,140.7916667,1.423844779,0.840856185,0.815,0.683,10,9,115.3,104.5,-0.275069474,2.208596107,0.754217242,-0.904373868
29,22,24,29,1,18,78,90,42,34,37,5,5,3,7,10,-8.987318841,160.0833333,-0.746181692,0.781400087,-0.024,0.049,4,9,119.4,18,0.11906085,0.242905003,1.071123171,0.122670054
52,40,46,24,9,30,119,103,45,48,42,8,10,5,9,9,41.35416667,102.5,1.088407943,0.49158275,0.496,0.641,5,9,127.1,-121.5777778,0.472789121,-0.747858595,0.831800435,0.488776411
53,34,43,21,1,28,100,105,44,49,40,9,8,9,8,9,184.4583333,74.61214539,1.988296578,1.135202334,0.189,0.231,10,10,122.2,10.6,-0.517974477,1.096803562,0.095507951,0.510981813
51,40,47,20,5,27,98,96,46,62,34,12,2,5,10,10,-58.5625,46.25,-1.827306987,1.644322536,0.646,0.175,5,8,46.66666667,-319.3444444,-0.16902951,0.242905003,1.927069774,-0.229884118
44,19,21,35,1,25,68,97,39,66,36,6,4,5,5,8,-23.58333333,-35.96054965,-0.376568639,-1.777275796,-0.432,0.577,6,10,263,-33.9,-0.11906085,1.217832509,-0.155677963,-0.524400513
33,31,40,23,8,23,100,97,44,51,36,9,7,7,8,9,67.25,72.125,1.028846182,1.250373629,0.852,1.059,7,10,14.41111111,52.4,-0.03216447,-0.242905003,0.948949292,1.311002671
26,35,39,29,2,26,78,89,41,40,39,8,9,6,8,9,37.0625,12.70079787,-0.741927014,-0.569407301,0.689,0.743,8,10,-58,11.5,1.40253127,-1.569592683,1.715280161,1.32668768
33,32,32,23,1,20,75,99,36,55,27,7,6,6,5,10,52.29166667,56.625,0.232644747,-0.078601428,0.156,0.016,6,10,319.9,69.8,0.624014441,0.078658797,0.363115064,1.272467025
20,18,18,35,0,14,54,76,29,48,23,5,8,8,6,10,-95.28055556,61.45833333,-1.354824895,0.886484751,0.181,0.21,6,10,-162.7333333,-36.8,2.160595543,-0.550138948,1.440210687,0.887146559
41,38,39,34,3,25,77,79,44,60,35,9,9,6,3,10,12.58333333,-11.5625,0.818607517,0.653840005,0.749,0.771,4,10,112.7,144.7,-1.460737512,-0.381109438,0.366106357,1.561636309
60,40,49,22,11,30,129,137,49,57,47,9,8,8,10,12,0.874113475,57.5,0.130345155,0.084273989,0.889,1.126,8,9,-153.7,-47.4,1.217832509,-1.88552607,0.939492877,0.116666677
45,31,34,26,2,18,69,55,39,42,23,6,4,4,6,7,26.75,59.97916667,0.884496678,-0.461300822,0.389,0.032,9,10,-236.6555556,142.1,0.823702185,0.517974477,0.615204584,0.667536613
22,18,18,31,3,20,58,62,41,37,13,4,6,5,4,7,56.64583333,76.36322464,0.194809916,0.946143937,-0.258,0.818,7,9,-59.2,-50.6,-0.866919445,0,1.402539746,2.681287016
43,32,35,33,0,27,89,103,44,68,31,6,4,4,5,8,-106.7932367,51.56338652,-1.404007453,0.600321873,0.237,0.408,5,10,14,216.7,-0.823702185,-0.624014441,1.002067002,0.648782202
53,35,34,26,7,23,84,66,35,43,26,6,11,5,9,6,29.98758865,-3.5,-0.934771331,-0.044760495,-0.091,0.41,9,9,42,17.6,-2.314636071,0.11906085,0.387194802,0.210428394
33,30,33,41,6,28,90,75,48,45,48,9,10,10,5,7,29.125,57.89583333,0.493093006,1.052829777,0.728,0.691,7,10,12.64444444,24.3,-0.36393395,0.702673239,-0.615204584,0.517974477
54,34,45,25,4,27,121,106,45,66,32,10,8,7,9,10,10.75,81.05053191,0.80984253,1.714958581,0.334,0.071,9,10,-224.2222222,36.4,0.16902951,-1.32668768,0.955562155,0.729835874
23,33,32,37,1,23,70,70,36,48,29,8,4,5,7,10,71.95833333,42.58333333,0.931684514,0.92331119,0.287,1.043,10,10,88.2,-4.2,0.624014441,-0.517974477,0,1.036433389
53,35,44,22,2,27,112,108,44,68,32,9,6,7,10,11,93.58333333,35.83643617,1.036940342,0.453737817,0.122,-0.023,9,10,-244.5,-80.1,0.836723071,0,0.625948868,1.157744965
34,34,35,21,1,25,78,106,42,41,37,6,5,3,6,6,45.85416667,-32.65514184,0.498942459,0.817189537,0.376,-0.2,7,10,112,-206.5,0.866919445,-0.383924645,0.918729068,1.414969509
41,33,35,32,7,23,75,69,32,35,24,8,4,5,7,6,24.45212766,94.9375,1.335618378,1.814481962,0.641,0.701,7,9,119.3,57.6,-0.942763035,0.593818067,2.072866779,1.71092314
48,33,40,23,13,24,103,106,41,61,34,9,8,7,9,12,45.54166667,-13.26728723,-0.529247408,-1.173719036,0.632,0.845,10,9,10.4,122,-0.350913064,-0.472789121,0.347127774,0.242905003
26,27,25,32,2,19,67,94,40,56,32,7,8,7,8,9,46.35416667,52.70833333,1.364331067,0.645075018,0.131,0.632,9,10,-16.2,27.8,-0.702673239,-0.275069474,0.78626195,2.681287016
60,40,49,22,2,30,132,138,47,61,47,10,8,6,8,12,-52.20833333,-9.666666667,-0.312919754,-0.641400083,1.084,1.066,8,10,-58.7,162.7,-0.836723071,2.193607124,0.444605633,0
54,34,44,23,2,26,115,102,46,66,31,9,7,8,11,10,81.72916667,169.7730496,0.904830557,1.416881569,0.325,0.149,7,10,-188.9,-97.3,-1.096803562,-0.154040527,0.379027404,0.595748861
60,40,50,22,3,30,132,138,48,62,48,8,8,9,10,12,81.39583333,-26.3125,-0.348387862,-0.76424283,0.818,0.85,8,10,268.2,28.5,0.747858595,-2.438480224,0,1.133179061
50,37,50,28,11,27,128,124,50,54,41,12,12,12,12,12,8.272163121,23.75,0.639022592,-0.373232474,0.095,0.629,7,9,-118,-97.1,-0.275069474,-1.645436273,0,0.472789121
60,40,50,21,2,30,131,137,47,61,46,10,8,9,9,12,-44.9375,-45.04166667,-0.565696041,-0.496075221,0.679,0.854,8,10,83.9,-86.6,-0.469973914,-1.920505747,-0.512100265,0.904373868
60,39,50,20,3,30,133,139,49,67,47,10,9,9,10,12,-7.6875,-38.91666667,-0.624293103,-0.197916955,0.726,0.91,8,8,55.6,40.6,0.348944967,0.712878917,1.718880165,-0.052332029
38,39,44,34,3,26,76,82,45,59,39,7,7,6,3,10,78.89583333,122.2291667,0.778858868,1.381351453,0.724,0.658,8,10,110.3,0.9,-0.073875494,-0.624014441,-0.157310685,0.206560264
60,39,50,21,5,30,127,140,44,48,46,8,6,6,8,8,-16.70833333,119.8908213,0.315787425,1.48315987,0.562,0.686,9,9,125.9,79.8,0.242905003,-0.229884118,0,-0.289169284
44,40,45,28,8,30,104,100,39,53,26,10,5,8,7,11,77.4375,210.7531028,1.04406479,1.794359762,0.719,-0.066,9,10,93.1,26.5,-0.942763035,0.702673239,-1.096803562,0.970363877
40,30,37,28,5,22,91,85,37,48,29,9,9,7,8,9,36.125,35.29787234,1.054055503,1.086460484,0.31,0.414,6,8,143,-72.5,0.381109438,-0.242905003,0.854882768,2.319343377
60,40,50,22,1,30,133,139,49,62,47,8,9,9,10,12,-23.89583333,176,0.109948433,1.813032523,0.718,0.71,10,10,85.3,-12.8,-0.242905003,0,0.510981813,0.747858595
45,35,40,27,1,26,73,99,46,57,29,7,5,5,4,11,46.87632979,-20.10416667,0.348151002,-0.168333099,0.422,0.745,6,10,10.93333333,14.3,0.229884118,-1.32668768,0,0.472789121
60,40,50,19,4,30,133,138,48,65,46,9,8,7,8,12,56.3125,40.33244681,-0.311954506,-0.200031669,0.953,0.707,9,9,187.6,0.477777778,-1.141988918,0.469973914,-0.746766482,-0.887146559
45,34,39,22,4,21,104,122,36,57,38,8,9,6,9,9,92.24379433,67.75338491,-0.41075654,0.755066635,0.853,0.704,8,9,-40.025,-186.7,-1.066607188,-0.808713202,0.031649338,1.036433389
43,35,37,30,0,27,76,96,42,64,32,5,5,3,4,9,32.75,216.5146277,0.697340538,2.878481393,0.728,0.65,5,10,-23.3,88.7,0.394130324,0.242905003,0.185713339,0.488776411
60,40,50,20,11,30,128,140,46,48,46,9,8,8,9,9,102.3182624,41.32136525,1.101105273,0.794178853,-0.008,0.395,7,9,-49.4,247.7,-0.504953591,-0.712878917,-0.810110881,1.593218818
50,37,42,31,2,25,107,112,44,47,40,10,8,9,11,11,85.45833333,9.4375,-0.305169736,0.772699517,0.197,0.037,10,10,-86.9,-2.1,1.217832509,1.217832509,0.185713339,-0.800151097
35,30,38,28,2,23,82,84,40,43,34,7,7,6,6,7,-31.74379433,9.333333333,0.476166927,0.917297528,0.572,0.073,9,10,94.7,-27.4,-0.517974477,-1.569592683,1.096803562,0.242905003
60,40,50,22,2,30,133,140,50,65,48,8,9,7,9,12,-17,-9.916666667,-1.194100805,0.202822327,0.995,0.818,7,9,25,70.2,0.229884118,1.920505747,0.510981813,0.598450468
47,35,43,24,8,26,107,136,46,70,43,10,9,8,11,12,83.47916667,-143.4711879,-0.085467448,-1.372802749,0.277,0.741,10,10,-62,8.3,-1.217832509,1.720818003,1.259533161,0.761485212
34,36,44,40,0,26,90,64,33,64,36,7,4,4,5,8,80.63829787,82.29166667,1.14612897,1.880264039,1.118,0.496,8,9,6.7,124.9,0.836723071,1.185668038,0.598450468,0.747858595
34,39,33,40,7,30,72,66,36,33,12,12,8,4,4,7,112.9618794,95.18838652,1.387402255,0.818076972,0.614,0.729,-1,2,88.6,166,0.383924645,1.69062163,2.432655359,0.071787753
52,36,44,23,3,26,114,115,44,62,34,8,7,5,7,11,59.53989362,170.1754137,0.15766193,0.231977114,0.514,0.403,9,9,257.6,64.8,-0.03216447,-0.242905003,1.168014188,0.318639364
45,21,20,36,0,23,67,101,42,55,27,6,5,7,4,8,60.23980496,32.08061594,1.835684725,0.338951078,0.268,0.592,9,10,98.2,1.4,-0.134049832,0.229884118,0.89050687,0.362746046
21,21,20,40,6,18,49,93,38,50,21,5,6,2,2,10,73.16755319,185.125,1.256518886,1.865802043,0.515,0.274,5,10,133.7,207,0.348944967,-0.942763035,2.280077427,1.162094736
60,40,50,20,2,30,134,139,50,64,47,8,7,7,9,12,-14.95833333,13.39583333,-1.278360671,-0.463456842,0.73,0.575,9,9,35,-18,0.702673239,-0.459768235,-0.548828403,0
60,40,50,21,3,30,132,139,48,69,48,7,8,7,9,11,31.0625,-19.125,0.939522197,0.118474409,0.114,-0.279,9,10,136,-13.2,-0.134049832,0.472789121,-0.362538128,-0.229884118
46,36,42,29,1,24,104,113,41,62,36,9,8,7,10,11,31.15957447,-33.86653185,0.038274025,-0.469473658,0.334,-0.08,5,10,119.7,111,-2.438480224,0.459768235,0.970363877,0.942763035
31,28,32,32,4,25,82,92,32,35,24,6,5,4,4,8,14.9375,122.1666667,0.30039434,1.78510971,0.233,0.348,2,6,-15.5,-18.7,1.111792545,-0.866919445,0.967421566,-0.125661347
24,32,34,37,2,24,62,63,36,52,25,8,7,7,9,7,55.72916667,47.0625,-0.193071761,1.222369076,0.352,0.579,7,10,110.5,121.9,0,-0.229884118,0.242905003,1.217832509
44,32,39,28,1,24,78,95,42,45,36,9,5,5,8,9,46.10416667,41.4375,1.041875392,0.37145251,0.125,0.999,8,10,54.5,-0.5,-0.242905003,1.341676662,0.800151097,0.615204584
23,18,20,37,1,13,54,68,43,36,20,5,3,3,2,5,123.0483156,10.43484043,1.188968819,0.848953487,0.157,0.48,3,8,-0.6,37.7,0,-0.702673239,0,1.220647716
30,32,36,32,0,19,83,82,43,45,33,8,9,7,4,11,144.2083333,100.2708333,1.245564501,1.260090398,0.603,0.453,9,9,295.7,149,0.699858031,0,1.379019709,0.242905003
47,39,45,26,1,24,96,114,44,62,40,9,10,8,5,11,113.4472518,63.30452128,0.701641184,0.847334532,0.28,0.447,6,9,31.8,99.8,-1.096803562,0.942763035,1.770514974,0.512100265
44,21,20,33,0,22,68,99,41,56,28,5,5,6,4,7,39.29875887,8.166666667,0.587920909,0.903345697,0.29,0.647,8,9,118.3,-41.4,0,-0.242905003,0,1.198890263
42,32,35,24,5,27,61,52,44,35,34,8,5,4,10,9,29.50487589,28.8125,0.246414375,1.541191701,0.345,0.824,2,9,-41.1,164.1,0.427603765,1.220647716,-0.439526832,0.20218281
56,35,46,20,2,25,115,106,35,65,31,7,9,6,10,11,31.63785461,12.22916667,0.023639471,0.735358334,0.217,0.538,9,9,0.1,54.5,0.045185356,-0.472789121,0.278348017,0.625797252
44,21,20,34,0,21,69,91,41,54,27,5,4,5,3,7,9.875,-34.625,-0.999268069,-0.629926429,0.941,0.604,5,9,181.5,237.2,0.275069474,-0.550138948,0.478645155,-0.124905462
42,34,43,41,3,25,88,94,47,67,38,10,9,8,9,11,31.85416667,61.0625,-0.502713587,1.247337253,0.637,0.777,3,5,250.5,214.6555556,-0.273101377,-3.106173785,0.347127774,-0.282216147
40,31,35,32,5,27,79,94,44,53,38,8,8,6,9,11,98.5,84.25,0.305169736,0.784817828,0.574,0.572,2,10,-101.4,68.5,-0.747858595,-1.341676662,1.421753856,3.335475257
60,40,50,20,2,30,133,139,48,68,48,9,8,9,9,11,16.6875,33.8125,1.209926142,0.703854877,1.076,0.807,9,10,-29.1,-42.3,-1.053586303,-0.229884118,-1.147278871,-1.49571719
46,20,21,34,0,21,68,94,41,53,28,6,5,6,4,7,-55.625,-45.89095745,-0.364546166,-0.083697017,0.172,0.482,5,7,425.9,207.8666667,-0.990763598,-0.699858031,0.185713339,0.589455798
42,38,39,28,7,26,66,48,43,39,27,7,5,4,11,9,44.43306738,35.70833333,1.195055669,0.827002255,0.416,0.121,4,9,196.3,190,0.987948391,-0.154040527,0.258892294,-1.133179061
44,21,20,32,1,21,69,94,41,52,26,6,5,6,4,7,121.4680851,-34.6875,0.848445894,0.941419527,0.206,0.403,7,8,-78,-159.5,0.853898559,-1.217832509,-0.031649338,0.589455798
34,30,36,40,5,24,74,78,36,45,32,7,7,7,7,7,17.35707678,42.14583333,-0.54699184,-0.423903925,0.768,0.586,5,9,-71.8,33.3,-1.051618206,-1.415552156,0.956705897,-0.190572974
56,36,45,20,2,28,114,105,42,67,32,11,9,6,7,9,5.520833333,104.3687943,1.430710799,-0.898650568,0.086,-0.221,7,9,-32.8,-106.5,-0.275069474,-1.371873036,0.589455798,1.525209801
55,35,45,24,2,24,120,118,44,67,31,9,7,6,9,12,58.47916667,-6.374113475,1.934868827,-0.261039429,0.067,-0.317,8,10,107.4,-110.9,-1.371873036,1.460737512,0.831800435,0.563644269
60,40,50,18,4,30,128,140,46,49,48,8,7,7,7,8,30.98486998,110.6068262,-0.035239862,0.409940481,0.403,0.703,6,10,-191.2,-102.7,-0.123844154,-1.32668768,0.125661347,0.831800435
42,30,41,33,9,24,95,85,40,55,34,8,8,6,6,8,92.70923913,104.4958333,1.193038827,0.392976648,0.86,1.187,9,9,120.2,108,0.381109438,-0.945578242,1.280415019,0.887146559
60,40,50,21,5,30,132,138,50,64,47,10,9,8,10,11,-21.625,11.29875887,-0.250800034,-0.033291252,0.809,0.47,8,9,66.8,64,0,1.920505747,0.242905003,0.512100265
24,33,44,24,1,26,102,113,47,56,38,8,9,8,7,10,37.95833333,135.5833333,-0.579326942,0.610501218,0.047,0.239,10,9,57,106.9,-0.348944967,-0.229884118,1.263945548,0.25965912
55,37,44,25,12,26,104,86,45,71,35,11,10,8,12,11,68.20833333,137.3399823,0.954278491,0.955232761,0.4,0.221,3,10,-24.4,-32,-0.472789121,-0.472789121,2.193607124,1.32668768
30,29,28,34,2,24,71,75,40,38,31,7,8,5,6,9,-3.166666667,137.339539,0.177554762,0.85924335,0.655,0.948,8,9,2,15.4,-1.738622193,-1.172647152,-1.227112461,-0.465642448
34,28,32,41,1,22,74,83,37,43,34,5,4,7,8,9,4.645833333,60.9623227,0.367911143,1.457307878,0.453,0.019,0,8,-76.08888889,-37.4,0.517974477,0.229884118,-0.080275007,0.229884118
32,34,39,33,0,25,70,70,36,48,35,7,7,4,8,9,-116.125,-64.10416667,-0.651145262,-0.557364826,0.158,0.169,-2,9,-56.1,-144,0.275069474,0.106039964,1.816336691,2.208610295
31,29,27,29,4,17,71,75,40,59,32,6,5,4,5,7,154.2083333,93.35416667,1.434568973,0.421195258,1.023,0.816,9,10,160.6,-69.6,-0.275069474,0.945578242,1.157744965,-0.25965912
34,28,26,35,2,21,77,80,38,33,22,6,6,6,5,8,74.14583333,57.4375,0.06485957,0.21792902,0.466,0.468,8,8,62.82222222,-83.6,-0.348944967,0.275069474,0.331465727,0.871671945
22,34,37,37,5,21,62,87,45,64,42,6,7,5,6,7,23.20833333,28.75,0.492445719,0.750343636,0.38,0.388,7,8,10.9,26.7,-0.394130324,0.242905003,-0.210428394,0.366106357
40,29,34,34,4,18,85,72,43,53,36,8,8,8,8,9,148.9166667,-44.83333333,-0.871868714,-1.837833902,-0.305,0.918,4,9,78.7,-11.2,1.215864412,-0.821734088,2.501667182,0.407877494
42,33,29,33,0,23,72,69,43,47,30,8,4,6,7,8,27.67375887,99.16710993,1.214347376,1.090833069,0.6,0.017,5,9,-61.46666667,9.3,0,0.03216447,1.51919228,1.078232209
60,40,50,22,3,30,134,139,49,70,47,9,9,7,10,12,34.375,98.72916667,1.121369786,1.423844779,0.172,0.349,9,10,148,93.9,-0.472789121,-0.702673239,0,-0.275069474
35,21,27,31,2,19,86,94,33,43,31,7,6,5,5,10,64.27083333,88.58333333,-0.198417912,0.55375594,0.031,0.593,7,8,73.3,-77.01111111,0.381109438,1.022928069,0.854882768,0.210428394
24,29,38,36,3,20,83,91,38,59,30,6,7,5,6,8,51.97473404,-25.6498227,-0.013801861,-0.867837118,-0.058,-0.009,7,8,56.42222222,-29.9,-0.348944967,-0.517974477,1.044457244,-0.106682764
44,37,40,33,2,28,91,91,44,48,32,8,8,7,7,11,-59.46852837,172.4166667,-0.789583061,0.778672571,0.742,0.541,8,10,212.7666667,26.4,-0.073875494,1.111792545,0.67448975,-0.288574795
60,40,50,21,1,30,133,139,50,67,48,10,8,9,10,11,6.395833333,-37.5,0.628871574,0.145099997,0.069,0.389,9,10,29.9,-76.3,-0.469973914,0.350913064,0.747858595,0.355545464
40,33,35,23,2,21,79,95,38,47,36,8,6,6,10,9,165.7291667,93.27083333,1.904931038,1.54042764,0.584,0.826,9,10,291.2,-11.2,-0.972959408,0.242905003,0.103455945,0.432145113
45,36,47,26,2,29,106,93,44,70,38,9,8,2,10,11,60.48758865,-137.2606383,-0.232386787,-2.053001866,0.726,0.533,9,10,104.6,-49.3,0.229884118,1.447716626,0.155677963,1.900226901
34,34,36,32,0,25,80,88,42,48,37,8,7,6,6,10,63.33333333,86.02083333,1.381859659,1.693054317,0.437,0.748,9,10,-30,34.9,0,0.472789121,0.977742712,0.517974477
26,27,26,39,2,24,72,80,37,21,28,5,7,5,4,9,75.8125,95.72916667,-0.424216716,1.506579622,0.413,0.727,8,9,137,87.7,-0.702673239,-1.844662157,0.945578242,0.747858595
45,35,44,21,6,20,102,113,42,53,32,10,8,7,10,11,119.3958333,195.1546986,1.663355545,2.038887729,0.424,0.064,10,10,3.3,-38.2,0.275069474,0.36393395,0.348944967,1.036433389
54,37,45,24,8,29,108,100,45,70,39,11,9,8,10,12,24.66843972,6.083333333,-0.034800264,0.529049496,-0.292,0.213,7,9,43.9,-35.4,0.517974477,0.383924645,1.178911596,1.715280161
24,25,29,32,7,21,76,94,42,51,27,5,5,3,8,10,25.4787234,-6.257169288,-0.062641869,0.235337326,0.936,0.182,9,9,172.9,-15.8,0.853898559,0.734837709,-0.117148858,-0.282216147
30,34,22,37,6,18,81,84,36,28,34,2,3,2,11,10,-46.70833333,30.69680851,-1.822586719,0.071582437,-0.124,0.868,6,9,79.1,-86.9,-0.348944967,0.275069474,0.407877494,0.791638608
56,35,45,19,3,24,119,117,45,68,32,8,10,7,8,10,103.1870567,45.19148936,1.165954622,-0.53046745,0.218,0.146,5,9,95.2,196,-0.578829085,1.460737512,-0.125661347,0.791638608
56,38,42,28,5,23,98,92,34,59,35,8,8,8,6,6,70.14583333,-110.2916667,0.892128416,-1.159923392,0.535,0.147,5,9,-256.5555556,-122,-0.712878917,-1.220647716,2.341077413,0.866919445
39,34,39,30,3,24,92,128,44,66,32,6,8,5,5,10,63.39583333,108.6875,1.455153081,2.070818765,-0.366,0.653,10,10,51.9,86.7,0.275069474,-0.11906085,2.117770946,1.002067002
36,34,29,34,0,23,71,99,45,53,29,7,5,1,6,11,28.625,5.153812057,0.907848617,0.623543063,0.18,0.562,8,9,300.9,206.6,0,0.593818067,-0.307239651,-1.036433389
34,30,31,33,3,21,79,93,39,42,29,5,4,5,4,9,72.64583333,78.83333333,1.138911,1.019281105,0.131,0.147,9,10,49,-27.4,-0.823702185,1.217832509,0.060370173,0.288574795
48,34,45,28,5,24,108,106,42,70,39,8,7,7,10,11,-48.64583333,58.95833333,-0.079009243,-0.646973985,0.588,0.287,9,10,129.2,51.5,-2.544520188,1.415552156,0.139080046,-0.05311771
49,39,46,31,12,30,108,91,42,47,36,11,9,3,10,10,108.3125,97.29722222,0.749716933,1.107433407,0.292,0.227,8,9,-7.155555556,139.2,-0.2448731,-0.593818067,1.305301163,0.190572974
40,34,33,28,1,24,75,84,45,69,29,8,6,6,7,8,73.91666667,-8.4375,0.862249135,-4.44E-16,0.442,1.2,-1,5,135,120,-0.836723071,-0.578829085,1.016131879,0.754217242
43,30,40,26,3,22,96,124,40,53,40,9,8,7,9,10,167.1493794,158.3125,2.301452551,2.921254437,0.919,1.198,8,10,167.2,17.9,0.242905003,1.220647716,1.168014188,1.900226901
41,31,35,28,2,24,94,83,37,39,28,10,8,9,8,11,0.145833333,18.77361111,-0.081085445,-0.905268085,0.457,0.31,9,5,34.6,120.4,-1.096803562,0.108855171,-0.622197248,0.971142215
26,35,41,28,2,26,83,91,39,37,41,9,7,7,10,11,-15.75,76.55319149,-0.371058897,0.750771587,0.221,0.507,8,9,-62.9,131.8,0.972959408,-0.348944967,1.318649537,1.036433389
45,35,44,22,11,28,96,87,43,49,35,9,8,5,7,9,82.72916667,65.10416667,1.49278394,1.843668164,0.206,0.84,4,9,51.6,-75.7,0.697889935,2.160595543,2.003854956,1.68625936
48,36,30,35,0,27,83,107,45,66,33,6,4,4,5,7,87.48261546,16.9751773,1.296412839,-0.100630848,0.147,0.599,5,9,-4.888888889,21.5,0.459768235,0.977742712,1.31603912,0.791638608
30,30,32,39,2,23,74,81,45,54,25,8,4,4,3,9,85.54166667,-45.75,0.069403928,0.179281379,0.524,0.782,7,10,-120.6,-131.5,-0.942763035,-0.078658797,0.157310685,1.040596107
60,40,50,20,1,30,134,139,50,71,47,9,10,10,9,12,-17.29166667,38.05274823,-0.600293339,1.158440032,0.354,0.236,10,10,22,10.9,0,-0.229884118,1.059810217,-0.702673239
55,32,32,38,0,25,83,108,44,42,25,6,4,5,4,8,1.122340426,-6.5,-0.69011504,-0.475854806,0.164,0.377,-4,8,84.9,-35.3,-0.836723071,0.945578242,1.534120544,0.036423217
40,34,40,28,4,26,61,51,45,40,30,7,6,5,9,11,17.8125,27.375,0.998788808,1.24010246,0.784,0.622,1,4,29.2,99.7,0.229884118,-1.49571719,0.948949292,-0.685205419
52,34,45,20,3,22,126,109,46,67,33,8,7,7,9,11,32.81914894,59.27083333,-0.566922224,0.414569547,0.254,-0.056,8,10,204.8,-33,-0.578829085,0.034979678,0.385320466,-0.052332029
34,30,33,20,3,17,86,80,37,57,33,6,6,5,7,8,66.125,90.60416667,1.548057721,0.686159644,-0.668,-0.081,6,10,57.1,-12.3,-0.702673239,-0.836723071,0.275069474,0.087468655
41,34,43,27,3,26,101,79,45,54,40,7,6,4,5,8,124.7291667,8.520833333,1.356197736,-0.010724194,0.654,0.408,8,10,178.3,24,-1.185668038,0.866919445,0.208795672,1.253252916
45,37,40,26,7,26,88,87,43,41,40,9,7,7,9,9,-63.91666667,70.60859929,-0.067690938,1.337549332,0.794,0.764,9,8,26.4,129.6,-0.734837709,0.624014441,0.157310685,0.879122705
37,40,46,18,10,29,105,104,43,39,36,10,8,9,11,12,85.91489362,11.01539855,1.418884394,-0.87780575,0.236,0.449,8,6,111.5,64.5,0.593818067,-0.348944967,0.732212714,0.282216147
54,35,45,21,4,27,118,118,44,52,41,9,3,5,7,11,29.13758865,60.71936759,0.647620404,1.37488433,0.337,0.656,9,10,141.7,178.5,-0.15122532,-0.197719647,0.699204805,0.185713339
20,30,38,38,11,25,68,92,44,54,37,8,7,8,6,9,-47.0625,60.83333333,-1.185895129,0.821165897,0.308,-0.003,6,10,164.3,-34.6,-0.899083915,1.965691103,0.282972031,-0.209657003
50,35,36,35,0,26,81,111,46,46,30,6,5,3,3,8,31.9787234,2.378623188,0.639914487,0.231633755,0.265,0.331,-8,6,37.6,-17.2,0.242905003,2.163410751,1.678785167,1.535669847
60,40,50,18,1,30,133,140,50,68,48,8,7,7,8,12,90.03102837,13.48670213,0.974238534,0.19107621,0.099,0.662,9,9,130.8,-1.4,-0.977742712,0.823702185,0.229884118,0.904373868
28,25,26,36,3,22,75,94,38,58,33,8,6,4,3,9,49.90009251,124.4130435,0.839535773,0.80673865,0.517,0.612,8,4,173.7,-89.9,0.013020886,0.03216447,1.071123171,-0.157310685
21,31,36,39,7,25,61,90,44,55,37,7,8,5,4,10,37.39583333,-2.75,0.721902743,0.516567517,0.163,0.661,9,9,-32.9,54.1,0,0,0.407877494,0.377965768
38,31,37,31,4,25,74,109,42,45,23,5,7,3,2,10,43.02083333,47.67819149,0.682795642,0.957183413,0.553,0.069,7,10,197.1,39.7,0.348944967,-0.808713202,1.044457244,1.155890219
49,34,33,32,0,28,76,105,45,46,30,7,5,5,6,9,-34.24242424,-10.2826087,-0.83761031,-0.126242822,0.089,0.574,1,10,219,-59.2,0.110823268,-0.624014441,2.073190173,1.476602357
40,33,36,29,7,26,98,87,43,50,34,9,8,10,9,10,81.35416667,40.58333333,0.102825193,-0.010846638,-0.261,0.069,5,7,7.5,96.1,0.348944967,0,2.003854956,0.407877494
48,38,42,29,1,27,91,113,44,69,36,10,11,8,8,11,122.1818182,6.629166667,1.004420851,-0.060306515,-0.058,0.446,6,9,307.9,108.8,0.242905003,0.36393395,0.866919445,1.222464909
47,35,32,37,0,28,92,115,43,58,28,5,5,4,5,6,-79.2173913,-56.45652174,-1.506691898,-0.634762141,-0.008,0.221,6,10,172,28.9,-0.459768235,0.747858595,0.267238095,-0.210428394
52,35,33,38,0,27,83,100,43,35,27,6,5,5,6,8,-35.25,45.00277778,-0.677191944,0.167633058,0.316,1.305,-5,5,-22.6,-47.5,0.275069474,1.096803562,1.421753856,1.508655474
31,25,25,34,1,22,73,107,42,47,37,7,8,6,3,10,-57.23007246,-47.28723404,-1.641501156,-0.781802307,0.01,0.435,9,10,327.4,-19.4,0.350913064,0.108855171,-0.625948868,-0.681711197
47,36,41,28,2,25,93,105,43,62,38,10,8,8,9,11,94.00634058,29.12673451,0.380796564,0.111427591,0.507,0.726,9,9,189.2,143,-0.275069474,-0.121028946,1.467557471,0.598450468
37,32,34,26,1,22,88,81,41,54,31,5,4,3,6,8,61.91666667,-3.416666667,0.538144841,0.357569478,0.233,0.578,3,4,71.22222222,-57.375,0.229884118,-0.472789121,1.51919228,0
41,29,36,25,11,22,88,73,33,53,36,8,7,8,9,9,43.10416667,44.10416667,0.305169736,-0.203689109,-0.095,0.452,5,8,233.4,343.1,0.593818067,-0.469973914,1.816282976,1.440210687
50,35,41,29,1,25,99,91,40,61,37,8,6,6,7,9,179.2331175,53.53191489,1.447697247,-0.27946423,0.311,0.803,8,10,103.8,-32.3,1.371873036,0,0.080275007,0.548828403
60,40,50,21,1,30,133,140,50,70,47,9,10,8,10,11,-8.708333333,85.02437943,0.170137047,0.758390853,0.974,0.566,10,10,-106.7777778,84.2,0.472789121,-0.626829648,0.910772043,0.615204584
57,40,50,23,11,28,112,109,49,75,46,11,11,12,12,12,45.22916667,-43.70833333,-0.377115882,-0.653558369,0.383,0.664,8,10,248,127.3,0.747858595,0.394130324,0.379027404,0.495847568
27,36,35,31,1,27,69,78,46,53,31,7,5,5,6,8,35.66666667,-18.97916667,0.927997211,-0.569817881,0.171,0.81,-2,5,-48.9,-304.7,-0.398913627,-0.134049832,-0.292931816,-0.94083328
44,34,38,20,3,25,87,85,45,49,26,7,7,6,7,10,33.35416667,65.45833333,0.067647043,2.025006116,1.166,1.034,9,9,41.8,37.2,-0.593818067,-1.096803562,0.896995032,0
25,39,41,36,6,28,72,100,40,51,35,9,5,6,10,10,6.708333333,59.02083333,0.752120702,0.570776326,0.852,0.624,8,10,-45.42222222,1.1,-0.07584359,-1.066607188,0.615204584,2.075942096
50,37,43,20,1,26,106,93,45,40,36,8,7,6,9,10,124.6458333,74.95833333,1.11680415,0.713218403,0.166,0.307,6,9,-65.7,119.2,0.154040527,-0.975774616,0.819339915,1.147278871
34,33,37,37,1,26,83,75,30,49,37,8,5,7,3,9,84.54166667,-4.770833333,0.338374673,0.344512536,0.228,-0.285,9,8,50.8,44.8,-0.866919445,0.626829648,0.446977592,-1.414969509
43,34,43,19,1,26,106,116,45,65,41,10,10,9,9,10,50.02445652,72.2947695,0.478682601,0.524206665,0.677,0.632,9,10,33.8,39.2,-1.296491306,-0.593818067,-0.385320466,0.622197248
24,18,18,32,0,19,67,67,42,43,27,5,3,2,4,6,55.78723404,-91.91033435,0.810066026,-0.591242731,0.888,0.303,6,7,-49.4,69,0.154040527,-0.702673239,0.060370173,-0.593818067
57,40,49,17,11,30,128,136,48,72,41,12,11,10,12,12,7.333333333,43.5412234,-0.255323031,0.578240421,0.26,0.475,7,10,150.3666667,11.5,-0.073875494,1.217832509,-0.446977592,0.625797252
48,40,40,26,5,26,85,99,46,51,31,8,7,7,7,10,-0.1875,5.270833333,0.427085401,-0.05846461,0.345,0.764,6,10,29.4,-57.23333333,0.821734088,-0.275069474,1.124732251,0.439526832
46,36,38,29,6,28,108,105,47,56,42,8,7,8,9,10,25.6875,-17.64583333,-0.990070352,-0.568489991,0.059,0.732,10,9,118.3,92.1,-0.134049832,-0.747858595,1.989634305,1.17784996
40,40,41,26,4,27,91,85,43,68,37,9,8,7,8,12,186.1458333,43.79343972,1.83941734,1.26106201,1.056,0.845,10,10,39.2,77.6,-0.624014441,0.242905003,0.614437758,0
34,28,31,36,0,24,75,75,37,35,24,7,5,4,4,7,4.799202128,-28.125,0.07837604,-0.61187309,-0.186,0.223,-3,7,31.5,-341.1,-0.275069474,0,3.127339362,1.71092314
51,35,46,24,13,25,109,105,45,71,40,10,9,9,10,11,67.33333333,72.52083333,0.813959762,0.627546153,0.224,0.878,9,10,13.5,-8.9,-0.459768235,0,0.866919445,0
47,31,41,23,12,25,105,100,43,66,35,8,10,6,8,11,70.76994681,85.58333333,0.632048725,1.357743951,0.31,0.491,8,10,88.7,-9.2,-0.28809036,0.242905003,1.281551566,0.589455798
27,32,38,25,4,25,79,85,47,71,32,8,5,6,10,12,64.10592044,185.3049645,0.567917509,1.927284394,0.348,0.923,9,7,183.4,-61.5,1.083782676,-0.36393395,0.614437758,0.104222771
41,38,33,33,3,22,73,65,40,46,19,8,1,6,3,8,-51.8125,67.5,0.154043318,0.884496678,-0.072,-0.122,5,10,163.9,76,1.569592683,0,1.561636309,1.583277215
43,35,40,35,7,27,89,82,37,50,37,9,7,8,5,6,44.97916667,55.00487589,0.35384363,0.211022234,0.342,0.765,8,10,20.1,81.5,1.415552156,-0.517974477,-0.185713339,-0.080275007
44,36,45,36,1,26,95,93,42,67,38,9,8,8,9,11,37.125,79.9375,0.570360631,0.970483394,0.972,0.828,9,10,114.5,55.5,0.866919445,0.034979678,0.917299955,0.282216147
22,19,20,36,2,21,52,54,41,35,28,5,4,3,6,8,69.97296099,26.29166667,1.304293985,0.645569696,0.11,-0.011,-3,8,-21.2,-102.6,-0.348944967,-0.747858595,0.754217242,2.081995229
36,29,38,32,1,23,84,85,39,48,28,6,8,6,5,8,73.34873188,-26.68085106,1.451887896,0.342147383,0.201,0.361,8,10,230.7,161.3555556,-0.504953591,-0.626829648,1.169362706,0.060370173
34,29,37,32,8,22,85,95,36,58,37,8,8,5,5,9,5.25,99.5,1.202154418,0.74089089,0.594,0.866,9,10,109.7,157.3666667,-0.348944967,0.977742712,0,0.252568979
49,37,46,27,5,26,88,108,44,56,31,8,9,6,7,10,-16.90203901,34.84967623,-0.136248922,-0.220710586,-0.265,0.187,7,9,26,-63.8,-0.821734088,-1.339708566,2.270140686,1.622544477
35,36,41,32,0,26,76,74,43,55,35,9,8,7,10,11,40.03191489,176.375,0.15918452,1.2318547,-0.049,0.382,8,10,128.7,-69,0,-0.836723071,1.37680986,0.634327923
39,30,40,27,5,24,90,95,40,45,38,9,8,8,9,9,106.3617021,43.80573543,-1.11988711,0.215173378,0.339,0.683,9,9,33.3,-13.9,1.460737512,-1.69062163,1.198890263,1.147278871
41,30,30,33,1,26,64,49,34,45,30,4,1,4,5,6,42.875,107.0208333,0.564897202,0.513437781,0.43,0.426,6,9,-124.1,-143.5,-0.106039964,1.096803562,0.523417041,2.319343377
29,30,32,32,2,22,72,76,39,50,29,8,6,6,7,10,31.27083333,43.64583333,0.470188468,-0.553277055,-0.311,-0.33,9,9,-38.64444444,59.9,-2.163410751,-2.438480224,0,0.945578242
33,30,37,30,1,23,87,75,36,47,31,10,9,7,8,10,8.375,181.1343085,0.262126436,1.166333198,0.631,0.386,8,9,48.7,38.2,-0.624014441,0,-0.157310685,0.791638608
30,30,36,28,2,23,71,69,41,44,28,6,6,5,5,8,-32.95656028,68.42553191,0.130981685,0.901039752,0.367,0.066,5,9,-167,-62.3,0.242905003,1.220647716,0.866919445,0
27,18,22,33,7,16,61,88,36,34,24,5,1,3,5,6,49.14583333,42.91666667,0.180958463,-0.05110848,0.553,0.767,3,5,-63.8,-116.1,0.07584359,0.472789121,1.305301163,1.920505747
35,20,24,31,4,19,68,77,34,31,19,7,9,4,7,8,113.326087,174.8696809,1.748392777,2.499728861,0.353,0.967,2,4,52.4,120.2,-0.472789121,-0.459768235,-1.253252916,0.510981813
26,35,42,29,2,25,85,92,42,61,34,9,7,8,11,11,23.9375,95.52083333,-0.234175035,1.640188891,0.542,0.511,8,10,20.5,-27.2,-0.07584359,1.69062163,0.67448975,-0.472789121
39,35,36,28,3,27,80,101,42,41,29,9,7,5,4,10,61.66666667,52.97916667,1.098017846,0.380586231,0.14,0.01,10,10,92.4,129.8,0.348944967,-0.03216447,0.377965768,0.944664747
33,33,37,34,9,21,88,87,40,63,34,8,10,10,11,12,99.8266844,193.9481589,1.656001141,2.554314898,0.147,0.575,8,8,117.6444444,29.7,0.275069474,0.578829085,1.124732251,0.446977592
47,36,34,34,0,24,85,104,44,44,30,4,4,5,4,7,15.79166667,-12.27083333,-0.830692212,-0.634985806,0.127,0.556,-5,2,-20.1,-251.4,0.624014441,1.809682479,1.012807906,1.68625936
23,30,37,39,9,22,64,85,44,57,38,8,7,8,7,6,4.5625,-47.95833333,0.67887011,-0.68423476,0.545,-0.174,9,9,82.5,92.2,-0.866919445,0,-0.685205419,-0.392273603
51,35,39,29,1,24,88,106,39,41,31,9,10,7,7,11,-43.89583333,33.30253623,-0.315037599,0.175774277,0.256,0.447,9,10,4.1,9.8,-1.460737512,-1.675632647,0,0.956705897
45,30,35,32,4,26,79,86,43,61,29,7,8,5,6,10,37.10416667,120.9791667,0.322376418,2.348069865,-0.937,0.455,9,10,81.4,60.2,1.614778039,0.472789121,-0.125661347,0.589455798
39,33,38,24,2,26,85,95,39,50,29,7,7,6,6,9,88.39583333,113,1.77488818,1.060963108,1.076,0.598,8,10,-67.2,110.4,-1.096803562,0.275069474,0.593818067,0.593818067
50,34,39,31,10,27,74,65,42,47,27,8,8,5,7,10,82.66755319,31.97916667,1.01589351,1.17222453,0.239,0.632,0,6,189.5,77.9,-0.424788558,0.318748594,0,0.615204584
46,32,40,29,10,25,97,61,45,68,37,9,9,8,10,11,18.89583333,96.9375,0.592284816,1.39203742,-0.389,0.195,9,10,-37.7,-33.26666667,0.624014441,0.398913627,1.678785167,-0.667536613
28,37,36,35,1,26,62,66,42,53,23,8,8,6,6,10,-67.4375,93.25,0.653840005,0.105824107,0.487,0.767,1,9,-11.28888889,-26.97777778,2.193607124,-0.07584359,2.003854956,1.147278871
46,34,41,29,12,26,97,92,41,66,33,9,10,8,8,10,59,72.84663121,0.577668666,1.108268911,0.368,0.673,7,9,211.7,24.8,-0.945578242,-1.569592683,0.702673239,-0.702673239
52,40,43,31,4,26,84,106,44,50,36,10,7,9,3,11,72.41666667,74.45833333,0.546027824,1.005427175,0.467,0.786,6,10,-61.3,-91.9,0.348944967,0.242905003,1.770514974,0.289169284
31,27,26,33,3,21,73,83,39,48,22,7,5,5,6,9,75.89583333,3.82173913,0.387602941,0.077861543,0.535,1.022,4,9,191.9,267.9,-0.945578242,0,0.275069474,1.460737512
53,37,46,23,8,28,88,75,45,65,37,9,7,2,10,11,120.25,-29.08333333,0.968394087,1.060963108,-0.028,0.648,8,10,49.7,-72.7,0.121028946,1.920505747,-0.201700629,-0.747858595
60,40,50,23,1,30,133,139,50,70,47,8,8,7,8,9,-25.04166667,117.375,-0.203689109,1.428189648,0.433,-0.05,10,10,121.6,106.7,-0.16902951,0.593818067,2.003854956,2.133236952
60,40,50,21,1,30,132,139,50,69,47,9,8,7,9,11,-11.625,-77.41666667,0.531126325,-0.771576971,0.177,-0.304,10,10,122.8,86.5,0.593818067,-0.350913064,1.771293312,1.644853627
50,33,36,32,1,26,83,106,45,40,26,5,4,5,4,7,-0.611522199,-11.9375,-0.622143637,0.016474247,0.237,-0.002,2,6,-86.7,-7.2,2.195575221,0.106039964,0.80661666,0.614437758
53,36,31,38,1,27,89,106,44,40,31,6,5,5,6,8,-20.52083333,34.04255319,-1.049498354,0.618861566,0.504,0.13,-2,5,-30.9,-146.8,0,-0.2448731,2.057483877,0.904373868
40,27,30,28,2,22,86,81,48,44,37,8,8,8,9,9,2.173913043,61.36690307,0.149470548,1.576637694,0.622,0.68,7,8,150.3,56,0.977742712,-1.185668038,1.593218818,1.280415019
39,37,40,28,7,28,98,79,39,46,33,8,6,7,7,9,6.416666667,30.35416667,0.582021684,1.508901961,0.382,0.313,4,7,72.8,58.2,-0.121028946,0,0.155436349,1.096803562
54,40,45,29,7,27,100,98,47,58,43,10,10,5,8,9,59.85416667,25.6462766,0.00033297,0.009867864,-0.082,0.736,7,10,215.6111111,-10.2,-1.566777476,-1.111792545,0.542631151,0.347127774
43,34,38,33,9,25,102,95,45,55,34,9,7,8,7,10,32.22373188,152.8125,0.458114539,0.860892917,0.576,0.592,7,7,-124.2,-70.7,0.821734088,0.628797745,0.392273603,0.667536613
17,15,15,39,0,10,38,51,18,20,5,3,1,1,2,4,46.89583333,59.77083333,0.67003948,1.634144793,-0.204,0.131,-10,3,-45.6,55.6,0.472789121,1.341676662,0.459768235,1.784291984
42,35,41,29,3,24,91,69,42,40,36,7,6,7,5,6,-27.46808511,51.20599613,1.042822256,-0.105599419,1.137,0.866,8,6,124.9,68.1,-0.591849971,0.853898559,-0.179619834,1.193744074
44,30,35,30,4,24,74,83,39,51,39,8,6,5,6,9,16.72916667,32.375,-1.119737635,-0.383771164,0.274,0.264,6,5,91.52380952,-6.666666667,-0.823702185,-0.624014441,-0.313972118,0
60,40,50,21,3,30,133,140,48,68,48,9,9,7,9,10,-15.1875,39.72916667,0.147177299,1.309411444,0.909,0.932,9,9,198.6,150.5,0.275069474,0.593818067,2.787425192,2.727055019
23,18,20,40,0,24,72,56,41,20,34,2,2,1,1,3,39.125,93.35416667,0.865723456,0.124832566,0.899,0.568,5,10,137.2,96.76666667,0.242905003,0,-0.593818067,0.242905003
50,34,40,27,1,23,98,88,40,62,36,7,6,6,7,9,72.76817376,26.43181818,-0.694602324,0.995449374,0.494,0.49,8,10,62.7,225.3,0.459768235,0.836723071,0,0.060370173
18,13,14,40,0,8,35,48,18,26,4,3,1,1,1,4,22.70833333,-26.31382979,0.653840005,-0.352979859,-0.244,0.259,-5,1,13.9,63.86666667,-0.578829085,1.40253127,0.125661347,0.755005268
60,39,48,23,3,30,131,140,49,67,47,8,9,9,8,9,-57.85416667,74.39583333,-0.732616409,0.66090433,1.049,0.847,10,9,170.7,44.7,1.460737512,0.073875494,1.71092314,1.978539284
39,28,24,33,2,22,72,75,35,38,37,6,7,5,4,7,71.79166667,112.2291667,-0.060637426,0.47407419,0.8,0.588,6,7,85.5,-78.8,0.242905003,-0.073875494,1.253252916,0.488776411
46,35,43,29,12,23,116,107,44,53,39,10,7,5,8,10,53.83466312,79.83333333,0.282788601,0.055249489,0.488,0.531,7,9,51.9,-141.3,1.920505747,-0.240089796,-0.097402812,0.097402812
21,19,18,38,1,12,64,65,31,52,20,8,7,5,5,7,25.6875,97.20700355,1.768691849,0.957145582,0.597,0.489,9,6,-7.4,-12.4,-8.88E-16,-0.154040527,0.229884118,0.598450468
20,18,18,29,0,12,48,64,41,34,9,4,4,3,3,6,38.5695922,30.625,0.248214404,0.367646641,0.341,0.112,6,7,-3.9,-303.4,-0.106039964,-1.32668768,1.318649537,1.036433389
32,29,31,26,1,22,70,81,32,49,29,8,5,6,5,8,37.04166667,-37.52083333,0.939522197,-0.373554084,0.155,0.202,5,8,86.8,-249.3,-0.229884118,-0.108855171,0.624014441,0.548050065
60,40,50,25,2,30,133,139,50,68,47,9,9,8,9,9,-10.8125,9.867021277,-1.079029699,0.070483237,0.056,0.265,9,9,12.4,149,1.217832509,-0.702673239,0.385320466,0
53,35,31,32,0,25,83,110,43,41,30,6,4,4,5,8,47.54166667,-5.479166667,0.821084172,-0.004979071,0.189,0.957,3,9,73.9,184.1,0.275069474,-0.472789121,0.432145113,1.701633491
60,40,50,21,2,30,134,140,50,68,46,7,8,8,9,10,50.03945035,-69,1.386123792,-0.940534544,0.886,0.759,9,10,165.7,8.3,1.172647152,1.814465783,0.814587415,2.133236952
39,30,40,28,3,25,90,80,40,40,36,7,6,6,7,8,51.125,41.70833333,0.33622165,1.150898597,0.345,0.537,9,8,165.8,-11.1,0,-0.866919445,1.044457244,1.466128358
21,21,25,34,3,19,58,72,31,63,32,9,5,4,10,9,27.41666667,99.4375,0.090580948,1.507324153,0.253,0.738,8,10,117.6,-39.8,0.275069474,-0.242905003,0.746766482,-0.564432294
50,34,41,26,1,24,100,96,40,60,35,7,6,6,8,9,74.95138889,60.92638889,0.044951752,-0.027315927,0.386,0.423,8,10,195.4666667,-81.2,0.164246206,-0.229884118,1.156077216,0
28,25,25,30,0,22,58,74,36,53,27,4,3,3,4,7,110.3125,-44.46808511,1.084769628,0.646726971,1.001,0.422,-4,9,175,-133.1,-0.03216447,-1.220647716,0.948949292,0.910772043
44,34,42,27,12,27,75,69,46,34,26,9,7,3,7,12,-13.84663121,85.66666667,-0.453859563,0.912290432,0.265,0.733,3,3,116.9,244.7,0.712878917,0.472789121,1.337314393,-0.510981813
27,37,40,23,5,24,81,79,37,60,30,8,7,7,8,9,61.25,107.9166667,0.579326942,1.89824058,0.088,0.504,6,9,-120,-77.4,0.977742712,0.624014441,0.524400513,0
55,36,46,23,13,27,99,87,45,64,41,5,7,7,6,9,102.3541667,84.35416667,0.315037599,1.265755152,-0.155,0.389,9,10,-51.22222222,-200,-1.248028882,-0.275069474,1.659781891,1.456197977
29,30,32,33,1,24,84,94,43,58,26,6,5,7,5,11,65.45833333,63.85416667,0.538183838,0.708504377,0.324,0.704,10,9,-197.7,-26.2,-0.747858595,-0.394130324,0.346560738,1.408459197
33,32,24,32,1,24,74,86,42,54,35,7,4,3,5,9,-34.54166667,51.5837766,-0.446130636,1.274166024,0.253,0.034,7,9,-23.8,43.3,-1.539396309,-0.242905003,0.858109587,1.49571719
34,37,40,41,6,21,89,86,36,44,30,9,12,7,10,7,-60.35106383,61.46764184,-0.485579031,0.29303963,0.338,0.131,6,6,-91.2,-350.3,0.942763035,-0.702673239,1.69062163,1.096803562
34,37,42,35,0,23,73,56,40,35,34,8,8,5,3,8,38.5,21.66666667,0.306310369,0.39658952,-0.429,-0.209,7,10,60.9,157.3,0.977742712,0,0.667536613,-0.282216147
57,40,48,20,3,28,126,134,47,76,46,10,9,7,10,12,38.35416667,65.25398936,1.032015696,0.435475344,0.268,0.13,9,10,-92.3,41.6,0.424788558,0,-0.282216147,0.361943639
27,20,23,37,2,23,76,85,30,54,34,3,4,3,6,9,-49.25,-62.14583333,-1.207203454,-0.164619699,0.172,0.207,-5,7,-142.1,104.3,0.106039964,1.217832509,0.204135331,1.3633347
30,29,39,28,0,25,92,107,37,51,26,5,7,2,7,11,-53.4375,94.3125,-0.776870794,1.150370789,0.263,0.542,5,10,-24.6,100.2,-0.19490444,-0.942763035,0.210428394,-0.377965768
31,32,31,32,7,23,77,58,38,50,36,8,8,7,7,7,78.95833333,65.20833333,2.035687723,1.429487089,0.745,0.57,4,5,88.2,154.5,-1.460737512,0.747858595,0.615204584,0.242905003
32,30,40,36,7,21,85,84,38,52,32,7,6,6,7,10,-19.29166667,137.7947695,0.443284876,1.144096464,-0.066,-0.192,9,10,36.7,33.9,0.624014441,0.459768235,0.729835874,0.366106357
42,36,45,35,2,24,103,82,42,70,37,9,10,8,9,11,15.66666667,39.59574468,-0.675203871,1.040933544,0.329,0.353,8,8,-24.1,84.6,1.248028882,-0.348944967,-0.859630794,0.646087096
48,35,38,21,11,26,105,109,41,61,35,9,8,8,10,11,31.60416667,-61.49955674,0.079308097,-0.317349603,0.576,0.717,8,10,56.4,-34.5,-0.945578242,-0.977742712,0.459768235,0.517974477
34,21,24,39,1,19,77,73,39,29,15,7,4,3,4,7,5.583333333,-12.0625,0.584174692,0.681814775,0.399,0.68,4,10,133.2,156.5,1.215864412,-0.593818067,1.402539746,1.059810217
25,31,38,22,0,21,77,100,43,68,24,8,8,5,6,11,89.60416667,47.52083333,0.767569552,0.22047893,0.012,0.966,-4,-7,10.9,-103.5,-0.593818067,0,3.335475257,3.381243259
50,35,39,22,3,23,81,73,40,49,35,8,9,7,8,10,57.35416667,-8.354166667,-0.456296153,0.993745287,0.564,0.072,10,9,129.7,173,0.275069474,1.566777476,1.104442407,0.392273603
46,37,41,36,2,27,104,130,45,65,43,8,7,7,8,11,-16.58333333,-72.81781915,-0.408755337,-0.834708816,-0.182,1.093,9,7,145.8,98,0.242905003,0,1.096803562,-0.229884118
38,30,42,31,4,24,78,66,36,39,29,7,5,5,10,7,27.89583333,47.08333333,-1.408306492,4.44E-16,0.999,0.123,8,10,119.9,139.6,0,-0.242905003,-0.593818067,0
37,33,35,40,2,18,90,89,40,58,37,9,7,8,5,11,104.1875,186.1134752,1.354383889,2.210489233,0.545,0.617,9,9,65.35555556,169,0.836723071,1.096803562,1.771293312,0.407877494
28,33,34,29,6,22,77,100,40,58,28,9,8,11,10,10,78.57712766,290.5115248,0.590026842,2.067710477,-0.155,0.723,8,9,84.1,125.2,-0.154040527,0.242905003,0.104222771,0.977742712
22,20,24,36,5,22,61,57,44,51,26,4,8,7,2,11,-16.6498227,132.1929348,-0.254674036,0.928952102,0.635,0.554,-3,1,120.7,-133.8,0.350913064,0.242905003,3.335475257,0.510981813
43,33,40,29,2,23,95,84,38,37,33,8,8,7,9,9,43.14716312,270.9047619,0.458915913,2.174975726,0.775,0.463,9,9,107.1,5.7,-0.942763035,1.022928069,0.464061356,1.263945548
44,38,46,29,4,29,91,62,40,29,34,10,5,8,4,9,66.61684783,50.27083333,0.925735097,0.448405337,-0.537,-0.585,8,10,-55.5,64.1,-0.459768235,-1.950702121,0.459768235,-0.363115064
35,33,40,23,5,26,101,106,43,64,32,6,6,7,7,8,76.08953901,100.4906915,0.545857262,1.160871157,1.258,0.503,6,10,59.4,22,-1.844662157,0.123844154,0.361943639,0.547656978
37,29,36,32,3,24,93,91,33,56,26,7,5,5,8,9,29.75886525,0.58820922,0.137029647,0.440278769,0.52,0.411,7,10,54.3,27.4,0,-1.32668768,0.977742712,0.702673239
44,22,30,31,9,23,80,82,30,41,18,6,5,4,6,10,14.69565217,157.5851064,1.521365348,0.593380023,-0.202,0.158,9,9,103,74.7,0.459768235,0.702673239,1.31603912,-0.367089828
38,35,36,35,7,22,79,81,34,48,34,10,6,7,9,8,91.54166667,42.20833333,2.214847461,1.20294877,0.367,0.448,5,8,89.2,-157.1,-0.030196374,-0.36393395,1.266317507,2.727055019
45,30,37,23,4,26,90,99,32,43,30,5,4,4,4,6,-96.43173759,36.04166667,-0.522843079,0.310278788,0.225,0.218,8,9,72.8,24,0.229884118,1.051618206,0.510981813,1.318649537
32,28,30,35,1,21,72,95,36,39,28,6,5,4,7,7,-121.0235507,31.11657801,-1.459136459,0.421237315,0.224,-0.068,-5,5,-104.3,-222.4,-0.275069474,0.073875494,0.206560264,0.385320466
30,20,18,37,1,14,68,77,29,39,16,6,5,6,6,8,-19.72916667,126.3617021,0.309577442,1.888604303,0.918,-0.146,2,5,36.4,162.3666667,0.593818067,0.121028946,1.593422521,1.097574953
37,33,33,27,5,26,80,115,42,47,36,8,9,5,7,11,70.95108696,88.16666667,1.215584171,1.64623238,0.229,0.457,8,9,-26.5,-76.4,0.942763035,0.702673239,2.319343377,1.068818305
27,28,29,35,0,20,69,70,29,39,30,6,7,5,4,6,-22.9787234,22.1875,-0.866750236,0.53545372,0.628,1.112,-1,6,-17.7,-93,-0.154040527,-1.645436273,1.147278871,1.337314393
25,16,21,34,3,22,57,62,44,45,32,5,8,2,3,7,19.91211841,118.9791667,1.010181896,1.38027931,0.429,0.871,6,6,84.5,-55.3,-1.220647716,-0.275069474,1.225683442,-0.282216147
43,29,35,33,1,25,86,90,44,55,35,8,7,7,6,10,-128.3940603,126.7101449,-2.135511974,1.55824855,-0.258,0.319,8,10,38.6,136.2,1.217832509,-0.760879481,1.201845218,0.578087234
42,30,31,31,2,18,69,65,37,49,24,8,5,8,7,9,-1.4375,30.66666667,-0.732441433,1.19647055,0.357,0.452,7,10,122.2,-142.2,0.624014441,0,2.193607124,0.747858595
47,32,36,27,1,19,70,58,39,42,26,7,5,4,6,6,37.625,51.27039007,1.23515502,0.855242031,0.168,0.645,10,9,-127.2,99.7,-0.593818067,0.07584359,0.366106357,0.355545464
24,28,29,36,0,21,75,83,42,46,32,8,4,4,4,10,-3.354166667,60.8125,0.324839026,0.988082279,0.322,0.794,6,8,-5.111111111,126.9777778,-0.637035327,-0.871702748,0.244794782,0.542631151
52,34,46,21,1,28,99,95,40,34,36,9,8,8,8,10,126.9450355,120.5416667,0.753261958,1.250550494,0.666,0.581,9,10,209.7,-11,-1.735806986,0.624014441,1.456197977,0.715117145
35,31,25,32,3,22,76,85,37,54,27,5,8,6,9,10,21.47916667,30.89583333,0.1556228,0.582774941,0.398,0.534,7,7,69.4,190.9,-0.593818067,2.678570021,0.385320466,-0.488776411
45,30,36,32,10,28,84,77,43,46,36,10,10,5,8,11,55.06693262,105.1041667,0.058319064,0.665313659,0.406,0.949,7,10,-29.7,-9.3,-0.624014441,-2.054555579,2.030174093,0.806549272
20,32,23,35,8,19,76,75,38,46,27,7,5,6,6,9,-29.47916667,-14.66666667,-1.278296577,-0.630357957,-0.068,0.808,10,10,-71.9,-199.2,0.11906085,0.866919445,0.292931816,1.217832509
44,37,41,33,2,28,98,115,43,58,41,8,8,5,6,10,66.97916667,49.08333333,1.568495068,0.773068873,0.146,0.283,9,10,-76.5,115.7777778,0.030196374,1.809682479,0.622197248,0.219562971
49,37,47,26,7,22,104,119,44,74,43,9,10,8,9,11,-15.9375,-59.48295455,-0.380471666,-1.12896941,0.533,0.604,7,9,154.6805556,-142.9666667,-0.242905003,-0.134049832,0.510981813,0.904373868
36,31,31,40,9,28,79,95,43,28,26,12,12,7,12,12,35.9701087,39.32608696,-0.559956857,-0.243865089,-0.055,0.209,10,9,126,5.8,-0.229884118,1.096803562,0.082239666,-0.918729068
26,29,28,31,4,27,78,84,41,41,36,7,6,5,6,10,-133.4968972,66.85416667,-1.6104299,0.512943501,0.529,0.704,2,7,69.4,-143.0222222,0.702673239,-0.591849971,0.589455798,-0.125661347
51,36,45,19,6,26,95,94,41,55,35,9,9,8,10,11,7.583333333,35.83333333,0.456296153,0.927997211,0.765,0.746,7,10,157.5,33.4,0.348944967,1.141988918,-0.366106357,1.466128358
43,33,37,30,2,23,90,80,43,49,36,9,7,6,7,10,146.6875,192.2902778,1.18982816,1.470328732,0.943,0.905,9,10,1.1,40,-1.898207975,0.615862469,-0.788104602,-0.853215019
43,28,32,35,9,22,81,79,30,44,38,9,9,7,9,7,186.0960145,69.96764184,1.636070274,0.911661927,0.55,0.589,6,4,-213.6,-157.4,-0.406108019,-0.316694887,-0.271880005,0.34567385
42,29,33,33,1,21,90,90,38,62,31,8,6,6,7,9,50.54166667,96.10549645,0.969415473,0.722146848,0.86,1.187,8,10,210.7,170.4,-1.296491306,-1.57156078,-0.073368845,0.806549272
36,29,30,33,1,20,71,112,42,45,33,7,5,5,3,9,18.77083333,145.3125,-0.328874222,1.521273692,0.259,-0.015,6,8,72.2,81,1.111792545,0,0.791638608,-0.175782958
39,27,38,31,2,25,78,42,48,63,37,7,7,7,6,9,48.36775362,18.75,-0.036144222,-0.116638224,0.167,-0.302,8,10,215.6,32.2,0.242905003,1.415552156,1.168014188,1.816336691
31,15,19,38,4,17,72,94,45,58,38,8,5,7,6,10,65.99352451,-18.31974638,1.001825945,0.099595757,0.255,0.332,7,7,119.5555556,43.4,0.472789121,0.578829085,1.097574953,-0.791638608
32,28,29,31,8,18,80,76,40,42,25,7,7,6,6,7,74.33333333,33.375,-0.762254756,1.438417807,0.293,0.417,8,9,-2.1,16.9,0.899083915,1.809682479,1.163266161,2.629652208
34,22,26,38,2,17,75,74,28,59,33,4,6,3,6,7,6.416666667,19.64583333,-0.553908211,-0.601789407,0.524,0.587,0,6,182.3,69.2,-0.459768235,0.624014441,-1.168014188,0.422313812
44,20,21,35,1,23,59,90,40,59,25,5,4,5,4,7,19.66666667,14.95833333,-0.360850172,-0.312026571,0.382,0.448,7,7,25.3,70,-0.699858031,1.11E-16,0.488776411,1.622544477
49,37,43,31,14,28,107,90,38,63,39,11,10,11,12,9,16.97916667,103.1666667,0.45641926,1.354813547,0.176,0.154,8,10,166,-5,1.111792545,0,0.598450468,0.548828403
53,36,34,37,0,26,79,96,46,25,29,6,4,6,5,7,-93.70833333,44.57446809,-1.622102646,1.449511093,0.108,-0.105,1,7,-90,-12,0.229884118,0,1.198890263,1.207898352
29,31,27,39,2,19,68,85,39,34,25,7,4,3,6,9,42.79166667,-26.55851064,0.48381937,-0.318653812,-0.16,0.105,1,9,-29.3,-26.5,0.593818067,-0.624014441,1.222464909,2.193607124
39,35,39,34,3,27,88,70,44,46,41,8,6,4,6,9,89.87898936,-14.5625,0.523942692,0.137394451,0.774,0.365,6,9,121.4,192.9,0.697889935,-1.096803562,1.36263748,0.204135331
37,32,34,28,2,20,72,100,36,45,23,8,5,4,5,10,96.5625,44.45833333,1.178670023,0.621453491,1.039,0.894,2,5,27.2,-266.3,-0.424788558,-1.111792545,0.229884118,-0.125661347
47,36,44,31,8,27,102,95,38,59,38,11,8,10,9,10,14.97916667,27.33333333,1.069412566,1.36804139,0.537,0.273,8,9,151.2,125.5,2.633384664,-0.945578242,-2.341077413,-0.282216147
30,33,40,31,0,21,70,82,38,31,25,7,4,4,3,10,101.5625,-112.1289894,0.416726871,-0.415705378,0.619,0.728,3,8,240.4,22.06666667,0,-1.920505747,0.228009782,1.044457244
47,30,40,24,6,23,85,86,39,36,31,8,8,7,7,8,14.54166667,110.3125,0.314227248,1.903492872,0.175,0.461,3,7,85.14444444,-33.9,-2.163410751,-0.593818067,-0.282216147,1.305301163
21,19,22,32,0,22,60,71,41,53,29,3,4,3,2,8,151.5,40.49468085,2.984533793,0.28672052,0.282,0.251,6,9,268.3,28.5,-1.217832509,-0.942763035,2.392712222,0.819339915
52,34,32,34,0,25,84,99,43,30,27,6,4,5,5,8,-30.2826087,-34.63829787,-0.678061479,-0.329252965,0.268,0.122,2,5,90.8,-59.4,-0.348944967,-0.318748594,1.169362706,1.251904397
45,34,42,22,4,25,93,96,42,64,34,9,9,10,9,10,207.25,114.2083333,2.061728494,0.865161286,0.551,0.249,8,10,142.8,57,0.348944967,-0.407151209,-0.708504377,0.791638608
51,37,46,16,0,28,118,125,47,68,44,9,8,9,10,10,30.20833333,26.20833333,0.318112194,0.725730487,0.623,0.071,8,9,139.4,-47.1,-0.823702185,0.977742712,0.711483096,-0.275069474
42,29,38,24,1,24,87,97,39,50,30,7,7,6,6,8,94.29166667,113.75,1.162443735,1.279994534,0.838,0.696,8,9,-186.4,0.5,-0.866919445,-0.578829085,1.193744074,-0.204135331
54,33,32,38,0,27,82,94,44,38,30,5,4,6,6,8,15.1875,-64.02083333,0.089408092,-0.702143487,0.334,0.239,-2,10,32.6,-28.7,0.942763035,0.747858595,0.819339915,1.382994127
51,34,33,35,0,25,82,101,46,33,27,3,3,4,4,6,-27.7322695,-23.52083333,-0.466070975,0.211890396,0.444,-0.208,-1,8,168.3,-5.2,0.697889935,-0.550138948,0.5821011,1.435908133
44,27,29,32,2,22,79,80,39,45,25,5,5,4,5,6,-39.47916667,15.5625,-0.339060365,-0.566698978,0.186,0.035,8,9,102.1,79.5,0.16902951,-0.702673239,0.956705897,1.078232209
19,17,18,42,1,11,59,48,19,20,8,4,2,5,3,2,-1.125,85.84683794,0.367747351,2.10357692,0.442,0.567,-2,-5,219,243.2,0.242905003,-0.624014441,0.361943639,0
48,35,38,34,3,27,85,69,44,46,41,10,7,7,6,9,106.2916667,137.1914894,1.868758067,1.141313161,0.645,0.806,10,9,135.8,125.2,-0.229884118,-0.517974477,1.382994127,0.977552822
34,29,39,31,3,20,81,113,40,39,32,7,5,5,3,10,45.43568841,59.79166667,0.773378009,0.658710139,0.769,0.364,10,10,33.8,-7.3,-0.866919445,0.121028946,1.956041316,0.676718165
51,36,45,28,12,27,119,121,46,74,42,9,10,8,11,12,35.47916667,87.35416667,1.430710799,0.348670269,1.234,1.034,10,10,22.9,20.8,0,-1.69062163,0.942763035,-0.593818067
51,35,45,19,8,26,115,138,47,67,37,9,10,7,10,12,-20.74512411,42.86524823,-0.732780086,-0.13211086,0.269,0.523,9,9,-86.6,28.26666667,0.977742712,0.624014441,0.800151097,1.816282976
51,32,36,29,1,27,85,89,42,60,34,7,8,5,6,9,107.0625,71.39583333,0.776870794,-0.010724194,-0.23,0.753,7,10,145.7,59.3,-1.920505747,-1.57156078,1.49571719,0.201700629
42,37,44,35,1,26,71,48,38,37,33,8,10,6,9,10,40.54166667,12.23891844,0.714074463,1.137591367,0.122,0.32,7,9,59.7,-30.4,-0.699858031,-1.460737512,-0.512100265,0.087468655
47,39,44,32,7,27,86,52,39,40,32,10,7,8,9,9,26.12318841,100.7176418,0.50968249,1.947708345,-0.476,-0.155,8,8,94.4,26.1,0,-1.49571719,-0.800151097,0.282216147
47,31,35,34,1,25,81,106,41,44,35,6,6,5,6,7,76.5,24.39184397,1.53247787,0.668426958,0.246,0.066,9,10,108.7,-43.9,-0.747858595,1.57156078,0,-0.125661347
54,36,44,24,6,27,116,118,46,64,37,9,8,7,11,10,66.52083333,47.47916667,0.689333886,0,0.037,0.845,8,10,17.5,94.5,-0.240089796,0,-0.723200063,0.593818067
23,15,20,37,3,21,66,65,39,33,20,5,6,2,2,9,53.89130435,23.22916667,0.679851153,-0.009867864,-0.164,0.602,2,7,257,76.33333333,0.275069474,0.624014441,2.081995229,1.421753856
25,20,21,32,1,21,69,75,36,31,26,7,7,7,8,7,7.541666667,63.63386525,-0.089646986,0.170637116,0.673,0.511,10,8,76.3,-68.5,-0.517974477,0.517974477,0.955562155,1.465233793
41,30,36,32,8,27,78,82,46,52,30,7,6,5,6,10,16.22916667,28,0.183871386,0.546601565,0.783,-0.466,5,7,210.2,157,0.383924645,-0.866919445,1.956041316,0.955562155
43,33,45,31,7,26,85,102,41,54,39,10,6,7,8,9,161.9472222,42.05437352,2.049699842,0.753053135,1.136,0.912,6,10,147.3,6.9,-0.394130324,0.899083915,1.163266161,-0.100679387
47,38,48,27,4,22,96,113,41,47,37,9,7,5,8,10,84.02667984,86.87632979,1.512324826,0.871057913,0.57,0.263,4,9,-105.9,-52.1,1.566777476,0.242905003,0.103455945,1.040596107
35,29,32,34,4,20,86,92,37,39,28,8,4,3,2,8,25.29166667,86.59663121,0.030217959,0.238127163,-0.146,0.495,3,9,-2.4,228.6,0.866919445,-0.823702185,1.644853627,1.222464909
24,39,36,32,11,26,95,86,49,52,43,10,9,9,8,11,-94.41502683,140.3473636,-0.576999939,1.728483933,-0.067,0.176,8,10,136,-32,0.945578242,-2.863268782,0,0.737537449
22,13,14,40,2,13,31,62,35,62,12,3,2,2,2,9,-47.98758865,78.47916667,-0.935698712,2.417160844,0.7,0.742,7,7,112,33.7,-0.836723071,-0.517974477,1.60019093,1.74744994
36,30,36,29,7,24,86,70,36,47,26,8,8,6,7,8,-5.458333333,106.5208333,0.920176263,2.345986116,0.043,-0.246,6,6,136.8,86.06666667,-0.348944967,-0.702673239,0.251322694,0.800151097
36,30,35,30,5,20,80,105,37,57,22,6,9,5,5,11,8.474637681,35.16666667,-0.301777539,0.768320177,0.349,0.386,9,10,167.6,-31.8,1.920505747,-1.920505747,0.755005268,0.087468655
31,29,38,30,2,22,82,94,43,49,36,7,7,6,7,10,109.0208333,48.625,0.945017597,0.531315676,0.463,0.471,8,10,109.2,7,0.866919445,0.550138948,0.917299955,0.432145113
46,34,31,34,0,26,83,104,43,41,28,5,3,6,5,7,29.18439716,-38.04162812,-0.343045703,-0.598914585,-0.16,-0.407,-3,6,-78.6,-168.4,2.284439697,1.566777476,1.307231956,0.282972031
46,31,39,27,2,24,86,107,39,66,32,10,8,5,5,11,-10.41666667,-11.08333333,-1.096484852,0.124832566,1.109,0.681,6,9,-33.9,122.5,-0.350913064,1.220647716,-0.104222771,-0.282216147
28,25,24,43,6,19,82,81,36,53,39,6,8,5,7,10,82.44769504,105.7575355,0.956147725,1.007386382,0.561,1.067,-5,-10,108.325,84.8,-0.866919445,-0.942763035,0.607061815,0.292931816
26,31,37,33,0,23,70,84,40,51,34,6,5,5,5,8,72.4375,79.56515957,0.998561155,1.076770953,0.648,0.869,10,10,60.9,-16.9,-1.569592683,1.096803562,-0.242905003,0.517974477
43,32,32,31,1,23,71,83,41,31,21,6,6,4,6,10,129.1919326,-61.27659574,1.521622196,-0.9491282,0.554,0.707,4,7,-186.5,-53.4,-0.242905003,0.348944967,1.534120544,1.784291984
35,23,28,26,0,18,79,100,31,45,13,6,6,6,6,6,182,71.52304965,2.656952716,-0.02032696,1.017,0.713,5,10,44.5,136.2,0.578829085,1.215864412,0.734828907,-0.069011823
50,34,42,23,14,25,109,106,44,49,42,8,7,6,9,8,118.6288416,39.23913043,2.085757688,0.441279108,0.62,0.469,10,10,170.4,118.8,0.459768235,1.096803562,-0.289169284,-0.104222771
26,37,38,38,0,22,65,84,44,62,31,8,7,7,7,9,102.7083333,30.48492908,1.66513534,1.317966445,1.567,1.293,9,10,360.7,109.3,-0.593818067,-1.40253127,0.385320466,0.190572974
27,28,29,37,4,25,89,95,39,46,24,5,3,2,4,8,33.04166667,56.20833333,0.257611713,0.946973583,0.006,0.044,6,9,-65.3,-16,1.415552156,0,-0.052332029,0.747858595
50,34,41,26,1,24,96,89,40,60,37,7,6,6,7,9,30.29370953,120.2844203,-0.582448628,-0.141546395,0.586,0.4,7,10,120,108.6,-1.185668038,-1.569592683,0.845360223,1.460737512
44,31,37,29,2,23,83,94,39,44,33,5,4,5,5,6,7.958333333,71.375,-0.099417492,0.652912288,0.508,0.267,6,10,285.4,-121.8,-1.844662157,0.030196374,-0.242905003,1.222464909
41,32,40,29,7,24,86,96,39,52,35,8,5,8,9,9,115.7344858,56.97340426,0.899309776,0.19207195,0.564,0.788,4,8,-151.6,122.5,1.339708566,1.066607188,-0.24044501,0.355545464
26,28,23,31,1,18,52,76,29,57,18,4,6,2,8,8,131.9361702,73.33687943,0.779643594,0.568629932,0.904,0.907,-6,7,50.5,30.1,-0.517974477,1.720818003,2.384857426,2.057483877
45,34,36,22,4,26,91,94,42,64,30,9,9,10,10,10,294.3266844,-40.04166667,1.357666542,-1.700778599,-0.102,0.316,10,10,128.2,-67.2,0.4829948,0.459768235,-0.915445209,1.647657922
46,29,31,35,2,22,65,67,35,44,34,5,6,5,5,10,19.06382979,88.78815911,-0.261884274,1.371617753,0.233,0.764,1,8,72.18888889,-89.4,0.229884118,-0.383924645,0,0.67448975
56,36,43,21,14,28,108,131,46,60,38,11,11,12,11,12,69.66666667,56.54166667,1.34764712,1.333098246,0.715,1.177,10,10,87.5,-19.2,-0.348944967,-1.447716626,0,-1.071123171
43,36,44,31,3,27,99,106,39,31,37,9,8,6,7,8,72.95833333,-13.75,0.827659991,0.372728877,0.178,0.416,9,10,46.9,17,0.110823268,-0.942763035,1.465233793,0.755005268
24,24,23,34,1,18,63,69,43,55,33,8,7,3,7,10,31.5,10.86968085,-0.304836765,-0.032590043,0.349,0.349,8,10,302.6,-6,1.492901982,-2.668364342,0.100679387,-0.210428394
43,37,41,33,3,25,84,48,41,34,35,10,6,7,7,10,3.34280303,80.82978723,0.677268799,0.379925223,-0.361,0.294,9,9,105,82.4,0.229884118,0.106039964,-0.251322694,0.407877494
42,30,38,34,8,24,78,78,40,41,31,6,6,6,6,7,-37.03481625,-14.68025362,0.477027218,0.519907017,0.195,0.296,3,6,184,-223,-0.747858595,-0.942763035,0,0.67448975
51,34,41,25,5,25,96,117,43,47,39,9,8,8,9,10,-1.234601449,66.47722868,-0.20557846,-0.193468657,0.092,0.064,5,10,77.8,-153.7,-1.601757153,-1.066607188,-0.67448975,0.993129114
56,33,33,32,0,24,80,102,44,39,23,4,4,5,5,6,-19.37322695,-85.80851064,0.152057541,-0.772595393,-0.063,-0.141,-3,8,89.4,-62.5,1.217832509,1.141988918,-0.718660529,0.24044501
42,21,20,35,1,21,60,83,40,58,23,5,4,5,4,7,50.75,10.46276596,1.946281412,-0.541555693,1.029,0.47,9,8,166.1,154,-0.229884118,0.013020886,0.67448975,0.117148858
35,32,32,36,1,23,68,71,32,35,29,7,5,5,6,9,64.41749409,48.05673759,0.651915795,1.295992276,0.536,0.443,6,6,113.4,-307.2,-1.88552607,-1.185668038,0.229884118,0.746766482
51,35,31,39,0,26,82,94,46,30,28,4,4,5,5,7,-56.0625,37.625,-0.427967989,0.118166446,-0.214,0.139,3,8,99.8,-26.8,0.990763598,0.899083915,0.831800435,0.282972031
27,21,21,34,0,18,64,83,40,55,19,8,7,6,6,8,-3.854166667,3.116578014,-0.656243773,-0.523428187,0.992,0.789,0,9,-83.37777778,-98,1.291708002,-0.350913064,0.085033952,0.615204584
44,37,38,32,3,27,87,75,45,49,42,9,6,4,5,9,114.125,36.04710145,1.549807668,0.593424155,0.639,0.334,10,9,273.9,126.4,-0.348944967,-1.371873036,1.207898352,0.289169284
42,38,47,24,12,28,111,117,45,64,37,11,10,9,10,11,63.47916667,129.8125,0.896094655,2.282151073,0.239,0.422,9,8,103.9,70.2,-0.350913064,-0.866919445,-1.900226901,-1.51919228
46,21,21,35,1,23,66,92,43,54,27,5,4,5,4,8,-97.20833333,-102.0625,-1.377179783,-0.359507428,-0.085,0.558,8,10,28.3,-97,-0.747858595,0.899083915,0.210428394,-0.887146559
30,30,29,40,5,22,75,81,43,47,36,9,7,8,9,11,63.44305556,86.45035461,1.635255123,1.653886497,0.791,0.315,8,10,-19.3,-51.2,0.275069474,0.275069474,0.212656809,1.465233793
44,36,36,26,4,27,89,116,43,51,40,9,7,8,9,8,19.87234043,29.09884752,0.136143942,0.165069223,0.254,0.759,7,10,203.7,82.1,1.066607188,0,0.355545464,0.702673239
30,31,30,31,6,22,81,103,42,57,38,8,9,9,8,10,46.02083333,208.7291667,0.784771966,2.725045394,0.285,0.478,10,10,100.1,98.4,-0.121028946,-0.593818067,0.355545464,0.873519942
54,32,34,36,0,24,80,96,46,33,28,5,3,4,3,7,42.83599291,-46.4375,-1.032523225,-0.055800619,-0.066,0.56,1,10,52.5,107.6,-0.275069474,0.667693561,1.169362706,0.080275007
53,35,33,35,0,25,79,103,45,27,28,4,4,6,5,8,-13.75271739,-21.41666667,-0.049430443,-0.317704832,-0.219,-1.121,0,9,40.3,61.7,-0.747858595,0.106039964,1.718880165,1.561636309
38,32,39,28,1,24,84,86,40,57,36,7,5,4,7,9,91.6875,-16.32092199,0.862416319,1.180189633,0.799,0.638,6,9,-79.7,142.4,0.275069474,0.593818067,1.104442407,0.971142215
32,25,30,35,2,13,66,56,36,35,22,4,2,2,2,5,-80.33333333,36.40425532,-1.299924223,0.313964032,0.522,0.482,-1,9,-19.9,-231.2,1.460737512,0.472789121,2.436492235,1.561636309
44,31,35,29,1,23,81,85,40,45,33,7,6,6,6,7,40.20833333,125.0367908,1.557994272,0.62190917,0.263,0.127,8,9,168.8,101.9,-1.172647152,-0.459768235,0.35957168,-0.242905003
30,25,29,34,2,20,78,78,31,46,35,5,6,4,5,8,-68.22296099,-13.64095745,-1.299404611,-0.5538721,0.3,-0.124,9,10,-65.3,128,-0.36393395,0,0.800151097,0.488776411
28,30,38,30,2,23,69,56,33,36,29,8,8,6,7,7,-46.59782609,65.56471631,-0.023159803,2.045751569,0.722,0.998,4,7,-134.2,-142.1222222,-1.965691103,-0.472789121,0.432145113,0.307239651
46,34,37,33,2,23,85,99,40,44,33,6,7,6,6,7,106.2291667,71.77748227,0.805469589,0.571046993,0.294,0.433,7,8,-12.4,5.6,-0.747858595,0.350913064,0,0.355545464
43,33,38,28,3,21,84,122,42,51,36,8,8,1,2,12,44.91666667,6.854166667,-0.305169736,-0.861516321,0.11,0.645,6,9,62.5,-196.3,0.942763035,-0.275069474,1.874737745,0.702673239
41,35,41,32,10,24,97,101,42,64,41,11,9,7,8,11,34.29166667,102.2916667,0.95900974,0.653840005,0.111,0.443,9,10,103.6,-6.4,-0.593818067,0.275069474,2.392712222,1.32668768
43,31,38,30,1,23,84,101,39,44,35,7,6,6,7,8,79.14583333,93.10682624,0.976627059,0.535168739,0.517,0.433,6,10,-11.7,6.8,0.242905003,0.702673239,0.564432294,0.282216147
48,33,39,28,8,22,102,126,38,49,37,12,9,8,12,12,65.41666667,25.02083333,0.821150278,-1.041002823,0.436,0.287,8,6,267.8,-42.3,0.868887541,0.106039964,-0.677432061,-0.292931816
49,34,42,33,10,26,107,102,37,66,36,10,8,7,9,9,58.90647163,45.46808511,1.672012679,-0.528638697,0.196,0.159,8,10,177.7,12.7,-0.242905003,-0.106039964,1.157744965,1.644853627
35,39,44,35,3,25,92,77,40,48,12,10,7,7,8,10,120.5009058,165.0164007,0.664704189,1.596866762,-0.184,0.634,6,10,179.7,-27.5,0.747858595,0.836723071,0.624014441,-0.711483096
34,32,39,30,2,25,87,98,44,67,32,6,7,6,6,8,47.20124113,-4.916666667,-0.075777167,1.193124916,0.114,0.755,5,9,-367.875,-214.6,-0.275069474,0.836723071,-0.366106357,0.747858595
43,35,39,33,3,26,84,69,42,44,39,8,9,6,6,8,76.46365248,33.95975948,0.651848119,0.334814074,0.645,0.71,7,10,-123.1,0.1,1.963723007,0.702673239,0.800151097,0.282216147
44,34,36,30,2,25,91,69,36,67,23,5,3,4,5,7,94.03546099,100.3125,1.456568507,1.579499031,0.782,0.78,8,8,-87.4,-121.1,-1.460737512,0.977742712,0.730697205,0.394405007
53,32,32,37,0,25,80,98,43,30,29,6,4,6,5,9,-62.72916667,-25.37101064,-0.734616476,-0.042547994,-0.168,0.561,2,6,-0.4,-98.7,1.566777476,-0.275069474,0.761485212,0.478645155
52,36,46,23,10,30,117,83,45,64,29,10,10,8,9,11,52.64583333,82.6875,0.77770837,0.22738902,0.832,1.346,7,9,150.9,45.7,-0.836723071,-0.106039964,-0.318639364,0.509422461
37,34,43,25,5,23,89,120,44,46,39,6,5,8,5,8,23.77659574,79.29166667,-0.482622431,0.658176935,0.21,-0.54,6,10,188.3,24.7,1.096803562,-0.459768235,2.270140686,0.89050687
33,32,40,27,5,25,99,71,33,63,35,9,6,7,8,11,-58.64760638,111.3718779,0.001441623,0.709348496,0.558,1.02,8,8,15.9,51.2,-0.793043951,0.504953591,0.20218281,0.292931816
48,34,41,28,14,25,93,80,39,63,33,9,9,8,10,10,18.16666667,29.79166667,1.008898717,0.693643465,0.345,0.468,8,10,16.5,-69.6,-0.242905003,1.066607188,0,-0.615204584
40,38,43,23,12,23,102,113,48,73,42,9,10,10,12,11,-39.72916667,33.93528369,-0.070837864,0.393639028,0.128,0.539,8,10,94.2,200.3,1.220647716,1.920505747,-0.229884118,0.362538128
48,33,35,27,1,21,99,105,40,59,30,8,5,6,7,12,-101.9893617,-10.70833333,-0.182950167,0,0.093,-0.044,6,10,-23.3,-71.7,-0.348944967,0.229884118,1.934843132,0.591355519
33,28,32,31,7,22,77,72,30,59,36,5,6,4,8,8,4.333333333,44.08333333,0.773897175,1.465529346,0.423,0.237,9,8,3.1,25.3,-0.626829648,-0.517974477,-0.422313812,0.292931816
40,32,33,30,3,23,85,95,41,59,32,10,7,10,10,10,46.59131206,140.6295097,0.904039672,1.013694521,0.159,0.616,8,9,288.6,73.8,0,0.108855171,0.564432294,-0.087468655
26,32,40,35,1,21,82,105,41,50,30,5,4,6,2,7,97.25664894,65.5837766,2.702396805,1.617530021,0.346,0.203,10,10,162.8,120.8,0.242905003,-0.853898559,0.439526832,1.272467025
49,35,39,32,9,27,85,43,45,69,40,8,8,8,10,10,-11.72916667,51.08333333,-0.113271117,-0.355839854,-0.435,-0.446,8,10,111.5,-38.3,-0.229884118,-1.91853765,1.749100484,1.641911316
35,29,35,31,1,22,72,70,36,43,28,7,5,4,6,6,127.9375,163.6361111,0.786435936,1.86157859,0.846,1.243,7,10,-78.38888889,-113.5,1.220647716,-0.732869612,0.459768235,0.125661347
43,35,43,22,2,25,112,115,40,59,36,6,5,5,8,10,-29.6875,46.87765957,-1.401348952,-0.240937185,0.247,0.384,9,10,-52.88888889,-19.7,0.121028946,0.030196374,1.360777775,-0.355850386
40,29,36,33,5,21,85,74,36,46,28,7,5,5,3,7,100.6041667,18.375,0.815909276,1.14749203,1.293,1.027,8,9,42.4,-29.3,-1.217832509,-0.184698761,-1.061331423,-0.080275007
54,40,49,20,10,28,116,114,46,73,40,11,12,9,11,12,53.4339539,106.375,0.65748644,1.263417121,-0.58,0.023,8,10,-16.5,-4.3,-1.384893922,-0.578829085,-0.406318141,-0.556785429
46,22,20,34,2,23,62,82,41,53,23,4,4,5,3,7,24.32608696,-26.1875,0.714619078,0.463634971,0.769,0.822,9,9,16.3,55.9,0.229884118,-0.229884118,-1.49197996,-0.790744042
31,31,30,31,1,23,72,74,41,62,23,7,6,5,4,9,79.85416667,64.02913969,0.670642667,1.421926189,0.43,0.792,8,10,179.4,63.3,1.096803562,0.275069474,1.059810217,1.583277215
33,30,40,34,3,22,80,85,37,52,34,9,3,4,4,10,-11.28413121,43.89583333,-0.359442285,-0.85268253,0.006,0.701,9,9,142.7888889,79.2,-0.821734088,-0.702673239,-0.385320466,-0.866919445
47,35,41,33,3,24,103,90,43,65,40,9,10,8,8,11,72.27083333,51.10416667,1.241793373,1.130898732,0.643,0.377,8,9,-20.5,-123.2,0.28809036,1.265833072,0.127985025,0.601315209
44,35,42,30,8,28,114,122,44,76,35,11,11,10,10,11,36.46143617,-34.8125,0.974891101,-0.166293143,0.376,0.467,9,8,74.3,67.3,0.242905003,-0.977742712,-1.691431229,0.510981813
60,40,50,19,1,30,134,139,48,69,48,8,9,6,8,11,71.625,52.47916667,1.646838427,0.72167509,0.659,0.857,9,9,-25.1,51.5,-0.348944967,-0.593818067,2.267708568,3.335475257
60,35,48,24,2,28,106,133,43,50,40,9,8,8,9,11,18.95833333,63.2839963,-0.139040712,0.299937951,0.652,0.484,9,10,-85.6,-21.6,-0.242905003,-1.569592683,0.275069474,0.665977261
51,35,46,20,8,25,96,106,44,64,36,9,10,8,8,10,35.5,-8.516400709,0.322376418,0.012083733,0.411,0.774,9,8,64.2,-35.2,-0.667693561,-0.836723071,1.28606093,0.523417041
41,33,40,31,7,24,90,90,43,49,31,10,9,9,10,10,40.94237589,95.72916667,0.772522779,1.421638727,0.455,0.45,9,9,286.8,-77.3,-1.920505747,0.36393395,1.117030677,0.873519942
52,37,47,23,12,27,117,109,46,53,40,8,8,8,9,6,73.57688588,96.51551418,0.278897221,0.682581234,0.132,0.786,8,7,15.1,-30,0.11906085,-0.823702185,1.382994127,0.67448975
54,35,34,36,0,26,88,98,45,23,24,5,3,5,4,7,-66.8501773,49.9339539,-0.858806016,-0.159581442,-0.076,-0.057,4,8,73.7,-141.8,-0.275069474,-0.472789121,0.746766482,0.212656809
51,33,31,38,0,25,84,96,44,20,28,4,4,5,5,8,-60.1884058,-6.871350816,-1.031915825,0.783321518,-0.668,-0.299,0,9,-53.23333333,-57.81111111,-0.123844154,1.463552719,-1.10077798,-0.854882768
36,33,32,29,0,25,75,83,46,49,23,8,5,3,7,11,110.5416667,72.9375,0.695702821,1.436086197,0.113,0.058,10,9,-15.2,21.5,-1.463552719,0.229884118,0,-0.564432294
46,33,36,30,1,23,83,92,41,46,32,5,5,4,5,6,90.08333333,30.61746454,1.092669309,0.817856786,0.487,0.481,6,8,-31,-18.2,0.866919445,0.977742712,1.641911316,2.003854956
57,38,47,18,3,29,124,132,47,75,42,10,8,8,11,12,80.3125,-67.125,1.281279163,0.596916937,0.599,-0.251,9,10,81.6,-86.8,-0.593818067,0.03216447,-0.747858595,0.566698978
47,32,40,27,0,25,81,92,42,49,35,6,5,5,4,6,60.29166667,67.52083333,-0.380207311,0.694939875,0.662,-0.24,8,9,192.1,150.6,-0.747858595,0.154040527,-1.556877364,0.125661347
54,34,45,26,2,25,108,96,41,31,39,8,9,9,11,11,20.91666667,93.02083333,-0.425283624,1.13168632,0.366,0.063,10,6,24.6,27.3,-0.866919445,-1.566777476,-0.223349441,1.193744074
45,37,41,22,9,26,93,100,44,70,36,9,7,7,10,10,185.4937943,143.8125,1.121970977,1.343569772,0.082,0.738,10,8,111.6,50.6,-0.275069474,0.747858595,0,-0.297690761
46,31,38,30,1,24,82,90,41,47,33,7,6,6,6,7,65.58421986,55.39311594,0.608193028,0.271325675,0.712,0.372,7,9,-124.6,4,0.624014441,0.823702185,0.01921411,1.266317507
43,39,43,29,7,26,101,116,47,70,35,10,8,6,8,11,70.34090909,-12.7613321,-0.370618536,-0.41128017,0.83,0.926,7,8,115.8,-207.2,0.348944967,-0.348944967,1.172565733,0.625797252
18,18,18,36,0,23,51,49,39,53,25,8,3,5,2,11,85.91666667,13.65292553,0.319982834,-0.761225863,0.533,0.344,7,10,369.3,163.3,-1.217832509,-0.987948391,-0.630099806,-0.440312512
60,40,50,20,3,30,132,139,49,72,47,8,9,6,9,9,55.875,-5.645833333,0.048454605,0.462499154,0.784,0.48,8,10,11,58.7,0.2448731,0.593818067,3.238072445,3.238072445
37,37,34,36,1,24,84,111,44,54,41,6,3,3,6,10,-25.8195922,38.4375,-0.17747247,-0.831235263,0.33,0.509,8,8,37.4,51.9,0.381109438,0.504953591,1.193744074,2.123576342
60,40,50,19,1,30,133,139,48,68,46,9,7,8,9,9,4.861258865,49.00398936,-0.433777943,1.679392403,1.05,-0.49,9,9,154.6,23.5,0.318748594,-1.291708002,3.283840448,1.68625936
52,33,32,39,0,27,83,97,45,25,29,5,3,4,5,7,-33.48097826,8.020833333,-0.020701313,0.329308408,0.476,0.372,1,6,75.5,94,1.217832509,1.490933886,1.854568125,3.11008742
28,27,26,31,4,21,59,59,33,31,28,7,7,6,7,7,188.7486702,123.5416667,1.214718458,1.03958726,0.694,0.76,1,1,-145,-251.7,0.275069474,0.229884118,0.831800435,1.249637713
45,30,39,28,6,23,93,97,42,44,35,9,8,8,9,10,53.29166667,-10.95833333,1.762469056,0.639114491,0.301,0.349,7,10,66.81111111,-38.4,-0.868887541,-0.424788558,-0.488776411,-0.229884118
37,31,35,30,2,23,78,82,38,36,29,8,7,6,7,8,-11.33466312,195.7291667,0.418694804,2.080829578,0.424,1.104,3,9,61.3,-116.2,-0.593818067,0,1.036433389,1.844662157
38,29,32,34,3,24,77,95,40,54,32,7,6,7,6,10,88.35416667,121.6666667,0.263695519,1.245955904,0.609,0.621,9,10,-192.1,-10.2,-0.628797745,-0.4829948,0.103104319,1.823102936
43,32,41,30,2,24,89,81,37,56,29,10,6,5,6,8,-58.40425532,146.4015957,0.243762451,1.131602464,0.621,1.032,4,9,195.5,-58.8,1.844662157,-0.624014441,0.604930412,0.542631151
43,31,41,28,5,25,100,84,40,55,41,10,9,8,10,10,48.47916667,-147.1054965,1.21018659,-0.867306513,0.415,0.525,4,8,-18.6,-0.5,1.109824448,-2.084751953,1.466128358,0.315478436
54,35,32,35,0,26,79,97,43,20,31,4,4,5,5,8,-53.48188406,44.78102837,0.032561524,0.630202721,-0.184,0.351,2,7,6.3,-113.4,-0.318748594,0,-0.100679387,0.871671945
30,28,32,32,7,19,82,51,31,38,29,9,9,5,6,7,247.0625,124.7644928,1.517672414,0.786418589,0.037,-0.039,3,6,9.6,139.9,0.2448731,0.36393395,0.971142215,1.422348345
52,33,32,41,0,27,82,95,45,19,23,4,4,5,5,7,-46.10416667,7.582446809,-0.598134157,-0.872389588,-0.205,0.492,-3,2,13.9,-60.3,0,0.760879481,0.910772043,0.366106357
54,40,50,21,2,30,112,123,47,68,43,7,6,5,5,10,-89.64583333,65.5625,0.042089357,0.731983883,0.129,0.296,9,10,-57.2,58.9,0,-0.229884118,0.472789121,0.945578242
30,23,24,41,1,17,78,80,38,54,23,5,6,4,4,12,110.8257979,93.78351449,0.285264813,0.099434902,0.752,0.647,9,10,57.3,-27.8,-0.459768235,-0.990763598,1.465233793,0.068886752
44,38,46,25,5,27,97,125,41,57,37,5,2,4,11,8,82.125,42.90602837,1.191323772,0.611714803,0.846,0.104,8,8,54.22222222,-26.3,0.4829948,1.051618206,0.819339915,-0.841760219
30,29,27,32,1,20,69,81,42,40,29,7,4,4,8,7,6.979609929,10.25271739,-0.151182431,-0.472829603,0.406,0.297,3,9,153.4,158.1222222,-0.275069474,0.624014441,1.476602357,1.466128358
51,37,41,29,4,25,91,111,46,70,41,11,10,8,10,12,52.08510638,-2.466755319,1.385742231,-0.049465584,0.42,0.571,7,8,208.2,132.1,0.229884118,0,0.624014441,0.348944967
51,36,32,39,0,25,79,92,44,15,29,4,5,4,6,8,29.91666667,-11.72207447,-0.157674643,0.204744702,0.012,-0.081,0,6,-49.5,-24.8,0.697889935,2.403500547,1.263945548,1.69511791
47,21,21,33,2,22,64,89,40,58,23,4,4,5,3,6,-8.604166667,3.770833333,0.276851949,-0.518831609,0.624,0.913,6,6,106.3,-44.1,1.185668038,-0.229884118,-0.157310685,1.465233793
46,21,19,33,1,23,62,91,41,57,23,4,4,5,3,7,31.55407801,-44.58333333,-0.966901837,-1.1448251,0.19,1.01,8,9,53.6,41.1,-0.702673239,-0.517974477,0.366106357,-0.20218281
30,34,34,30,4,28,95,108,35,52,38,8,9,8,10,11,55.80141844,31.70841393,1.403569826,0.868623392,0.327,0.511,7,8,61.1,64.7,0.972959408,0.667693561,0.831800435,-0.052332029
39,34,43,28,2,26,99,105,44,59,40,8,6,9,9,12,67.14583333,6.020833333,1.706669782,0.622827476,0.048,0.449,9,10,162.6,65,-1.291708002,-0.836723071,0.097402812,0.045768003
50,37,42,29,2,28,93,105,44,72,38,11,9,8,8,12,-3.895833333,61.02836879,-0.087875663,0.581596175,0.079,0.12,7,10,242.3,-49.7,0.242905003,-0.593818067,0.800151097,1.172064506
52,33,33,39,0,25,81,97,45,21,29,4,2,3,3,6,-10.08333333,-50.04964539,-1.298596435,-0.175103105,0.444,0.637,-1,4,-12,-82.4,1.217832509,1.291708002,1.764004662,2.066007939
48,33,42,26,1,24,108,116,39,66,36,8,9,7,8,11,69.0518617,56.70833333,0.10137822,-0.671046687,0.523,0.119,6,9,316.3,125.4,-0.866919445,1.599789057,-0.667536613,0.67448975
53,34,35,37,0,25,82,96,45,23,29,5,4,5,5,8,-11.28812057,-6.833333333,0.330909841,0.062808771,0.005,0.203,-6,5,51.6,-126.7,0.866919445,0.667693561,-0.125661347,0.282216147
43,32,40,31,4,25,76,97,40,51,36,11,8,4,9,10,46.77083333,170.3217054,0.415264201,0.736914123,0.672,0.017,9,10,224.2,138.4,-1.69062163,-0.793043951,0.595748861,1.750529503
26,27,21,36,2,23,62,62,43,51,28,6,4,3,5,7,142.251773,173.712766,1.20112583,1.289970916,0.7,0.94,8,9,36.6,57.4,0.459768235,0.275069474,1.989634305,1.691431229
33,30,33,40,1,25,76,61,37,46,31,9,10,8,10,9,53.52083333,76.97373188,-0.131137328,1.348182949,0.296,-0.019,2,8,123.4,318.8333333,-1.371873036,-0.348944967,1.169362706,-0.392273603
52,32,35,38,0,25,78,95,43,18,25,4,4,5,5,7,-79.60328014,-12.32246377,-0.572426254,0.225349776,-0.374,0.449,1,6,90.7,20.5,1.217832509,0,1.012807906,0.589455798
53,35,47,26,1,25,111,103,45,58,43,10,9,8,11,11,138,-6.145833333,1.649967128,0.263202821,0.501,0.317,7,8,85.5,-27,-1.371873036,1.252812186,1.124732251,0.887146559
37,35,43,26,5,27,92,108,42,64,42,8,7,10,9,10,-133.7252955,96.14583333,-1.308208485,2.82910622,1.009,-0.044,8,9,78,-191.8,-0.593818067,-1.066607188,0.598450468,0.155436349
23,28,39,33,1,23,98,82,41,54,31,7,6,4,8,9,-12.15824468,-8.509963768,-0.288959768,0.076070742,0.576,0.66,8,9,8.4,111,-2.514323815,0.229884118,1.016131879,1.096803562
45,35,39,29,2,24,85,86,34,56,30,9,3,5,6,7,89.48980496,100.3541667,0.791164625,1.83547029,0.375,0.738,8,10,73.1,78.2,0.628797745,0.624014441,-0.103104319,-0.212656809
51,34,35,36,0,24,83,99,44,18,26,5,3,3,5,7,1.6875,24.51547389,0.214070515,0.694962092,0.312,0.228,-5,3,16.6,123.3,-0.866919445,-0.045185356,1.263945548,1.163266161
41,38,40,27,0,27,80,111,44,59,38,8,8,7,8,10,118.4166667,129.0208333,2.441062786,0.458886798,-0.173,0.624,8,10,-59.3,-120.6,-0.747858595,0.942763035,0.746766482,1.422348345
45,35,44,31,5,28,78,65,44,45,29,9,7,7,9,11,89.91666667,15.8125,0.78736092,0.634362501,0.864,0.756,9,8,19.2,31.8,-1.703642515,-0.11906085,0.229884118,0.204135331
35,30,34,37,4,21,79,78,43,51,28,8,7,9,8,11,117.1276596,94.84782609,0.7820734,0.331369359,-0.062,-0.155,6,10,-68.2,-68.4,1.053586303,0.853898559,0.94083328,0.790744042
24,37,44,25,4,27,110,119,43,67,39,11,8,6,10,11,43.58333333,127.2708333,-0.307157809,-0.579326942,0.097,0.89,8,10,119.6,85.2,1.32668768,-0.459768235,0.472789121,0
39,34,40,31,7,25,102,93,40,41,37,7,6,7,5,8,1.166666667,-44,1.623190408,0.041783949,-0.019,0.507,7,9,58.4,-27.7,1.185668038,-0.628797745,0.814587415,2.003854956
58,37,49,17,2,30,113,127,42,45,39,7,8,6,6,9,9.187056738,-23.7641844,0.136998382,-1.167782596,0.8,0.888,8,9,92.1,64.1,0,0.275069474,0,-0.059098274
32,33,31,36,9,19,76,88,43,63,39,10,6,7,9,9,136.375,148.3713768,1.551397083,1.607758558,0.407,0.501,5,10,146.6,-1.6,0.624014441,0.353728271,0.14928683,0.715117145
38,33,37,21,2,27,98,104,35,51,33,8,10,8,9,11,59.44680851,71.63430851,0.987062233,-0.371015002,0.366,-0.012,6,6,132.4888889,-80.875,1.968506311,-1.220647716,0.918729068,-0.625797252
42,25,25,30,5,13,82,62,38,42,30,6,6,1,6,7,39.47916667,102.8125,0.185713339,1.444619872,0.014,0.164,0,4,-40.7,76,0.972959408,0,0.614437758,1.934843132
23,20,22,29,2,21,55,63,32,46,26,4,4,3,1,6,-26.10416667,-16.04255319,0,-0.00996244,0.191,0.719,-3,8,-188.8333333,208.6666667,0,-0.348944967,0.871671945,0.866919445
34,30,28,34,4,19,76,68,33,45,26,7,8,7,5,8,43.4375,-0.125,0.846874632,-0.725073714,0.4,0.365,5,10,6.4,59.3,1.920505747,0,0.65006186,1.249637713
43,36,41,24,1,27,97,93,40,61,38,9,6,7,4,11,110.6521739,28.56984274,1.282522582,-0.294424061,0.087,0.491,9,10,18.5,23.9,-0.977742712,-0.275069474,0.459768235,1.096803562
43,40,44,33,8,29,103,121,50,72,42,10,10,9,12,12,-4.050088652,4.718297101,-0.727776816,-0.843351838,0.516,0.398,8,9,169.7,-32.7,0.626829648,-0.353728271,1.534120544,1.411547072
35,27,29,31,1,22,80,101,43,47,32,5,5,5,6,9,24.89583333,122.1096014,-0.482425252,0.959459955,0.233,0.493,8,10,188.7,7.9,1.096803562,-0.593818067,0,0.201700629
30,32,35,34,8,21,95,83,42,64,39,8,7,7,7,9,92,196.7291667,0.335387695,1.764270832,0.992,1.088,6,10,-20.5,-55.2,-0.348944967,-1.096803562,0.715117145,0.67448975
38,38,41,38,12,27,76,79,38,58,41,10,10,9,11,11,72.625,131.125,-0.07085141,1.218083876,0.219,0.444,8,9,136.2,70.71111111,0.154040527,-0.472789121,0.125661347,0.242905003
38,30,32,28,4,25,66,62,41,55,33,8,6,5,8,9,14.46675532,-67.99335106,-0.111714789,-0.652812476,1.046,0.965,10,9,103,144.9,-0.348944967,0,1.048801025,0.879122705
39,38,44,29,8,26,100,118,46,70,38,11,10,9,9,12,29.08333333,114.4583333,-0.385681208,1.324272992,0.727,0.77,7,10,83.3,37.4,0.348944967,-0.229884118,0,0.548828403
38,32,35,34,9,27,93,97,44,64,36,8,9,11,10,9,61.6875,136.8510638,-0.298700751,0.963668509,0.275,0.69,10,10,252.1888889,17.9,-0.07584359,0.866919445,0,0.841760219
51,37,40,33,10,27,102,91,33,33,37,7,9,4,10,9,-15.37771739,74.45833333,-0.325158825,-0.467093985,0.331,1.05,7,10,106.9,295,1.111792545,1.096803562,1.113964952,1.665210274
53,36,48,28,5,29,122,93,48,59,40,9,7,7,9,9,67.84397163,88.4375,1.708713803,1.277747991,-0.525,-0.462,10,9,81.9,179.9,0.242905003,-0.073875494,1.036433389,1.093082913
23,18,20,36,2,19,44,51,31,27,28,3,1,1,2,3,97.54166667,29.60416667,0.272469093,-0.466891931,0.206,0.92,-3,4,-108.9,-16.5,-1.185668038,0.550138948,-0.095507951,2.123576342
32,33,33,35,6,26,86,100,44,67,37,6,7,4,10,12,80.35416667,75.29787234,0.899309776,0.288823644,0.477,0.672,7,8,-66,46.9,-0.383924645,0.866919445,0,0.031649338
25,20,26,36,5,22,80,99,39,63,29,4,4,7,6,8,-45.8125,-52.72916667,-0.138076501,-0.495847568,-0.353,0.357,6,7,25.7,-16.7,-0.593818067,-0.121028946,0.073368845,-0.385320466
47,37,46,25,2,26,101,105,42,51,36,8,7,9,8,10,9.416666667,115.2544326,0,0.900719832,0.466,0.736,9,8,112.2,139.5,-0.550138948,-0.229884118,-0.080275007,0.472789121
43,35,38,34,3,23,73,56,37,49,30,9,7,7,4,10,75.83333333,46.24069149,-0.182798747,0.026216639,0.288,0.891,8,7,55.5,107.5,-1.920505747,0.836723071,0.904373868,0.060370173
50,35,41,19,3,27,102,109,45,68,33,9,8,6,8,10,175.8940603,-117.5664894,1.991626182,-1.194129598,0.18,0.518,9,10,78.8,181.4,-0.747858595,0.154040527,0.229884118,0.737537449
19,30,31,36,0,22,70,73,42,39,27,8,5,4,4,11,9.208333333,71.58333333,0.378839466,1.256518886,0.034,0.595,7,9,187.1,-175.4,0.472789121,-0.747858595,1.259533161,0.866919445
43,33,41,25,3,27,93,110,42,46,35,9,7,7,7,8,-2.533514493,60.91666667,-0.268747623,0.417875765,0.917,1.124,8,9,217.7,23.9,1.814465783,-0.578829085,0.874096878,-0.103104319
21,34,40,28,2,19,94,119,46,58,38,10,6,5,10,12,90.66757246,-6.847960993,0.911522862,0.425608543,0.822,0.214,5,10,43.1,237.3,-0.229884118,-2.438480224,-0.517974477,0.459768235
46,30,37,29,4,24,92,87,35,44,28,6,6,5,4,9,123.5,43.66666667,2.71032186,1.700696728,0.636,0.81,8,9,-46.1,-30.4,0,-0.624014441,1.934843132,1.774293118
42,28,27,39,1,23,76,69,26,44,31,4,1,2,1,6,136.3541667,85.31914894,1.386460587,0.321748574,0.3,0.997,-5,5,-34.03333333,-13.77142857,0.242905003,0.123844154,1.678785167,0.676718165
44,38,45,23,7,24,103,98,49,60,45,11,10,10,11,10,-0.125,94.08820922,-0.038976958,1.140855086,1.023,1.109,10,6,87,-67.3,-0.106039964,1.172647152,0.446977592,0.747858595
43,35,42,31,11,27,84,66,43,46,37,8,9,6,6,10,10.51861702,93.08514493,1.467663876,1.222950681,0.529,0.362,10,9,112.4,135.8,-0.517974477,-0.517974477,0.297690761,0.377965768
34,35,41,28,4,24,89,94,41,59,37,9,7,8,8,10,78.55,69.99224806,-0.090719683,-0.21766308,0.073,0.504,9,6,345.8,25.6,0.593818067,0,1.564960283,-0.608420237
48,37,42,32,2,26,95,126,43,61,34,6,5,8,7,11,93.5625,52.08643617,1.610104079,1.225287157,0.159,0.731,9,10,0.4,102.5,0,-1.738622193,0.564432294,0.223349441
32,27,24,33,5,21,59,62,33,31,27,6,6,6,7,7,109.7952899,180,1.824177323,1.627387571,0.656,0.431,1,7,-163.8,-121.9,1.172647152,1.217832509,1.675662187,0.315478436
30,27,34,30,2,21,83,95,34,47,35,6,6,5,7,9,18.91666667,132.3083333,0.707101202,1.259534731,0.591,0.82,8,10,3.422222222,-2.3,-2.195575221,0.517974477,-0.072573433,0.125661347
29,28,28,33,4,19,78,74,38,46,36,6,8,5,7,9,114.2916667,114.7916667,1.721176527,0.151877042,0.268,0.17,3,7,-87.2,367.8444444,-1.215864412,-1.460737512,0.463794451,0.977742712
40,27,34,24,4,23,89,102,44,41,40,9,7,6,7,10,58.91666667,54.33333333,0.676184738,0.689819908,0.836,1.065,4,10,-48.8,1.7,0,-0.975774616,3.289707254,1.874737745
28,40,38,33,8,28,74,74,45,44,38,8,8,5,10,8,32.375,94.65824468,0.151126417,0.108136023,-0.295,0.499,0,5,32.2,103.5,0.275069474,1.096803562,2.787425192,1.641911316
32,37,29,33,4,27,82,96,43,72,34,9,9,8,10,11,-11.45833333,64.32491135,0,1.840345057,0.093,0.192,6,9,11.6,-59.1,0,-0.275069474,1.556877364,0.085033952
30,28,32,37,5,24,69,53,31,37,30,9,8,7,9,8,191.625,122.5416667,2.298479221,1.043709106,0.68,0.386,-4,5,41.7,-130.5,0.275069474,0.624014441,2.081995229,1.476602357
