"Dim.1","Dim.2","Dim.3","Dim.4","Dim.5"
0.964003324916831,-0.120343795935439,0.680681071661608,1.55249959931502,-0.14568476477696
-0.852903717664473,-1.16521554198628,1.04403108451434,0.114702066230823,-0.311468299055087
2.56611111019713,-3.66149725899618,-0.607087629724675,0.02868649601091,-3.07647895608461
-0.584759541709092,-0.706343809100632,-0.384074444836356,0.415680512552707,-0.455658328109029
-0.812039548632271,1.49296019852984,-0.68875289496627,-0.967077747536331,-0.46991184836397
0.520559472398957,-0.0761010883067409,2.3134154642857,0.098895799803484,0.120451118268675
-0.0868725502764468,0.3866745589103,0.591066822060558,-2.49287298981373,-0.74710160234388
-3.07358283611534,1.55047525921099,1.95276438074215,2.06208056560873,-0.0327981377383922
0.495124145827361,-0.943222665598352,-1.89739774743424,0.0192162619990261,1.14417739499732
0.304026781732963,-1.32251381481584,1.67927006496695,1.12951082256833,-1.75412596593387
0.177439250394833,-0.902457344916249,0.070976094030034,1.29161258736492,-0.159967982255751
-1.19876757108269,0.493240688912662,-0.552403237245735,-2.15499318361089,-1.21703600709087
-4.1619268129034,7.07476172931897,1.97268164271486,1.03287056221632,-0.0924796334006138
1.13014505185537,-0.221120624997121,0.282564501888541,-1.32494784489594,0.196799602595
0.372030415902297,-1.39691511432353,0.488381409558487,0.183514306896553,-0.617413143542221
1.90860593307233,0.0271885119872472,0.655476926496541,1.78179696135027,-0.524863068362217
2.41195060822326,-0.850428280315303,0.427764594436731,-0.489444288699662,-1.60878851232643
-4.03734741914576,6.8956162412479,2.47042629013812,0.628703087424996,0.852173969215997
-0.15253036690422,0.851853368207362,-0.74563382871856,-0.0147574096706493,-0.953744858271037
-7.48484022933104,11.1980114203077,5.63356065150781,0.0433589965769963,1.57533150008809
1.4239904937238,0.205922672124385,0.436663764332228,1.93983189206721,-0.953688168375959
0.117370064794867,-0.866078977761239,1.1556163515825,-0.619956051338466,0.0951372822530317
-7.42041008033189,14.158945354956,4.78260501605132,1.52392798023761,4.35262322575392
-0.394939058992043,-1.69482462561527,-0.925502072167751,0.4847345636379,0.639141445979244
-1.14591891288025,-0.258932296139802,-5.56252861389011,1.68761350196137,0.712736845868028
1.00961045910993,-0.057000578587725,0.703073902176249,1.42600469589108,2.1689762714976
1.3385361076017,1.39767036355178,0.712537444605547,0.0489467693400345,1.33514302291339
-3.19719540041322,0.679742723941368,-0.280776205309674,0.72747591112449,-1.22247457853356
-0.741386650316498,-0.863953551766849,0.292814441121888,0.649509630578793,1.58726325688766
-3.84072152009348,6.32901080190493,1.90882179233941,0.130594445099734,1.0198328515726
1.22730098951932,0.64028340515613,-1.10290892938329,-1.31323738292193,-0.751119143236298
-1.11359058868772,-0.704838919360325,1.35600521844587,-0.363511812577374,-0.753392753138856
0.244693969693254,-0.787405913197193,0.815323674650215,0.68158094042345,-1.16030715715861
0.395284372229329,-1.295929934542,1.96676809908099,1.58083712204297,0.639887611562417
0.403406156910511,0.987469086065304,0.00625017135926753,2.37494061541538,0.0201912996421755
2.53849365833162,0.517093853135252,0.405659254233312,0.470578394063453,0.417431955923799
-0.684758976070062,-0.161733052968948,0.0311157262277583,-2.4521212221363,0.108544755805362
0.664983189728138,0.227712635087773,-0.54726718865259,0.115381176407198,-0.00326473299098942
2.32901231335012,1.14288800562171,0.641358342225806,0.433143092185718,-2.15162859340052
-1.44730278597916,-1.1866457439976,-0.611391626192055,-2.69038246391877,1.49111944888141
-2.2564783002439,-1.81922847873534,2.29906782740626,0.76613657705615,-0.526028046457454
1.72319033278338,0.824339847685569,-0.515512900626649,0.742928287558346,1.18385057989357
-0.908743673086337,-0.311045756282533,0.253776305204994,0.77995291386385,0.923414100792758
-0.951642450156019,0.594205569113451,0.816553819039353,-0.309727149023036,-1.0139726489079
-2.03614283505474,-1.01450079958903,-0.113083299304115,-2.76366181300388,0.547591132288693
0.09553983423915,0.256265481173273,-0.00463895051291101,1.20590578321683,0.985408969677835
0.763404769147789,-1.00739716926996,-0.0599423945095954,0.633194904303045,1.81881977853764
-0.0483416112125754,-0.536461388640527,0.72448958032976,-0.261535611201595,-1.22507659240099
-0.126321134149224,0.853231824817803,-0.883618376657679,-0.384843918766691,-0.40186429969447
-1.82085118307875,-0.874223560603204,0.680755013262701,-1.69457479334921,1.6880569157686
-0.799928051438805,-1.16536021757121,1.5157453367455,-0.146716987938859,0.0726002504975937
1.53521513925585,-0.632927208631827,0.642383244309206,0.199197001830899,1.10882363434328
0.829543543763739,0.0263664524136027,0.0118262610129581,-1.90957044541683,-0.7226503652705
1.35007287392812,0.271411942249603,0.519886877340502,0.816206644369739,0.188737982245898
0.690260016624134,-0.3080173655739,0.337965979485411,-0.0630706408018876,-2.06611180042657
-0.435529979638771,-0.0794699063152393,0.552169067046122,-0.0538217903948866,-1.20617677726567
0.89837261362759,1.82765556793032,-1.14576455126212,-0.613214493219611,0.59630722285047
-0.35475726406096,-1.15516552677581,1.49191798100418,1.66914618954104,1.10359413543997
0.261812735787154,1.06790619074178,-0.307357278195842,0.275831861142983,-0.969463723616283
-0.188305164620167,-1.51224479875339,1.18112720474531,1.38528493572257,2.5930002715805
2.13751898232365,0.0138717942762263,-0.235193948499388,-1.58800815946481,-0.750191253837425
-0.310480568561232,-0.27847632845841,1.22138780968588,2.11818496319721,1.01193082157825
-0.166692273086148,-1.28245884025557,0.48369634156295,0.306848985575703,-0.466236223927314
-0.746417014112999,-1.75554478368552,1.45401739607629,1.13617060943199,1.67682853832154
-1.18729710432691,-0.840603047900593,0.286265823073402,1.13815652990123,1.5546683706987
2.07649930135573,0.304464013749119,0.278380757557495,-0.4884657814231,0.564120500350299
1.27518615573363,-0.215060404408705,0.599445618302595,-1.29742139279654,1.39623147954342
2.6322150173772,0.677786868733755,0.37211832537126,-2.07117266783873,-0.379710351047619
0.09706913913551,0.886817686883877,-0.726979877641444,0.147555219553334,-0.315702642136765
1.63634739739758,0.30661844203067,0.131771633853153,-1.63637188693427,1.77148300765807
-0.143836907605096,-0.869391949618582,0.682692432255437,1.25408251990363,0.0650657659731318
0.854946214576741,-1.34334604107654,1.4837473368406,1.05515500046775,1.36424162037028
1.3877205010405,-0.678505405109148,-0.0132901716867299,0.556563464128197,1.0927765766627
2.71394472377793,0.772640082061375,-0.961150798788723,-2.16237301991646,1.33430637457038
0.468153981946926,0.422149342137315,0.0753057072676053,0.143277595391467,-1.60942479066773
0.47497709171125,-1.21136416848526,1.52286977277209,-0.465100701670951,-0.950131386324061
-0.370406684446581,-0.215779129486948,0.900881908559803,-1.17969789820981,-0.0189234620570264
-0.787468529725426,-1.1104524539072,0.433883464702494,0.531615529564929,2.2407005922502
-1.24923902634929,-1.09737374727487,1.55152169615798,3.01009603278531,-0.506316054492914
1.99223322671465,0.855070636724616,-0.552915820856198,0.0229819373647832,0.589555238296593
0.0876947262656422,1.28529752253325,-3.50904202014485,1.09432715285039,0.134117051929748
0.589169424210191,0.855366596290273,0.349576462600532,-0.754498962828624,0.354792592019961
0.815073280127184,0.452000154606597,0.539831572786305,0.81220318548893,-1.00951739165416
1.15267034764609,2.42258871781482,-1.18488231448938,-1.51905552531044,-0.274525311081276
-0.573372812770953,-1.9745175860469,1.52703959603755,0.119425153165773,1.60722050856397
0.0337288439460034,-0.960750610392251,2.10764079653962,0.119339592218978,-1.58342208137717
-1.72264780676406,-0.176652873288338,0.886514326050413,0.203556866145958,-0.929804518601496
0.272545149028659,-0.145550139058738,-1.59806308399926,-1.77982180473082,0.235917976861881
0.460781727784262,0.25744460021509,0.475894629366688,-0.0797684701794896,0.604793057494961
0.464317334505635,0.176554764701035,0.238795300457084,0.649435373310471,-0.189998744857268
0.543302078612805,0.27651161253103,-0.735427182993303,0.786293719641256,-1.2041695493535
1.507861558077,1.89148398599959,0.00222448853418392,0.0511896221672762,-0.497822103175069
0.595383559408281,0.859700033338977,-0.3951644901173,0.344580728725475,-0.624539972791656
0.193180446467104,0.00254293564451252,0.286967012151364,0.117433860192702,-0.0970980703404961
0.406266612493888,-0.63426898592322,-0.48581786748259,0.0377971580956261,0.654353197894679
0.311545777589819,-0.571150688550159,0.865245128685653,0.164501624247891,0.292785563707008
-1.32092478430961,-0.964091808568445,1.07573045862189,1.16616427630779,1.76445387140275
-0.0891577911753753,-0.0929246833090045,-0.839246178723672,-0.0248033649666991,1.91967080001443
-0.307445815306823,1.46995393242599,-1.97000636793769,0.00215976834559008,-0.34289591889279
2.55245237456206,-1.76536801769048,1.50482941339362,0.798201861477766,1.37121147740089
-2.32628318210194,-0.304046185344643,0.91533662197165,0.0238095666132419,0.911883464897597
0.205889205604509,-0.0954084359996833,0.490657622447625,-0.0573772834714412,-0.779188670953286
0.669712561333468,-0.568934968035016,-0.0713632782811649,0.510781490810403,-1.36795078207294
-0.380495266712298,-1.22554750722576,0.252040430645602,0.537357175473778,1.16202006139167
-0.391051543325322,-0.186841272340437,0.329153933629764,-0.501950478765905,-1.87752141802469
-0.253809581548435,0.0668753129787841,1.04316036553065,0.318427314552092,-2.760769192603
0.60519382717522,-0.798481510185305,-0.185536613479116,-1.03423839477788,0.368662948677255
1.79527764934038,1.1909993714739,-0.255087535228408,1.14395473435507,1.21107993609699
-0.268174515273841,-0.967829739369878,0.999058623888816,0.425317190208191,1.35813551154448
-0.0222977162342075,0.194534519639884,0.678586932166218,-1.67411760972692,-0.0370913025312795
0.650557281499316,1.14753760374102,-1.1491643940115,-0.773851009226453,-0.524361863521076
1.96420004944432,-1.3266559630903,0.731532688946606,-0.356568736054598,1.8396556077887
-0.241054003990124,-0.839027227833051,-1.09943844989611,-1.41227043455191,-0.3921328644293
-4.03757829171934,-1.18137542808832,-1.09248896832954,-0.201978292453704,-0.0116175227450911
2.4317564271602,0.800762722177034,0.185899831400077,1.46787596425356,0.207405753586332
0.223841659465929,-0.226432087584455,0.0788587867111687,0.0117091730304474,-0.0547985617558992
0.262313762988951,-0.698908131683382,0.268263916607524,-0.0597954941054533,-0.0648867559100756
-2.22432851458461,-0.20486411935981,0.220044758636538,2.04547670201275,-0.925242098419911
0.393162686490985,0.662102736914252,-0.932135397463436,-0.960604446660368,-0.702314302573565
1.51017709317615,0.17811223853014,1.06611586161317,-0.858898895212677,-0.298852059217403
-0.0702391015048273,-0.213596264671867,-0.186677986275595,-0.491426111596072,-0.241499201952022
-1.55933319000731,-0.914879212548256,1.00121821944061,0.130086558302645,-1.45702472134091
0.451328895772038,-0.436671509499578,0.860655099297365,-1.69432076189858,2.32657281996274
-0.497027740457081,-0.738466782283234,1.21082877771863,0.247311750653111,-0.722200378744513
2.84292327224709,1.52858218089241,0.238363173800518,0.684639487279015,-0.40444806598488
-1.93433237730318,-1.08994051592092,1.52217396777225,3.26888324021658,-0.293673193226842
1.96333092837155,0.679560499574312,-0.0700270429230955,-0.20809751602825,0.0711644787755609
1.03527184570688,0.601844481713447,0.1368242946971,-0.535550420231234,1.19087035754726
2.90757265068228,1.37738697717818,-0.159318709992322,-1.74710908702908,-1.2202313556161
-1.39283308292821,0.204131596405912,0.186011941930754,-1.07506308458721,-1.16996096653684
0.248214316793121,-1.04407469784668,1.45244342288782,0.549918112898791,0.721544615321315
-1.63998488451166,-1.47297510565353,0.716880114180964,-0.741095457231355,1.52874844374271
-0.0850849640259557,0.179364779612629,0.419897030092329,1.15706379951564,-1.630371751779
-1.26315691601266,-0.954976097462661,-0.132822873308831,2.47167633589421,-1.46447444458474
1.12671746189577,1.8704760452459,-0.215052713872916,-1.56005071092757,-1.09498472102092
0.429775556512456,-0.323856550144997,1.62568439382792,0.430481212457695,0.022991108096666
1.30714553615902,0.0223287831477149,0.84771366232621,-0.465595461160023,-1.20952595569876
-0.218207326630582,-1.20890000357458,1.88404692398106,0.0768545724071872,1.0267383669701
1.1569525918564,0.756103988632632,0.0784858358378041,-0.625028689363817,-0.74503989835154
-0.55983659995151,0.193500654915078,-1.92901845270503,2.3372176642496,0.815308126864959
3.64758469184097,3.05051989491422,-1.74079797869675,-0.0014013996956448,0.379652852654203
-1.2275130762683,-1.15590142698537,0.297020972165281,0.704066248595784,0.026211718437154
-0.54891903708223,-0.0123732937571035,0.0323321701970161,-1.17519154249698,0.584306887900079
0.841896338050882,1.56245686860756,-1.747487713282,0.197619012554124,-0.469815903302442
-0.182588170445666,0.314061493534014,-0.474226330701181,1.31566378794118,-1.2906863549309
0.427740286221534,-1.07655385079904,0.433193842182255,1.72631065485639,0.149216770991943
-0.0471641187917401,-0.905619822979038,1.30076434845703,-1.33197980664257,0.589755788528794
-2.5676537583203,-1.13591358383858,-1.04247052048448,0.707492338392926,0.105477200803262
0.132905681326972,-0.368729087281911,-1.89407024618477,0.35496345252381,0.887080354862518
-0.47209312752593,-0.462340198653173,1.40378478581329,-1.37870785814615,-0.321861758315287
0.246863161652988,0.185268897878871,0.681930569086264,-1.43996099999712,-2.89383152571538
0.706299130455785,0.699496650721314,0.559484545677848,1.45919232414743,-0.987728968007043
0.159916313421221,-0.29695181368108,-0.0480273352505602,-1.07854456915312,1.9291901451668
-0.100731564660644,-0.0670661450089827,0.154574472776057,1.84798397125398,-1.09480182508797
0.692059663779911,0.59836315585114,0.648022170679577,-0.738333964540784,0.326212368559264
-1.1066601666321,-1.15373084585997,1.0997851006238,-1.82179569389998,0.60614846517502
-2.40741812701619,0.133800652089931,-3.22172081207889,0.96697171516125,-0.803444022040621
0.339241002506735,0.231378026526479,0.57243266449968,0.88735667408933,-0.910251831932383
1.10031281652194,0.202720052254388,-0.982862170466881,-0.137852587847014,0.701823350892398
0.492683737746568,-0.524310705529855,0.785628238783225,0.652151908680756,-0.120450086818115
0.0399742449140961,0.872140193290452,0.323597953797555,-0.671457394643319,-0.409393103357834
-2.73872084095057,-0.0396541469008399,-0.339658330702581,-0.0101942383772505,0.550593439167652
-1.25506808086502,0.260868128803316,-0.368512577013856,-0.409343502455644,-1.54203172968417
-0.417316620753667,1.13920735164869,0.37754539635349,1.19178621384865,-1.44146235723749
-2.95695298316248,-1.99641554835341,1.88611075113477,-0.309268261142196,0.362533977131772
-2.25206521210364,-0.691090979452552,-3.2709806942374,0.911403751694584,1.80527158148228
-2.04597382426695,-2.27270297492257,2.92354700094365,0.210310704746189,0.936538644232274
0.310499967627904,0.804755413687832,0.574592065098168,0.885450305144699,0.378352672285843
-0.885004073857664,-0.269305083214196,-1.58118383136369,0.804120872343632,-0.310788716411032
-1.76569441594387,1.41678515340922,-0.194440561266261,-0.100903703448163,-0.600087241060727
1.53570569805082,0.486237703843299,0.501815434164865,1.63299787648251,-1.23725375786326
0.741692507252492,-0.223918526859175,0.30793878705974,-0.596979890695393,1.22593298049575
-1.28978000763451,-0.35745628794234,1.45180436117723,1.15427009912704,0.235669268159718
-0.477121590900757,-2.40886801940849,-1.29380455317566,1.92469854787182,-0.320962851955919
1.95910052430939,0.0286275575235885,-0.138213692323735,0.17337347124552,2.48404295296299
0.804838896303598,0.18092684207019,-0.0471476003754092,0.513209816414879,0.919561197668914
0.759700600038553,0.789555278824966,-0.45714739084093,0.0716983759467867,-1.44256954889007
0.135169263985829,-0.985671734426811,1.50857300556541,-0.357474148245749,-1.42514820888072
1.36212556722815,-0.375911635252519,0.881632999884467,0.307542702859659,0.669219883498696
-0.0382024119469527,-1.61391226566136,0.766556250477,2.27866951079229,0.0216338192946603
-0.17641594471091,-0.659573376678954,1.00108986831208,-0.442332531914443,0.372448010979036
-0.258416548828961,-0.643157925188032,0.475125596260992,0.858912418830113,0.508270816147629
-2.06973505211106,0.0843592807514199,0.708068520149138,0.369511420310998,0.228523459898751
3.14551815222672,0.946164831378292,0.176865953489306,1.94318651823636,-0.0747136528291107
-3.34863007552191,-0.188120419476324,-2.20065682613035,0.296837692701528,-1.36433879863445
0.977843518694952,0.115210457623268,0.374574053012957,-0.112411272136541,-0.156134563597036
0.833626832476712,0.800794878759342,-0.00390561448817778,-0.847572302245928,-0.299869345214622
2.24179303720652,0.715911988097738,-0.608599331691254,-1.04731141043502,1.12732556856364
-1.96977243034787,0.750289971551496,-0.0984785413904602,-2.13500437066225,-0.979605438575087
0.681190925931204,-0.694925465834953,0.938018033447424,0.425162060890378,0.275959538228137
1.51508014908972,0.390460814041976,0.474918199229819,-0.0455589270402923,1.57870940483829
-0.951931289177694,0.408355347505748,-2.01315730640456,-0.030452648387664,-1.9615001996332
-0.00874855653175389,0.727183173197821,1.07108261270811,0.85142338499303,-1.1391778436259
1.44911773091834,0.164812948455824,0.705813805055399,0.19687586486207,0.919720733059742
-2.01831350184063,0.112149086557197,0.00765993382748556,-0.65802484973481,-0.947331732998133
0.455218619446025,0.838029427346559,-0.102797676700532,-2.14731553547991,-0.454912232127233
-0.275277128097711,0.0688409372151196,0.283201345107374,-0.0918128631689077,0.441086707297029
0.314709282770943,0.0956456013176292,-1.04081355262323,-0.160981324371495,-0.447817899034258
-0.8852931845757,-0.644627348161851,1.38643491259816,-0.840739883462383,-2.21098814487082
1.40332994844314,0.0172700866952348,0.0405084134230173,-1.30401459366306,0.893454922509687
-0.301007917032545,-1.09780121093179,-0.184227911310414,-1.43806077694966,-0.15311706231949
-0.866015934700972,-0.0988480296160108,-2.23096258659466,1.05950915774418,0.349915185808441
2.74226915564105,0.686383373997873,-2.45383652062967,-0.293100937019358,0.282788336187212
1.11080133481317,-0.492357831755035,0.444240339936808,-1.08090224788098,0.92929786174374
0.326551807503275,0.500684752365064,1.10303790855648,-0.231472621437486,-1.47939401447814
2.5371172152882,1.8138953887112,-1.04159573327516,-1.76639956649718,-0.469083180940384
-3.28280476978982,-1.3902506758869,-3.39737083768026,1.25134156746015,-0.0487256163180128
-0.472467639749634,-1.59345755892995,2.12708619662842,1.00949620390485,-0.790489596232386
-0.453562583500106,-1.06803931318624,1.2498329662621,-0.397889149955076,0.654451410769792
0.305992978787809,0.556142495807913,0.442444803039834,-2.99920370525288,-1.68588300203885
2.40408082237666,0.766344760386789,-0.318059464622053,0.381334437950273,0.2135397617895
0.141679131746427,0.344397197013337,-1.40424231620093,0.57754374885831,-0.223766080669579
0.341540297517008,0.013415198958381,0.648404446824368,-2.37466159153203,-1.24957502042603
-1.0834900860693,0.105922065183659,-1.44307146908433,-0.528592616981214,0.909114268974977
0.948120372740966,0.160337807794388,0.435259026099994,-0.416033724196126,0.379789757068801
0.947206674864107,0.224282939524765,-0.540963120570657,-0.0479833898788078,0.241655980028239
-0.0812897224632827,0.595847966433222,-0.00495686237926359,1.74234239331005,0.932453552159352
1.30136302171741,-0.682656508925116,1.17155610212616,0.711107256347122,-1.10023931224162
-0.547912214398222,1.37985022376771,0.0757210283061492,-2.26106237189731,0.227520673817431
-2.33508837663448,0.198951168328543,1.48563340408538,0.22730150319123,-1.62422404218314
-2.242356783991,-1.27776584101793,-0.921675690113795,-0.23731271600533,-0.56594458200753
-2.34317428053772,-0.768692436088133,-2.39414464762466,-0.855931667252229,0.656421221833209
-0.135173826254025,0.916243064909583,-0.848654289968808,-0.734457134307437,1.0910563337369
-0.155873895848469,0.0421398393599282,-0.761218816484278,-0.723533568801782,0.0859833622039778
-0.287176117241381,-0.145564452217671,1.06278757381891,0.269678317923843,-0.117690568148927
1.40140576425355,-0.398984778662929,-0.859700897212936,-0.615485072107275,0.743511074102779
-1.92548908165371,0.229076486234562,-4.34521355429488,-0.696140766104798,-1.43951018169862
0.598442092867617,-0.362443625988081,-0.300511588867645,1.57142773751952,1.8722769926229
-1.28113543387235,-1.64199476054072,0.243436053885601,-0.0822359881284371,0.495975756221938
-0.623830989169536,2.0432231641772,-0.999692068030525,-0.00380271598905544,1.82993804909489
1.06386856063672,-0.276697394459098,0.496004204547141,0.508334555226396,0.713687161542362
0.577589162851265,-0.453808712006744,1.20567364830478,0.234702845942452,0.834974789364345
-2.59410201839314,-1.1282325620863,-2.72285321584999,1.38333907848494,-1.24721479628939
-0.627252402075587,0.587963854497089,-0.143720212269794,-0.488315073447405,2.59980115248006
0.590088246866425,0.107266286920772,-0.874092192527813,0.140465456331054,0.939285173816148
0.465045603956533,-0.768673754716424,0.303867743718793,-0.123690681651992,-0.0678972492992672
1.47105680860684,0.0664557314194585,-0.698773467348255,0.237648023606549,-0.0893196292169462
-0.613892776521952,-0.464857068937066,-0.758113277226418,-0.392198199423759,-0.762246820836656
-1.05979505976323,-0.865852498544916,0.00766876060809298,0.981169680853647,-1.51637915892601
-1.19042293317601,-1.20237736647342,1.51447360533827,-0.773548534324379,0.313007726768824
-0.72665575828406,0.420169997041883,-0.47368343414872,1.19742908438197,-0.0678796564621944
-0.559710025104961,0.485244259764528,0.532657341509318,2.68000218152119,-0.172809115734693
0.516633462681601,0.697548723044813,0.103518257396371,-0.153462255487436,0.464367096170245
0.911366541895374,-0.119741105829462,0.433740456908532,-1.21782693644771,0.599283645605473
0.138882015910316,0.00692942667417578,0.889825902443737,0.0144145314773709,-0.0956880696736259
-0.225281788506095,0.231933781580066,-1.63184906574598,1.9735274358892,-0.224985748269912
-1.14771147333074,-0.130988501699393,-1.6164604772764,-0.994464897801667,1.40488692219389
1.23286164539086,-0.169995026433408,-0.598095575618778,-1.54249753197775,-0.529818755504557
0.648865074521292,0.683850024340861,-0.216622223665859,-1.08692908765934,-1.24638229999192
1.24768570092444,-0.273097347397447,0.0770787955567153,0.191024930297384,0.00659813304508124
-0.747381623533389,-0.253054868538876,0.0871043546514019,-1.39332546107898,0.211482997933168
-1.86145431649931,-1.01426954831161,-1.3414379026867,-1.74106378979623,-0.0909410223134337
-0.879549780312054,-0.333360365240781,1.44795849319114,-1.17610876063894,-1.96770558394726
0.679031998937439,-0.552010310692488,0.847349713869247,-0.493614764060672,-1.20915763142968
-3.50420422689517,-1.81879274953479,-1.37258812502789,0.00127702588121595,0.173914302552879
-0.315910659316632,-1.10151116822273,0.470384953081515,-1.90448711735666,1.22093214287932
1.56883562048915,0.773740663769332,-1.51480136854713,0.888998473185629,0.141330266723986
0.110557356632579,0.0565160954703128,0.772383611513503,-2.43804002462953,-1.00705270477126
-0.0432053667799894,-1.06764040437781,0.578238311846601,-0.917735618936133,0.467491543002985
-0.760926410248666,-0.85935786561961,0.912507772407206,1.26502961715343,0.18732194585277
-0.939880685862827,0.60394826003383,-0.181013393907352,0.166561413530106,0.263326064979265
-2.69585607753744,1.53209147778855,-7.11154588492678,1.83468250288099,-0.145211424487341
-0.563060880551368,0.2287834060327,0.855305314070006,-0.392659311364654,-0.109595430345075
-1.84515118679615,-1.1622844394783,1.11869005613786,1.51958823544787,0.694363784972716
-0.148857625120729,-1.29299215370516,1.678802798244,-0.0224708195381838,1.39261782060065
2.40041740604216,2.00949412967004,-0.866057288197599,-1.22140369751904,0.0851121223591105
2.20426495101677,1.53332008304411,-0.701831360222922,-2.88319067587308,-0.0463525786402929
-1.70299400963972,0.530557091303451,-4.21951227286985,-1.06594900085556,1.52655550507854
2.50692706269846,1.36668456090264,-0.742867639650013,-2.54919886119033,1.18304032851217
-0.6207556716117,-0.331449933944639,1.16739730718359,-1.78329780479311,-3.55886078804549
2.02158829883171,0.250047865437414,-0.00163851706752683,0.100076730232239,1.37442213611827
-0.276045054420351,-0.190691048931166,0.560490001465159,0.212377741921626,0.183728160445261
0.711095795870765,0.620440003904211,0.561728852067899,-1.6674582087392,-1.26256323857528
0.581564107048141,1.68553786534153,-1.76826416278087,0.571242524542997,-1.50348358761361
-1.82538069267124,-0.708192513016967,0.580415798903622,-1.39613110681978,0.435550671708175
-2.98931746314004,-2.72904434363901,-1.85687628632419,-1.40436360417696,0.800386593713004
-0.200356860168888,0.791330341518988,-2.09724487975777,-1.88888571524964,0.897975058071945
1.042755072593,1.20862138955831,-0.888064179804525,-0.624950109058803,-0.668498925862216
-1.6316945549769,-0.743535877554793,-2.30944242123152,0.211719912769489,1.97214956927087
1.16813805895662,0.1933267923927,-1.17498671376758,-0.468445923861492,0.906089453309336
-1.85991016462601,-0.573152023185651,0.763744657795111,-4.12302577647641,1.48188303259284
-0.91580190204624,0.13362618890618,-0.039429584250491,-1.13370708480604,0.631413070533653
1.3531818730922,-0.247390533721229,0.589627932294419,0.0904885751952599,-0.243424923133557
0.240585522425627,-0.351172349871956,-0.25442518643379,-0.131095645059959,0.829749233591664
1.6773440655704,1.47016236949681,-0.0932262113393341,0.00286103935376828,0.0642562583092258
-0.222314168899619,-0.541788360963027,0.190013766669919,0.0520704071677367,0.378541968568185
0.629403753368497,0.527186360609679,-0.413773609564373,-0.248357725542473,0.88599197003592
-1.62955517203607,-1.81307896670413,1.16993132568861,0.143449721340902,0.409906693803948
0.988280816663403,0.14977237891162,0.54870750083902,0.211567394834796,-1.46020794596433
-1.71713082083395,-1.25959448981374,1.0123009919556,1.18676640769504,0.62305911704256
-0.529473373167833,-1.27209383810364,1.86784307002628,-0.53066478306027,-0.533087081010984
-1.56361467715834,-2.08220431136165,-0.402154256617036,-1.23549540518904,2.85368884955736
0.395811587968244,0.0737589481469954,0.253739441290027,0.20937862453449,0.972352569969386
4.37453494316663,-0.0241300422716334,0.505804726092613,0.336983123263394,1.06135651850032
2.4016907435835,-0.413490834247395,-1.7926313931925,1.34543129396986,-1.08682336157626
1.79638661096969,0.71931266733066,0.447077828819492,0.73508545427355,1.7296161164902
0.21823131373417,-0.0159468511559304,-0.12883476183354,-2.22671602692462,0.0709994272527691
-1.56366186897544,0.675947331291977,0.87744846253938,-0.673454341304171,-1.48953965792068
-0.179101316291105,-0.3146389386426,0.420423677924301,0.634580414379045,-0.818686339163714
-0.555492475310642,0.798053254966403,-0.629498365348277,-0.665378508723154,-0.0538137088160783
-1.63713549270823,-1.42342364830192,-0.486234734329719,0.618406420327537,0.783054454341907
-1.3206850952354,-0.39336904153421,-0.170934447094914,0.404927782484581,0.15775457175642
0.161482037411337,0.473906962233959,0.372762598447685,-1.76383592241264,-0.614283144352837
-2.72125489728935,-1.03282857053665,-1.29956218781913,-2.68236105877627,0.479202064407459
-2.17051034234718,0.0425266958721736,-0.801732885948423,0.429007138371797,-1.90042490395675
-0.103732750977485,0.38568638334393,0.340356476952329,1.1536174849437,0.00206749906266838
1.55379269381122,-0.789071797896434,-1.78957866551014,1.8204583576912,0.89259075553565
1.4760435590479,-1.01072539386707,1.52993181223172,-0.455586086718585,0.0740399448690865
-1.02495429183487,-0.239472216777106,0.0395055204611066,2.76691394338926,-0.0626518258529349
0.6118940095055,0.0481730452702472,-1.06158023786063,-1.33332596914356,0.464462560825125
1.11248100181538,2.28616074586044,-0.349535561746331,1.32920539486092,-2.13709059634673
-2.9951604492716,-0.949877701024445,-1.10739025338288,0.360534131793399,-0.0879680325052467
2.89740735600274,1.15508822414048,0.392696946003044,0.920765553867749,-1.70630150451898
0.291003965633371,-0.413402109873527,0.901416124206483,-0.534137136606616,0.0394845158485617
2.7119290723255,0.0175474243939168,-0.385529183670456,0.341356619827036,0.646374990984965
-2.62575351173316,-0.726402959457463,-0.59893267044312,1.00805504092474,-0.933580348933128
-2.75445106108114,-0.550257721350243,-0.724408648151153,-0.41834160395668,-0.404358348991308
-1.94671911526132,-0.504248398487569,0.99773372377983,-0.514379399942974,-0.273417135069922
-0.788607089149158,0.0764552577214965,-4.31058628728741,-0.19313657414827,1.60864705471489
2.20327207586999,1.90887990973889,-0.408945530457697,0.188998009107647,0.0413584145657058
0.863757000975579,0.571549369604745,0.374429657393807,0.152364054632675,0.270257120185374
2.0519912666869,0.00194102130396296,0.408207760536192,0.742837960390215,1.42626455944132
-1.00022801145828,-0.606237151142151,0.447368743352944,-0.439033581155643,0.680430082072365
0.0419835616966795,0.783433940224872,0.347283921756234,0.206913659070032,-1.14610340691431
0.7022931481961,-0.779198295465607,0.793020041767031,-0.0127991814016072,-0.559845182593305
0.623853359789323,-0.23970173375986,0.763961471492187,-2.54332736881241,-1.46644366123128
1.18943530755856,-0.202714684565699,1.27434309166645,0.318145597502036,-1.44967950866016
0.710444376528231,-0.490398039477161,1.01403466919712,0.597129927452051,-0.335062246592484
-1.65007893276034,1.17768139025682,-1.12310641009669,0.510459367512006,-0.748159837026452
-0.0666585653924247,-0.086104147029156,0.130280039889488,0.127672325145037,0.87888199477022
-1.54502262028453,0.859436442235918,-0.4494414975513,-0.906395253212489,-0.473717732861088
2.4717951247107,1.04974013848757,-0.323820147151185,2.19238829292376,0.162259499259292
1.14489771911891,0.101119397580988,-0.940876749231835,0.100476453339699,-1.0901904620353
-1.40235601513548,0.658498191570862,-0.764087277341671,-0.813056842335907,-0.569301273986025
-0.450756774765102,-0.402909712583078,0.6964737317263,-3.35634116369037,0.550905205376131
-0.350614774978169,0.672469635474565,-1.25818273532835,-1.87337462222287,2.4323211413989
0.220579168165013,0.626232496099028,-0.705527673882215,-2.50003517234544,-0.864689982452214
-0.149725703164788,-0.381075045573696,1.11638489486872,-0.650024636705994,0.438879359692356
0.825100245609931,0.577671094679185,0.343353944081022,0.428559983277537,-0.720272912292224
-3.35499692716797,-1.47323464020517,-1.41683808898996,-0.332516470736865,-2.31437680842336
0.0165356897761799,-1.86417348531825,1.01681494844233,0.927019035630899,2.53684891598137
-0.426237621233793,0.0022585703171361,-6.45717052301454,1.61943421773653,1.58885904857993
1.90539320733087,0.101145682548187,0.448611409528114,0.374813524618978,0.393056708671564
-0.374852833899592,0.00883558051238947,-1.34805357596399,3.06382707711558,-1.221935660232
2.45652954782139,1.07930035067946,-0.31494733788289,2.22125555400255,-0.849811348430842
2.28391329527517,0.454303452013366,1.40469415253628,1.2372664183451,-0.669058453886765
2.71958806702923,1.2425091707867,0.28049356803492,2.27479875545639,2.07718416187074
-0.427593494797404,-0.487072783295279,-0.030411879056602,-1.36719080020251,-1.38554540992431
-0.090806257145907,0.268141075230413,0.555050564441443,-0.384669690916307,1.02488883850051
-0.0339211256507635,-0.118922899431204,0.708656657813004,-0.834068056366625,0.521525703000697
1.28575157457195,-0.496786602552655,-0.522970658768177,1.30070226779205,-0.0199875631716049
-0.262661857223021,1.53999873452748,-3.66100293503218,1.71158988873348,0.573517373008989
0.839016344765249,0.242550197958618,1.610244557301,3.49542027355798,-3.53766937820031
-0.234833358732823,-0.450992206839282,-1.281332265589,-0.853255910716603,0.610790598444755
2.75232359642776,-0.328288647840323,0.878291939272834,0.866614933220323,1.1024407272989
-0.296302827884482,0.478730014475795,0.531843355819621,0.111406944309271,-1.16250592240046
-0.563352430605217,-0.5922488700285,1.64777569511663,0.000327305625557124,0.140961883960652
0.0214665137078355,-0.354467752065766,1.19759573524239,-0.846512122904068,-0.958838997532646
-1.50185739111752,-0.969850030100146,-0.694913587553649,-0.346572162850169,-0.359061551273317
-0.706662848432933,-1.19838554568592,0.876907681157254,-0.813577480640935,-0.584617772650293
-3.16946822667584,-1.99228350214864,-0.101337490745742,0.490441762127585,-1.81950977763755
0.849812696388373,0.241221848315937,0.68713339989509,2.06125054295143,0.108979610271791
0.730713923380632,-0.310833924315707,-1.05730356177683,0.0192537841297149,-0.0908223437152745
-1.98434110463166,-1.00733446822646,0.164561576908937,-1.18769225538536,-0.249184542848087
-0.99493741387762,-1.77079873890262,-0.640102395320043,1.0835421060992,1.56738440655838
1.20859963803654,1.30891475063482,0.756976992277726,0.77022663126094,-0.563005939846673
2.69800285718452,-0.812499997305657,0.936965087507305,-1.50363794243758,-0.0562285417138539
-2.01052106188221,-2.9289077213998,2.46357986384003,-0.0397709744667024,1.07073374175497
1.95127452608683,0.69157098728124,-0.312171281525579,-0.31296573952953,-0.352262157162989
-0.536658036616031,0.0100696691829716,0.702915156031839,0.223848028347153,0.302924976308784
2.56568327763205,1.31343482796997,0.0207499721031336,-2.28527514140568,0.47003327504992
-1.91705595281184,-0.913401978960755,0.387553454161125,0.595203582459932,0.0421216417223969
-3.63497078783719,-0.193939794005559,-0.122596730006344,-1.2067402040231,-2.95345440108958
0.787846871724012,0.451981450337582,-0.500195634326209,0.968583563296186,0.205185644413701
-2.60490805742144,-0.758582968425896,-1.63460800708195,-0.883116763034187,1.39716097310958
1.25827729292471,0.387536768461955,0.764508201743446,-0.589925992940447,-0.732105135155279
-2.39084107840207,-1.55225425890981,1.62684912697958,-0.861318056429399,0.0601316933373963
0.766442050199843,-1.03632839969496,-1.37285433064675,-1.15870362869669,2.16665816181588
1.00767319522687,-0.173013476100888,-0.0950753230170782,0.365546430835231,-0.808474107197144
-1.4896737440824,-0.522313689237008,0.0233833927689134,0.737480898106087,-0.36080495524661
-0.108905350032412,1.40653202357582,-0.260221767346969,-0.793639263243459,-0.793036371545944
1.13760470607355,0.100096846516953,0.0700413115175096,-0.117106106877409,-0.386699635656005
0.0952130411990335,-0.981795459474828,1.04815745787208,1.48935119602019,-0.427239410981756
-0.215264156637955,0.983960316004951,0.56067913395522,0.647463336600112,-1.61324803010696
1.6159607144822,0.656155716652002,-0.00539411725668071,-1.14385569666431,-0.855556895067931
0.433977840823976,-1.8595450896221,-0.596262262677179,0.149972757601085,-0.323770294790109
1.05931128922541,-0.491594404553299,0.164293579068855,1.18495281544308,0.205896728839097
2.31920713065202,0.33235848747652,-1.03919994282448,0.1062748034742,0.151613990048192
-2.66102239792152,-1.60386858761745,-0.703575752565555,-0.479455049681747,0.212465803189013
1.36988223189435,-0.0633887646551031,-0.0165171064581788,1.44486949108349,1.58064862050117
-1.47938279105233,0.762900923855012,0.362053864745147,-2.00019654988041,-1.05633020019444
0.450454509212074,-0.667323093815571,0.0330207944060186,-0.940761592113974,2.04761932576657
0.979115969528686,-0.976330704605117,1.04955919310209,0.0451067793753039,-0.211170669486596
-0.55069945436358,-0.72886730225769,1.33097365650791,-0.383126991643431,0.514350327310337
-2.40388257338699,-0.950250801206972,0.567033305113073,-1.23086262976928,-0.401785171830649
0.909821104090404,-0.634148862871807,0.449768136927758,-0.50426375102081,-0.0644967849708547
1.39203751278002,0.77877396154256,0.672314319792381,-0.991290109889417,0.393707345540563
2.14244650906627,1.76466890200575,0.455400918160568,-0.00272147593552412,-1.53185597914432
-2.33735034131513,0.273667087541952,0.90163876497788,-1.8085336299873,-2.13389830849793
3.5414558539612,0.313081781038146,-0.726714629281535,0.111656573362856,1.44612107049072
-1.03327053120212,-1.51765798988629,1.36658654407718,-0.771181656694826,0.946716493670918
2.84373037765531,-0.780226085463314,0.558118775282907,1.71113729825337,1.78786626050053
0.853840350212754,-0.616543436218246,1.20294531478637,-2.04761671013865,-1.91737549344572
1.33811633019687,-1.71451112095871,1.54486258223538,1.07517723068652,0.967942976473977
0.897047646303756,1.36600897128377,-0.14731569013929,-0.0029884822402173,0.318732048913056
-0.747652424376138,-1.53176747926605,1.83221525521042,0.0225202601112125,0.348872073101627
1.48917780322531,-0.101310140310451,-0.0232686939740768,-0.0473466252791347,-0.444479109669276
0.373140089755444,-1.2758327268812,1.39223801181917,1.41996690604501,-0.416861001867824
0.543818682189702,2.14891936517673,-1.40059179877082,0.921369158172156,-0.142863164432622
0.318794296749928,-0.771953817015346,0.586077489189193,-0.283967109783314,0.49996276923072
-0.283756486491327,-0.282218913701537,0.259549469412603,1.00195752275185,0.349632210259616
0.777077663264396,1.0569449429208,0.00176939873064063,-0.701400921569503,0.125614464448982
0.586226794405115,0.315111670428423,-0.617305108724721,-0.0998276346203817,0.18443696909737
-2.15589168950982,-1.47937039226175,0.365363786210938,-1.58426482056753,-0.204606480620002
-2.14183604608686,-2.81732739673305,0.943557753426754,-2.08428315428024,-1.29021353792531
1.84111705401259,-0.296071971693377,1.09586070188534,-0.841201326706874,-1.07948422992469
-0.0604024161981604,1.10565808063941,-1.42884415319522,0.395675539872686,-0.923811026264881
0.540893117435063,-0.674139947616335,1.47398819460197,0.76258094848705,-1.72950159277281
0.516774954055346,-0.758363445151015,1.58368614012499,-0.77649674596634,-0.0808324257430407
0.205547173143144,-0.337405055753142,0.0898772056610164,-1.56067786864009,0.267687758420934
2.71971274133148,0.826306141269285,0.158014161765481,-0.0985701146811262,-0.825238103190648
0.643564975718643,-0.386851599539822,-0.169822576503804,0.545716420582396,-0.251090271474426
-0.224466829618798,-0.672617026643804,-0.0419213137431343,1.7595122143151,1.17924474079269
0.455869097247851,-0.472313839998445,2.3340225591877,1.35332655321001,0.281317967681914
-0.951531209879907,1.73691105455034,-0.807365824178553,0.713163044404862,0.376453731139728
-1.36994662222318,-0.218049618045873,0.171667321583987,0.7609057244332,0.580200386694968
-1.09559323231223,1.58714162772889,-0.490781107693997,-2.09523175329736,0.180664713718688
-2.64325910537323,0.802082984556559,-2.23482807251476,0.138910948104515,0.31602987070003
1.59179579588172,0.377712084383024,-4.0995308312213,1.10251694044016,-0.375597618865218
1.18476730317991,-0.652093421364766,1.14492600385205,0.69096970557573,-0.984663520684925
1.1545447999905,0.913769742414099,-1.97445914260199,-1.36723138075712,1.65637552724078
1.574533780208,0.233255502635929,-0.464583523386873,-0.487503902736435,0.09236593258807
0.461853043174619,0.0361638287206218,-0.662535265012176,-1.09814871571238,2.14572461243009
-1.5523719562987,-0.765619085838558,0.0359298861405468,2.53302649085442,-1.02004849931208
-1.42561309588683,-1.16373203065376,-0.713039876938358,-1.19714473982385,-0.313489282137362
1.10147301837267,1.79611567966449,-1.88617123127059,0.578873324187651,-2.86102723127036
-3.30797221371478,-1.74377487378588,-2.19022600335578,0.454655484741007,0.0821976115107022
-0.734052793965185,-0.670084289891727,0.776901130089367,-1.75426367514707,0.263040484364648
1.36478911339744,0.234998623812504,0.493415096674974,0.749120197400665,0.524377387421895
0.986564964456036,-0.262362448448572,0.136972942658871,0.499326910412605,-0.691449585274831
-1.86987207555915,0.246420301839724,-0.0813899582216742,0.50838310668074,0.152144597085612
-0.148258863932964,0.352161365287314,0.292977760777974,1.2584006106012,-0.498932169563275
-2.42163922188091,-0.366573120675654,-1.64972324983331,-0.0135888827519178,-1.35928267362855
-0.877374015513794,-0.799080163519415,-0.550206496926066,1.56949451996046,0.971429913383621
-1.03702665013593,-1.68464382695733,1.5569388834741,1.68139295104001,1.03551231704491
0.497067215334176,0.214576501904993,-0.228546683450609,0.40397946080372,-0.730013379316448
1.06271752886213,0.155748782601337,1.35860310474136,0.664350770274459,-1.07062792994286
-0.726296790285658,0.176312189507641,0.80560508995998,-1.05506166233864,-0.20426750614054
-3.46106730508401,-0.767212236522478,-2.64456236193092,0.995315058284464,0.797285689482028
-0.189427494061949,-0.261391722772092,1.27434874103161,0.996651361959425,-0.132069679479192
-2.3747519544616,-1.51668124974288,-2.06436677070529,0.193682258013088,-0.931667036828007
0.705272726392852,1.36772473985407,0.353765516157838,-1.22192538367418,0.0243550951647713
2.12507386068186,2.17333608530409,-1.4805184713286,0.188796532789128,0.29055318215169
-0.408957052279164,0.433713487140773,-0.300526052203951,-1.28519747564216,-0.107090578351039
-2.86957742197929,-1.09660575417121,-0.696418410396395,-0.619011268941906,0.115690487404656
0.695510221850812,0.697597813330252,-0.263689334556915,1.61631425628816,-1.40796411946494
-0.108226403669812,-1.06410623619755,0.099123942224686,-3.60684865412281,2.34739058207469
-0.924422055491982,-0.349476329396627,0.441439034745645,0.12935054950735,0.992613705637009
2.40221615197112,0.20906296067106,0.595963133165426,-0.417419714946093,0.485215143177681
-2.1611008325664,-0.0898039397939551,-3.10090540425645,-0.0219887747045208,0.000482246534294441
1.87756212982409,1.01898409915574,-0.383983977010485,0.250701482409998,-2.09975330985446
1.65029629156463,-0.307477431944212,0.387475397307833,1.41512174146267,0.824785522679216
0.181848379774597,0.257544042331152,-0.042347181227936,-0.699174207411183,-2.46824623536421
0.328397746288556,-0.362462816659146,1.15495688871177,-0.108455793193353,0.79473103621278
-1.16252541651055,0.309583528042432,-0.126418151464479,0.88845979568108,-1.50548594691908
-0.248335671306859,-1.40186443128862,1.32080742445119,2.28842389650646,1.27543296926302
2.3046306353685,1.23294451322092,-0.507681143657386,-0.32681102907551,-0.722668745147937
-0.258765689267036,-0.415773815398959,-0.20085563258524,0.129051877461123,-1.21596743219907
-1.11331485871401,0.488036041811106,-2.81903053851659,-1.31411711500392,-0.814034861350772
-1.75092767375255,-1.035249583395,-1.24962443092576,0.622208423843641,0.576615615222473
-0.925550025177814,-0.135434267212071,0.221686157051427,0.945012554074532,-0.961881992048991
0.516541301085305,0.311962538622952,0.719467882747199,1.01569378028345,-1.53505194277718
-1.84527933011287,-0.224394173067681,0.630454158751317,0.324627302627904,0.577375506750253
0.726796628816637,-0.254262895171852,1.06356762620375,-1.25298668542473,0.875103130997778
2.82083843408229,0.625655800974981,-1.0263198024182,-0.411203613791186,1.85860024554055
0.964408753240214,0.253776425268989,0.381486773321182,-1.16457575676732,0.123528397116279
-0.79423028448286,-0.425227719924872,0.84654428738185,2.36473582172731,1.5593484508908
1.07975586609259,-0.120240712161786,0.21099388259176,-0.886649817391859,1.60232151100528
0.96701108108863,0.487385410818318,0.846615513356501,-0.90557814944221,0.692256596992665
-1.21742969556646,0.502377841609837,0.189456263399562,0.39499723708085,1.21283616723495
0.11243534448196,1.49493462883271,0.612295196097156,-2.15420242625868,-3.1616045223953
-1.02933452457252,-0.568170989814333,-2.78847120988186,1.93384709068282,-0.165683080625101
1.21606705051552,-0.480439692083618,-0.0327284394430871,0.634051242734705,-0.0676776935004196
-1.80644045764951,-2.04086654955728,1.11950836187446,0.208202930643256,-0.438733783528963
0.791992216059579,-0.0860792240180972,0.362570179558732,-0.638394615291163,1.2628040998096
-0.00875657179321671,-0.204298454446256,0.0548815171922836,0.522895453998741,0.58489586099211
0.139499036523997,0.283921443388941,1.57372542833246,3.2189905234993,-2.34436372041033
-0.00904987623022248,0.37488931688325,-0.181025373162504,-1.02184869365133,0.0313436453968827
0.713177923046926,-0.394501823006768,0.603122321301587,0.886471804319834,2.66805353648989
0.95141434303238,-0.230861466959697,0.91829691540754,1.18045606124068,-0.104261205231114
2.1237552377751,1.94638205709473,-1.45672367053965,1.08833769577357,-0.892042226969383
-0.0605931639215431,0.724582426208242,-3.54988646009278,1.26204941500728,-0.560902683998148
1.26696966983232,-0.256098062479101,-0.607221582449618,0.192171988541676,2.60214136272216
1.37783631858603,0.551417714521016,0.632205425219761,-0.84947115900918,0.0948644322589814
-0.499070375185983,0.324019581015717,0.470700207093745,-0.0276867224859604,-0.056407324088006
2.05314946213677,0.456845017386442,0.632588770086077,0.618715021068303,-0.441825557054691
2.19429975949538,0.754075870480247,-2.64600557940584,-0.377116431375744,-0.483120974135807
2.05086733531812,-0.270600177378058,0.396828334727992,-0.647628250031864,1.202816838228
0.739789600002944,0.928395841744128,-0.966241369534425,0.327294106347622,-1.39604820527862
0.0414234067747198,1.45291643390511,-1.79626566276902,0.919490088094957,0.950419901740684
-2.00235091257858,1.01569404308642,-2.44331369239493,-0.429752190435112,-0.573820032152549
-0.311080627467781,-0.0608941714540482,-0.27659819645202,-2.10737633579058,-0.180078620466545
1.15300701097039,1.90877942679078,-3.95255784471428,1.01266562523391,-1.40107902418161
