"","PA1","PA6","PA3","PA4","PA5","PA2","PA8","PA9","PA7"
"1",0.157684934228242,-0.314359775024292,-0.426380403086273,-0.048315997202197,-1.18045543794397,0.32024143034349,-0.433283726329932,0.353797100659184,0.371935158489996
"2",-0.0155364633734477,0.0206237915805141,0.34331853786358,0.297682840574364,1.0067209159915,2.10444885962257,-0.911726006391612,1.33283035938405,0.138393227466198
"3",0.256694667048766,0.68030479307231,0.794782025091511,0.728094638039396,0.448867580006148,-0.293892902041146,-0.663159306442938,-0.19466266595128,0.170369442609623
"4",0.487681922005571,0.506251976728605,0.891233399637493,1.81990945051935,0.0183000776817321,-0.455780272227325,-1.05102495728432,1.11208129256146,-0.882058099267449
"5",-1.7048985191712,-1.87853886384203,-0.783077740990199,-1.59109288750489,1.29894299343587,-1.41509429908967,1.37529786379917,-2.03037784085979,-1.19959442281305
"6",0.94885695694423,1.17894040738436,1.5913365225167,2.21508124388584,1.12952533563826,1.53450103187635,1.05416208838398,0.241232234916567,-0.0351028517513519
"7",0.933413539773318,1.28955680865948,1.78902143851999,2.54386227871277,1.11576496374729,1.43897758604656,1.4462967776993,0.381533329638751,-0.243019855302258
"8",-0.43345531383961,0.00659928040405647,0.38855941863906,-0.354185559616412,0.661180497655891,-1.00823280009302,-0.270583365104018,-0.36774911064178,-1.22802062440222
"9",0.255677644843333,0.205587089834326,0.996690465809203,-1.00864376314921,0.852018415458571,0.759334934764739,-0.398600832169836,1.03417370809085,1.23884977666142
"10",0.90592548929594,1.22896691568633,1.70506880320664,2.46976485690912,1.0346491339422,1.25583846422438,1.44466444797963,0.28705055201826,-0.132602617280491
"11",0.631936273216166,0.515275023138358,1.10832232644401,-2.75520208289015,0.768137091005824,0.0838605103429027,0.982621467929954,0.8214546684754,1.78197444948628
"12",-0.0215762411480553,0.775823465931854,-0.724787547431001,-0.427944630654562,-0.135897909913866,1.62024257615416,-1.14551829634359,-0.477425326896004,0.773097854999855
"13",-0.212154230067208,0.546075289188466,0.887501749659468,-0.281239153940839,0.655132141649321,-0.766221829112459,0.411976334274562,0.478320274565167,-1.51181156457351
"14",1.01806456263768,1.27293050499921,1.72275155554533,2.61007343038349,1.11962046794625,1.31025140060056,1.42353790011065,0.327311767671076,-0.00193266010063573
"15",1.12974417833722,1.55108910675579,1.0078328513862,1.14181709832976,0.186023858536706,0.0173171502962873,0.0933937904477188,0.854913317594389,-0.446185770334007
"16",0.622866040742986,-0.130640088682214,0.884093211797287,0.81410076730527,0.317625935550456,-0.0654405761961979,-0.354573950356424,-0.985705212057075,0.0146475852006177
"17",0.44360083975974,0.594158439388009,0.783328220802711,0.84082114362427,0.33727606802689,-0.646520117736542,-0.769086690483475,0.464809158979945,-0.293052902533961
"18",-0.206505575141277,0.212414103654886,1.23935078419157,-0.523876153246802,0.434199484226671,-0.904228689127129,0.494650096243391,0.433442286958511,-1.54655919920977
"19",-0.685886665547085,-0.766878173881028,-0.595414446736771,-0.18493177638223,-0.662302847347755,-0.145146400377138,-0.00165470927720747,-0.205742540612327,-0.456291763205231
"20",-0.51178563753852,0.520527742294028,1.35889073598455,-0.852809602062571,0.518667020037137,-1.05669391776024,0.807246069983485,0.408526759037684,-1.46100747951892
"21",0.641924420001796,-0.559452644533552,0.499662125424206,0.0413880338730713,-0.906678071846357,-0.87606274381947,0.0981044847267136,-0.859980046624949,0.282423427615055
"22",-2.09555794217841,-0.172919322865059,0.163968876061928,-0.0589125391965231,0.521515436935284,-0.450791927917118,-0.27449650922116,-0.403554321312608,-1.10737506755571
"23",-0.233116052773671,0.75266381310528,1.05772595228225,-0.178707579149741,0.276387423322087,-0.599653827717015,0.197103033508884,0.600936338048582,-1.44939783403783
"24",0.344973797133341,0.377050722543174,1.10892555874005,-2.04666803224339,0.18871187856996,-0.526719254228369,0.660801982151441,0.380932070421171,1.77891680960265
"25",-0.0290864232740931,0.0475556140101245,-0.682038244766728,-0.579770634732064,-1.72196181696974,1.27766063600027,1.66943906549936,-0.831460463237072,0.0328747135924326
"26",0.619514240002306,0.053419277527095,-0.21767967988426,0.652253018385119,0.0891011710021601,-0.546048271641489,0.259962781119343,-0.635995992230726,-0.087460555247977
"27",1.46806464095711,0.850663014113567,1.80951155031006,1.17734901949046,-0.271610593172495,0.410298274585073,-0.266256625825278,0.206380168209414,1.29300222902311
"28",0.159813241728342,0.200340523813928,0.98940451215763,-0.265371693404297,0.340314118451581,-0.616636227134315,0.036342353946604,0.527061243791497,-1.37260565391534
"29",-0.431627864258152,-0.0288839601457542,-0.402032838962575,-0.0651858637463027,-0.217242272723321,-0.940984931446193,0.0552757778777078,-0.169160040292203,-0.415311208077409
"30",0.0323257311118938,1.16999954880708,1.11806093229084,-0.221490465640163,0.859983961531787,-0.546888217092974,0.167354451570334,0.40080294485433,-1.46758292564318
"31",0.342273686651886,0.814067830839655,-0.889167217546106,0.146125144160966,0.50137029319697,2.07811027012072,0.667083776715388,1.24981382081423,0.132615036208685
"32",0.726627828772399,0.963415586013802,1.31550336313486,1.9953600188425,0.366060750419146,-1.13507630400229,-0.347338788419605,1.1023600094385,-0.161356339832502
"33",-0.0995255718163605,-1.87542843992258,1.33605469943568,-1.14641156147298,-1.50845614992122,0.818684846096905,-1.50932879351952,-0.0412071458391832,-4.82353341405593
"34",-2.50835514297206,-1.62863584196548,-2.11647641717806,-0.309262284594997,-1.08149128388885,-0.700743374642874,0.748335563613585,-0.704024284979375,0.252489803532707
"35",-1.5172812699766,-2.18341324089206,-0.209394319403525,-0.992370053700813,-1.45369773372736,0.380741600283911,0.494033170854996,0.455238696061797,-1.59360894796425
"36",1.5975981756922,0.256473829131042,1.47816918215696,0.774743775781001,1.12727776517329,0.025509781315375,1.21825364297532,-0.287642844770826,0.353966857076057
"37",-1.15265093914689,-0.921968114454562,-1.35039488584698,-0.262275981802583,-0.457921216484338,-0.166500657768011,0.699917609068614,0.392045833341533,0.492810213288916
"38",1.06045370774854,1.05551709552126,-0.355250958396085,0.247994156782351,0.22742205381744,1.49777776727102,1.0357455152165,0.847526583049836,0.367097346966511
"39",0.180325674609814,1.05730514271257,-0.573358719641499,0.469567215138951,0.394669047275435,-0.220936598218794,0.512045775476461,-0.632707115940873,1.13971809845941
"40",1.65243032919122,0.555980228372804,0.464212117070152,1.2988150497728,-0.0780060573560541,0.266650503696214,-0.0656198125989885,-0.807995739167947,-0.739535660226812
"41",-2.36591209974941,0.70051121258486,1.5597216816831,-0.376114693613455,0.233390416826519,-0.943850574088998,0.441814789588408,-0.183337821122188,0.435248474344731
"42",0.0824450234264608,-0.770381494833175,0.320424704149864,0.745776783946859,0.333636734558674,2.22894909701976,-0.0979440906684699,0.863519306058771,-0.707218441788501
"43",1.00370528384253,-1.59663938167111,-0.996118770014524,-0.127850279918662,0.498156157752061,0.56124962479329,1.12995916528878,-0.772376699751224,0.446971040344753
"44",-0.165124772303232,-0.764039650418227,0.434773139554597,-0.147778717917779,-0.0426499844780306,-0.797368261649598,-0.366337940376613,-0.76640064940792,0.303802565885283
"45",-3.04018519390238,-2.64344055180418,-0.631080675070873,-0.527643756623203,-0.204901759460106,-0.928726826915799,-2.55841724200543,-1.87641886552663,1.03813570868222
"46",0.643511155118373,-0.0485587627898157,0.764535264476079,-0.702195741757987,-0.122068292543386,-0.539758134041316,1.19469139267426,-1.22562521527766,0.00823791391465785
"47",1.02345693429677,1.31059948603572,0.467491848475646,1.75060675958122,1.328296002001,1.80884198415335,1.30592642690991,0.777501919110012,0.252163695041266
"48",-0.204486213152495,0.624813486370732,-0.855262982224009,0.810436334344358,-2.81557955805688,-0.953951067047514,-1.01883581487415,-1.59575227679362,-0.361870574263621
"49",-1.90631346481276,-1.46825656693712,-0.424510487389926,-0.125002498864898,-0.754607117162405,0.275210982471982,-0.804051647426568,0.13507972255327,-1.0769721153006
"50",-0.234113902730211,0.514626061502602,1.19052389148389,-0.75753058861951,0.373944821066054,-0.621712193369258,0.423076370015827,0.799564916807192,-1.3407892834031
"51",-0.229171552813135,1.43329396198087,-0.919818492042222,0.958638555509425,-2.06034261458097,1.42087816185328,-0.588623353901546,-0.171918845416754,-1.36753131888148
"52",0.143994793918211,-0.373065734408713,-0.253417118315091,-2.88472613774823,-0.0128538737140494,2.02197817004035,3.29576270482889,2.13769474925025,2.4737301515943
"53",0.633735964172145,1.12890640674779,1.10157379933902,1.87471707645997,0.162135183376333,0.238491999200785,-0.617965934519479,0.974454308894601,-0.773363093735555
"54",0.30658092114206,-1.44771988889421,-0.271163586838998,-1.45841310993523,-0.495084285987583,-0.677524113820904,-1.02290981967334,-0.523179043585254,-0.186919865829636
"55",0.662333508114622,0.968812307364508,0.968609676843557,1.92638772215438,0.161172489193865,-0.551236569650194,-1.22981837660306,1.33457047427067,-0.938483015639313
"56",-0.525759497277631,-0.479348198445874,-0.892047678404054,-0.0773252656805465,-0.203486403316731,-0.602720701399898,0.0672841797845044,-0.679091147142667,-0.524782267538511
"57",-0.095409026173627,-0.0430257357920485,-1.53731219263176,-0.616344749754141,-2.59405487974208,1.208680058876,-1.80142354565806,0.573900809150935,-0.98399677769389
"58",-0.160567809474898,0.143419656770763,0.749440082595433,1.13258347422008,0.435810429249893,2.06090579937879,-0.981522744404641,-0.51489744836511,0.213387155744614
"59",-0.981237013221171,-1.04036538396885,0.250489055173021,-0.208285001398486,0.125006783526456,-0.580686725174263,-0.153395890664467,0.195393896679769,0.215026466825193
"60",0.849634968850923,1.17129096880418,0.710140555122179,1.76735072999489,1.63649696992067,-0.111667554635728,1.13444551000713,0.913013623460337,0.306553325877098
"61",0.851174636184424,1.29468711913554,0.873538501038122,1.58566811147075,0.266608539202815,-0.416278578900654,-1.1204004781981,1.10340779967479,-0.547593336023674
"62",0.915266445221352,1.24073143786088,0.595269216636597,1.62194401211988,1.30105046426588,0.101615729070949,1.06556992532216,1.06203477556199,0.450550921236862
"63",1.24061617374862,1.07067121828296,0.205029873965916,1.29514202859077,1.18161298677066,2.7062772161489,1.30395779909212,1.19328584638432,0.738392719282273
"64",1.1771674254522,1.34197647934164,0.633819836415422,1.78756498681823,1.23782632568249,-0.0202852903377895,1.5236864808019,0.938704215935707,0.53411232606968
"65",0.841866397396787,1.38452053191032,0.980530031515151,1.93015688758461,1.42967976944989,-0.0946873742702621,1.43901888200523,1.18612468932288,0.406169918065992
"66",0.554518183138183,-0.51979983629637,1.00494192449106,-0.860821220177962,0.0473256816924014,-0.78902256921899,1.57232325261428,0.0199168031546568,0.140282774168265
"67",0.580624540876669,1.43157821586097,-0.447766304054006,1.89674476653865,1.10232793061973,-0.353999182846764,1.18194410737391,1.46471469513402,0.344737775025655
"68",1.27821084333933,0.299073920603416,-0.151714863134498,0.0297035789195749,-0.0819568351335148,0.743694428914476,-0.739018806250393,-0.382208014631034,-0.257731748228223
"69",-0.10776628346693,-0.0318948485641114,-0.0868573085587154,0.339044828636232,-0.537620543805865,1.48888647331259,-0.646560636024386,0.448418932466437,0.797950972944966
"70",1.06462744928969,1.44212711861581,0.8128460376599,2.04363033034282,1.59917834188227,-0.36798726700636,1.46780762672115,1.32552722639415,0.401100321125757
"71",-0.0145065197951689,0.405226098095554,0.361337967372036,-0.33561789961673,-0.109444264552051,-1.1589885265785,1.04935356529379,-1.16313747556161,-0.0503652203234144
"72",1.01497798986457,1.42057023546374,0.895479350567735,1.86122128909247,1.7016579477411,-0.0336265901154936,1.38792404741527,1.29019828304673,0.468961112224191
"73",0.127700468882501,-0.291186685839478,-0.414937916623745,0.672538814721042,0.783031596906356,-0.044085941326108,-1.07466976167893,0.873425348149306,0.18870371105851
"74",0.628468438963916,-0.368985417675777,0.480349999810167,-0.644740809721207,0.212154605348473,-0.647467770198776,0.232919095369681,-1.22940951525443,-1.06158362816009
"75",0.729944126025472,1.37220430956805,-0.116167549201833,1.55930680310365,1.41805784959783,0.881966549178558,1.73322624378196,0.840459011195887,-0.0639826070138461
"76",0.971244942002068,0.822800179701352,-0.350382555304062,0.541457974100912,1.3208717679095,0.202528607831734,-0.158934592373184,1.51680383114576,0.385072090252698
"77",-0.128680802390048,-0.247931837473399,-0.877375626427373,0.412596974803107,-1.02632067192881,-0.294342304756363,-0.328785365565712,0.389685154435499,0.580570738138678
"78",0.854287380645908,1.30156215492874,0.821607765120241,1.96334006100214,1.65925991571551,-0.487716990476797,1.73512383645758,1.50984093618301,0.00435381772035192
"79",0.380611984732653,0.288986286650009,1.05875896368503,0.748657066768518,1.02624959059366,0.645253025634775,0.328161741077889,0.641354253964973,0.174370485437406
"80",1.39284929072712,-0.0932116175850095,1.18794559976453,-1.674082601535,-1.86639470765669,-1.21782538208875,1.15543059875179,-0.626429915094489,1.6694494574491
"81",0.936545419687251,-0.797546393994971,-2.32814207482284,-2.36181580514294,-0.145313511386738,0.629992548605221,-2.26110295057442,-3.28712775603242,0.315974230111186
"82",1.0783394988478,0.938051976092128,0.887266888653925,1.29245241192162,0.532156882585318,-0.449693650851967,-0.445356300274142,0.484202810804955,0.168040524419794
"83",-2.25617072137506,0.878748534335451,0.75315300688798,-0.751099046804332,0.651810066460242,-0.536515538753649,0.0112264300751652,-1.07192112012701,-0.32493775526891
"84",-2.64223046348506,-2.99069221898122,0.27532497639069,-2.06769211328373,1.19892806419072,0.900737887434707,-0.693886347953836,-0.833961382400692,-1.58984270500256
"85",1.02866362160333,1.35409924220105,0.811615058300006,2.08534971371398,1.62255080777171,-0.426830099820566,1.54780206198398,1.7218469128605,0.212273189149246
"86",0.951123228856301,1.6823261502094,0.944750680047742,2.10649337728385,1.54962085883471,-0.194481542926692,1.56498325392272,1.43342511915278,0.249984227992302
"87",0.549520507528766,-0.210541962555294,0.504565742198303,0.298082179887356,0.690032625676532,-0.662544112917196,0.0552981231427922,0.51550288305659,0.684982650294376
"88",-0.49193932117366,-0.954503603818688,-0.950020570092033,0.278225396253808,-0.0449221135434694,0.146821162069806,-0.135323822859147,-0.665022149956813,-0.486454553468248
"89",0.178967393839141,-1.34567391372416,-0.255205341461793,-1.03065193836034,-1.79603690199374,-0.685386513789752,-1.14164477324078,0.0805488815261663,-1.35260095414555
"90",0.226873756674581,-0.0350903578362361,-0.393189690763204,-0.354981370464532,0.363546596160904,-1.16252002432591,0.0426159824816136,0.933548648949235,0.0758318227331826
"91",-2.61726415699059,-1.47498370857306,-1.19408178197811,-0.135974782074442,-0.541346990583801,-0.0308064184493198,-0.675729938186372,-1.52834573246253,-0.695427361234017
"92",0.0579022896460331,-1.19562205456941,-0.737654276806874,-0.637850743083346,-0.513369128608609,-0.498007077986275,0.426278570269659,-1.06617634478088,0.666587604888865
"93",0.82701499139816,0.292038724560726,0.860655762471198,0.103891531825182,0.808391333990858,-1.05033236407864,0.209423482317462,-0.322830286970944,0.603043249330389
"94",-2.50785189390656,0.533636003585612,0.828522329518155,-0.889699370193429,0.635202826185672,-0.714285768456408,0.359149509393732,-1.22131747122879,-0.13746186166467
"95",0.155068543392501,0.147166499186111,-0.983822602284733,-0.533083811481367,-1.51464668303009,0.343107384541125,0.775758499111787,-1.36774982110737,-0.719014958573593
"96",0.901694656526076,1.05665448179636,1.04922365426373,3.15759212744376,-0.479583866615511,-0.776539701424622,-2.38721805485419,-0.392609488485394,-0.0359564750163165
"97",-2.06867719319804,0.638592533418209,0.444708968172857,-0.56587357112381,0.151548035530048,-0.32479304619794,0.0374116902520141,-0.96020888926284,-0.282444660276646
"98",0.650832482873902,0.385068873430165,1.38800171673858,-2.28890877853173,0.46999648348344,-0.278031033351091,0.979996764081553,0.629999565126953,1.688754650777
"99",-0.495224258484596,-0.207347642798995,-0.0930675954908881,-0.0654096188926322,-0.0378783820608244,0.435102947778368,0.747344974862896,-0.203352813276426,-0.620013403949232
"100",0.893153463124806,1.03612698695109,0.953490312564417,1.60617507235226,1.26365029119501,-0.0668444826257576,1.28967444874281,1.20264384412375,0.354170861177912
"101",-2.23678911660474,0.481473464226093,0.368271241305028,-0.661915587199897,-0.113059326724673,-0.587658637384518,-0.300353938007851,-1.11270921608372,-0.0794756500544742
"102",1.03440180821484,0.45881521199624,-0.778346913198163,-0.54586226184144,-2.40921149382237,0.953018227793176,0.482558361961487,-0.209619260951144,-0.769874266084076
"103",-2.36359187988551,0.630286843248552,0.325512290036802,-0.745832314891049,0.171000154135096,-0.691063716735171,-0.43575700569722,-1.03233235113358,-0.0140703774237721
"104",-0.384679051671969,0.124858848520881,-0.447895315757267,-0.384906040707356,-0.341632462564461,-0.404592656700713,-1.17482830853719,2.14956069295129,0.641539757884988
"105",0.850024093242067,1.26668462239895,1.20816833802023,1.89132585044382,0.0866529012584876,-0.00644490955449711,-1.51540639090458,0.715428571373457,-0.448198249803764
"106",1.17390680887498,1.45149683658891,1.16690848112055,2.31625384801712,0.559446320678551,-0.239357029238351,-1.17426815297001,1.2073638429955,-1.35680723711817
"107",1.0183259209773,1.41439408360693,-0.140396582885349,2.23457120266574,1.59960107416895,-1.03376012977973,1.91022986896291,1.31594229398995,0.251596220941385
"108",0.298371324960976,0.0841266516286621,0.0233534632023154,0.0044600040016924,-0.0678909884272004,0.207759254628963,0.0455835305709967,0.316502594754923,0.198228390529577
"109",1.1134573083889,1.56652850897381,0.84238630160051,2.12446945684059,1.92334191734999,0.0764070477913011,1.34591847464216,1.29248182515594,0.355695538347198
"110",1.26363146655997,-1.75502735296421,0.61267753754041,1.44763569759672,1.43926460129253,0.0273365200948815,1.83938410661496,0.979351634489258,1.53142564056075
"111",1.34491584929931,1.05069857958586,1.96400783086353,-0.0647246330578682,-0.27922420112194,2.82615159245453,-0.0153562401954508,0.482926954625627,0.696080886338661
"112",-1.04332643385772,-1.33009383095853,-0.901115676520438,-0.546629399311037,-0.170944417503705,0.393359517901614,0.178254039777381,0.5379937340434,0.0962454630727753
"113",-0.844944974918845,-1.4927726429705,-1.21716505616794,-1.4343175245949,0.598033101268889,-0.42834564201897,0.114408588078372,0.017311080665806,0.573511888187114
"114",0.255234988240305,-0.70716898177319,-0.145105024927632,-0.122741497814153,-0.767053357864172,-0.313390330541934,-0.300503131122253,-1.07804406117328,0.460390347433594
"115",-0.50873422198212,-1.06876556606306,0.713042731817206,-0.527135497203705,-1.3513881814267,-0.586083486553513,0.110690738412393,0.698024980856363,-0.294281011475258
"116",-1.1701961981628,-0.258441670979236,-1.96486697644731,-1.17496587988566,0.377859629575682,-0.196941571344486,-1.36012855229787,0.0339479564291674,0.240421498820108
"117",0.0284529009626898,-2.22028457393122,0.894278867644945,-0.830946905745257,-0.328641430256295,0.315221750450514,1.22308583848251,-0.69525079465303,0.224303479184099
"118",-0.193492113111289,-0.227270464264772,-0.482247756756009,-0.83880330183102,-0.916769229657652,0.0411337116633149,-0.145514946913654,1.61366885368846,1.62995682289765
"119",0.0728163650419627,-0.321121859553805,-0.43472913782186,-0.727310617911688,-1.08855091778618,-0.630282559701065,1.00734867294223,-2.51544924147718,-1.16790666338151
"120",1.08958176460892,1.33675066765339,1.12845210320932,1.72567938449818,1.46821242676044,-0.208505063103195,1.1684595603581,1.36666294216393,0.397990171365861
"121",-1.82548557620705,-0.0862222351370635,-0.865029817021008,0.231981412989005,0.399521860389234,-0.931967370414086,-1.18173539832943,0.557992184564122,0.655912066287828
"122",-0.41375682719286,-1.62190510629489,0.086352114094581,0.0542714063273385,0.0741815074428565,-0.490531758064294,-0.155752120013111,0.207125123744052,0.30678440129248
"123",0.267196793035732,0.469554092797911,-0.0564526090520477,-1.07657010869335,0.554028710123808,-0.559667473179684,-0.180903897637157,0.0203806806206662,0.180530289112053
"124",1.11798528910834,1.35510951390514,1.16303640692959,1.90500476564465,1.39334274443731,-0.109157492833237,1.66597866576193,1.26744326937203,0.424884906056665
"125",0.163665308717563,-0.544128682289254,-0.844518681949305,-0.291219623718163,0.260011895234655,-0.52726343176837,-0.300819594298834,0.0563616345845007,0.401452929479001
"126",0.79631549883508,0.322563561572731,0.840385886320564,-0.545643955461917,-0.263837439514364,0.24027906239344,0.701698566516108,0.47850549227034,0.851849697967846
"127",0.493718980665141,-0.404103831259199,-0.0598510366149357,-0.773827136387823,-0.397291953148744,-0.563602137768999,0.0308527263340153,1.04430876794348,0.302584623079684
"128",-0.927465369520854,-1.4205070234077,-1.64308534680478,-0.271893018300941,-0.329102436777518,-0.371223964626616,0.456246043553409,-0.489804311275583,0.401408048115416
"129",1.00003482486692,0.188032421932868,0.27192787569814,0.585530259022461,1.70723254074507,0.334954855071062,-1.34853253971894,-0.137308141690266,1.36565861120871
"130",0.899083391119255,0.936012739714046,1.85541668395854,0.0472810583850909,0.705974761858148,1.35814665855335,0.522581267427769,-0.0636751799798049,0.323452903353059
"131",-0.878545377275758,-1.13955293211298,-0.186934097605082,0.0801389979397267,0.262304329717251,1.09890356416896,0.316992301195543,0.15686309867462,-0.257200321475823
"132",-0.100773356488138,-0.210008186657253,-0.355198522420965,-0.74552668061345,-0.0737796629816481,0.317940715863393,-0.632080216042122,0.933974763419354,0.405289996878819
"133",0.647240498707049,1.30655239699926,0.746622381089302,1.94078957354235,0.424726861624298,-0.810275995522596,-0.784563549548256,0.455274901391023,-0.691058332491423
"134",1.04359774316336,1.63226057253023,0.482075613431952,1.06986915480168,-0.519225470523384,0.608255346886959,-0.783872494771602,-0.626443296177134,0.730775754795342
"135",0.409196369006412,-0.157071487247106,1.50302283699065,1.67673949773526,2.24510767661331,-0.144136112826286,0.176277440579508,-0.522954144480002,-0.992485678359449
"136",0.0976295867951967,-0.752444241286005,0.369329993736792,-0.417423095183875,0.77562066710898,-1.48490461683606,-0.104937609343002,-1.83515513437144,-1.37996965066708
"137",-0.690378496185492,-0.431348109507966,-0.855325981016396,-0.667968552761098,0.242541319406966,-0.750580982314976,0.603677172287633,-0.124361104074501,-0.488808734199362
"138",0.0126482816619548,0.47469653962452,1.23987924590223,0.483354878311267,0.365992799449964,0.0218643779279711,-0.640775001963388,0.603314613273023,0.405702653073888
"139",1.00262004799068,1.40644027935835,-0.147078062554773,0.0603882187361145,0.0915313295468387,1.64879479198725,0.16978211308634,-0.0933265575005272,1.10303903689636
"140",-0.208867701164367,-0.219470779721011,1.23176935968124,-1.17481992780991,-0.746973751712417,-0.412632062974051,-0.224417646582848,-0.852510211326511,-0.567526243634783
"141",0.304411132372755,0.135423290742906,0.6936624207507,1.07351580939617,1.78679275692301,0.10738145308459,0.203138227954947,0.250150227918092,1.1796677823348
"142",0.358440342689189,-0.230688476954476,-0.410479466341728,-0.205222661118271,-0.557050893120145,0.648480763940507,-0.580369797947934,0.181436210513251,1.33880827495521
"143",0.915548602041278,-1.5548599927678,-1.29740199637963,0.478178218744008,-0.00714781208228643,-0.175230607167602,0.415879690966631,0.216614660136183,0.00452069051765837
"144",0.465965799716295,0.173348810764267,0.145329104046163,-0.0946265718567556,-0.113297134335864,1.87812863663962,0.58119923665194,-0.199463578928426,0.461325835510486
"145",0.05680385057446,1.34908831936255,0.919445476101263,-0.959680969456548,0.84314393233708,-1.00247486843159,0.821036791843143,0.0876907627987068,-2.96715680811143
"146",-0.448029701538667,-0.482178003643369,0.0662570768855237,-1.11841109371011,0.364686057695458,-0.685489683909743,-0.253063508570973,-0.681574310926556,-0.267790163221237
"147",1.01424586556305,1.25312034547175,1.45434700590796,2.04973754657839,1.34072214184835,-0.277389176853489,1.54123933720955,1.16083505248391,0.304127006941013
"148",-0.293990510164817,0.763313372142829,-0.885974939458616,-1.6383744485499,0.698800055738051,-0.686891564403835,0.0943831702074008,0.935757066175097,-3.19143668163946
"149",0.585905901785234,0.409913578848955,-0.776547678759101,-0.512729220178654,-1.1273870340513,0.777340461882477,-0.0118763615634373,-1.32907152156682,0.601611978419052
"150",0.801724315674465,0.89241463321087,1.03173856887539,1.78355604352725,0.275975753237762,-0.190348642148197,-1.07043898541469,0.976863607192392,0.0470855746740553
"151",-0.594533027896039,-0.500103180611407,-0.194411539793614,0.855654776397326,-1.05936793839869,-0.361785274022978,-0.759594946955173,-0.287180969679543,0.527552925406524
"152",0.764343008580621,-0.237442596845706,0.14544032694755,-0.212870301911554,-0.212400107904167,-0.212634514098695,1.87144376235722,0.74108585059365,0.929455426989585
"153",0.456073373881524,0.351789274779862,-1.24465813940422,-0.329723445494246,-0.521155482974245,0.928701498408779,-0.207046960316132,-0.393877785723296,0.753912113219675
"154",1.38855461994225,-0.724315531718898,-1.5163515372114,0.574617416525505,0.472727292797259,1.71229167961673,-0.248776371528914,-1.71456971809923,1.04082565064242
"155",0.71660080310163,1.35829866249644,0.062435317763007,2.0769415036291,1.2142921552182,-0.172754185994074,0.206318679340747,0.875186500845747,0.469882442470981
"156",-0.316784325991257,-1.77148641569086,0.186789939602498,-1.31726962253539,0.0625083803590657,1.65077996508728,-0.0895917076618218,0.424304154297268,0.534791500191972
"157",0.529696659199239,0.608293152303735,-0.369907262956668,-0.801521086506985,1.30513084020294,-0.156454839531496,0.776326531196751,0.0118802592411144,-2.00482652495817
"158",0.927469418543715,1.20723664078551,1.13846605005659,2.24067556381542,1.42335494801611,-0.485482647406779,1.72933297565699,1.3022331283315,0.0591690584718057
"159",-1.4669022608791,-0.74110926330383,0.479094301496279,-0.528143293355086,0.233893393224056,0.119555804231863,-0.260423935484657,-0.984209905135004,0.919582706173186
"160",-0.266933412740617,-2.48721668690184,-0.00907418863529978,-1.85843448553789,0.501070237301968,0.902474148176777,0.6520532812013,-0.744429648098324,-0.0838588273828645
"161",-0.289267020555614,-1.0717966547294,-0.690366829788345,-0.87766519181151,1.24168417133328,-0.208070731166057,-0.147038141929428,-1.05481679774097,-0.119561945436863
"162",-0.263271519647351,0.685941250365611,-0.472071622558469,-1.11546788067491,0.272520884129026,-0.944210798424675,0.149744462642798,0.0878804038040719,-2.05589372472055
"163",-0.129069549137437,0.155580407590097,-0.262362987578513,-0.0934626383612754,-0.770362363332294,1.22934696488203,0.311923939113975,0.887934322948413,-0.0272197539216737
"164",0.707626616199264,0.66940086425179,1.58244810091514,-0.467893896965637,0.578562217794735,-0.487484684388064,0.222985320058959,0.0215044799146609,0.73732289597885
"165",0.12618465697549,0.658911417091226,0.447292793232493,-1.2849870658451,0.650381126087952,-1.17775635606829,-0.182950078357551,1.57618421536582,-2.58455958916398
"166",0.303826552169468,1.1351567904081,-1.48345422278266,-1.12285028226888,0.348359203972126,-0.826714846690286,0.0551876640334584,1.39599971390427,-2.73232898955335
"167",-1.4678518852828,-0.840460618322545,0.0483954481188303,-0.652523718127707,1.89985909995503,-0.929442049000277,1.11578929367068,-1.259365446802,-0.0835412524412832
"168",0.611386201672326,-0.0428857839924898,0.756739466998556,-0.647470664209483,-0.189806416729765,-0.463670541384873,1.22087627013298,-0.634471614556322,0.698060621431526
"169",0.0107234073761859,-0.251383234292107,-0.122248356308288,0.449686575194996,-0.198053672813299,-0.46561991454103,-0.250530197804126,0.591921481503433,-0.643731962808602
"170",-0.930564034738095,-0.0267194221373378,-0.402374234118893,0.00497558666163796,-1.89004883891953,1.89230052426127,-1.11894744021294,1.3770281035524,1.04844044227428
"171",0.424891376044489,0.718177980067756,0.913249353272957,0.496342127308701,-0.604088008742802,-0.675556704823058,-0.0196013726465389,0.0814158470508836,0.151500689942132
"172",0.959339529016106,1.2366431067965,1.26906451644118,1.94999831081118,1.48892080534573,-0.249335143541582,1.54070074288595,1.35454186037952,0.0694075469952376
"173",1.31965111101132,1.32922839127077,2.13416713833249,0.899807511992654,0.363171768505339,2.19235458182878,1.73564117534269,0.41812025847008,0.397041133018028
"174",0.381361305668272,-1.34892758614138,0.29827770152921,-0.658169915890444,-0.47719128519844,-0.447091438596646,1.41696357577398,-1.36853169700839,-1.27602605007208
"175",0.417165638370294,0.51376052004617,-0.27814781017319,0.644654182956347,-0.0840250751404566,0.115681924826887,-0.43179864769159,-1.66577355135771,-0.261499174309548
"176",1.06938388412479,-1.65817109033933,0.115618811201803,-0.800043625960338,0.0527800517709205,0.604257530169437,0.947482283310177,-0.281110389117645,-0.592708823878415
"177",1.05864271596351,0.541256623948866,-1.16541710494978,1.81375109568153,-1.17658172411813,0.00346009525480294,0.14673359027326,-0.189473437992691,-0.274873186408855
"178",-0.15497165759409,-1.00838693918098,-0.437863574057923,-0.175217830453727,-1.05658848979397,-0.563373489546589,-0.109351230370442,0.196481923758915,1.25899747304818
"179",0.0947904631318955,-0.0359884094249818,1.03134404541448,1.43302043309217,0.703637268914456,-0.313350230584047,0.772571860341958,0.362061439690578,0.558994339552699
"180",-2.23997958742567,-0.967851961828988,-0.42026153450314,-0.0332314160040144,-0.201680887406266,-0.766134022253812,-0.409393220513042,-0.418440431539662,-0.485984229613429
"181",0.974010867589768,0.845996033486018,1.4577690442817,1.48250292263018,1.25877430630649,1.7930296558124,0.853035406245415,0.674855932469501,-0.128742913212988
"182",0.85220488913325,0.868537006464585,0.174843358807303,0.126602120391559,0.788119024434338,0.198020546933234,0.553558604845356,-1.80830457918243,-0.236745732932219
"183",0.344903673763206,-0.11041732081391,0.733861560591439,-0.0275314800310331,0.93596988552268,0.690149044950382,0.494406750879598,-0.147233267085083,0.574056434826381
"184",1.15725260548481,-0.436148157430615,1.439445416205,-0.26303488862077,0.00643651225825172,-0.0200531406035541,0.87940933460014,-1.48317980516612,1.54371614998339
"185",-0.436043147974342,-0.537799884966694,-1.39330838668944,-0.195182570704145,-0.785993000119307,-0.729605399717189,-0.524276257957135,-0.326589477219758,-0.837928350396426
"186",0.229774695966529,1.28674496550022,1.60596705700784,0.279473398620738,0.678475671288389,2.55545585230982,-0.262409438365573,-0.154361460965225,1.42439821720203
"187",-0.176694232288839,0.583781537904818,0.604492384471909,0.564896570030136,0.197284550797922,1.83666607345878,0.190703359038608,0.688368343506881,0.581615603762058
"188",0.176238628309314,-1.42074832470807,1.32729487661358,-0.148245537939235,-0.041713867793777,0.0168748984817911,0.159744871931974,-0.452298430493935,-0.448956015578061
"189",1.24188412045668,1.01606132222156,-0.131414108155245,-0.338955375816122,-0.611078654444378,-0.311817911298623,-0.414462025164509,-4.75542535955971,-1.46132033041201
"190",0.9412174756898,0.647906202728763,0.566544527300988,0.445261364076807,-0.191820568904825,0.85840375783189,-0.408104157295852,0.590691592417301,0.810824262049506
"191",0.909628583443803,0.369769472934418,1.25188320433681,-0.209435297132123,-0.607489793804911,-1.17476093119322,0.0562158349296859,0.442940563719809,1.40090029215638
"192",-1.66456413289128,-1.37896095205561,-0.583173704943503,-0.167832699158799,-1.54724320714779,-0.505125502682698,0.203168971813968,-1.17795576843332,-0.63669229330209
"193",-0.643228492171176,-0.654679173620677,-0.913097824669981,-0.198266828187393,-0.481320834407694,-0.549037113775359,-0.378952541017984,-0.07556413695102,-0.140431745577854
"194",-0.708053532598875,-0.880505986362801,0.1869549278676,0.063921985192605,-0.487364161636134,0.693085371918467,-0.386296171948986,0.431231436716334,0.714471032340024
"195",1.38894412897588,0.464710701522972,0.467996788728227,-0.0540304369906133,0.964119971352261,0.481460209334684,-0.124553983551847,-0.817991122053034,0.809928494440182
"196",1.14156287474964,-0.234692295155622,0.295194642236195,-0.539528908406071,-0.784509128628921,-0.62986369566736,1.30618599415664,-1.41725340623082,0.678592142778397
"197",0.0418326404125237,-0.221751404694053,-0.453541460033319,0.828756013147544,0.000165539608462418,0.422657671858584,-0.127816755963166,0.415095750339466,0.435686087676422
"198",0.0771004287489872,0.38200568344972,-0.471742906353928,-0.958233875789746,-1.917704816387,-0.0818035801587041,-0.13495955641622,-0.705195900195339,-1.14731255189522
"199",-0.235283669746857,-1.11704320472493,-0.204619996855879,-0.234648861351428,-0.993278374207494,-0.696765089609311,0.129911137004557,-0.868187445741076,0.0943345268853639
"200",0.288651666525832,-0.920195507953935,-0.489268432459305,0.0691029439055917,-0.64079339240569,-0.698229819446319,-0.957529738386889,-0.113185556675746,1.34678045801343
"201",0.0613040371415382,-0.96017410774685,-0.442218389856196,0.168401584632402,-0.901306277874994,-0.603928960459147,-0.31482077827501,-1.34381930579125,-0.287575210465576
"202",-1.92798829258557,-0.978285695751527,-0.95956047122598,0.0407660608966899,-0.152844276910796,-0.208107380426432,-0.711502401896677,-1.7951610316321,-0.24357301955689
"203",-1.98613655320924,-1.29896240501694,-1.9271664672247,-0.0226249662744065,-0.0484183677467579,-0.642278112814183,-1.7094668462464,0.88303796153417,-0.380401883285632
"204",0.636912622324734,-1.00485468220293,0.339913544041312,-0.30171830972835,-0.30434648606351,-0.787177799684817,0.493497060578313,-0.761201926622217,0.700779243712939
"205",0.000963861525157289,0.166386376148695,-0.82833799905211,-0.0360997112535628,0.505605041682748,-0.92622296485958,0.248107284386757,-0.95461394269099,-0.248157439727137
"206",0.431384368200158,-1.31075976536582,1.17578814135,-1.32158968303853,-0.0593461505008621,1.6428517863876,-1.16680328393418,1.8038337387755,1.33643493712895
"207",0.261881121298921,0.401526250463522,-1.03752111092753,-0.94234501372799,0.163156044213147,-0.500424780108641,0.033813921914245,0.486889839548752,-1.96949493759787
"208",-0.157464022537607,-1.36141658216577,0.235431584971694,-1.01149812327844,-0.128470414931527,1.28883227955845,0.352230758029588,-0.00236365592341514,-0.24258647475848
"209",0.447683558490321,0.650808113639649,-0.837701687138619,0.482819648569556,0.870443975089602,-0.253268447974196,-0.868183203810139,-0.0387332755241448,-0.283748125401423
"210",-0.563312906497314,0.397262542497183,0.0886338480207285,-1.22945981377529,-0.210577555771658,-0.321460904519602,0.162070773413149,-2.05169519799173,-0.366174915368529
"211",0.197230792543384,-0.284942178629035,-0.0328086747454688,1.0590684547619,0.190315972472675,-0.425748268957727,-1.08607705169684,-1.27572586999658,-0.0863382670545137
"212",0.3553918569134,0.64846163083886,-0.0744802003548379,-0.0110330854625221,-1.24448122285156,1.94936541878289,0.374417110606373,-1.62827563368635,-0.640977763860587
"213",-0.0461516297008444,0.386314347194087,0.799549189869791,-0.534476728733273,-0.944905232787283,1.5306137185892,0.396243986191118,0.525902245152473,0.745866580986206
"214",0.927526078034462,-1.17841193435781,0.422878911620732,-0.79008949975424,-0.766663484755618,-0.688948331502364,-0.672066917402308,-2.5793326137247,-0.54088592523116
"215",0.703537705448297,0.950123962616276,1.31509055274316,0.203475245456711,0.201417017796088,2.68891322852342,-0.899282619510508,-0.29916370330067,-0.269085472242823
"216",1.26479077646033,0.85841584476172,0.0976622443865194,-1.12349862797506,1.22101834180971,-0.959547334534125,0.983622027776957,-1.94483648399281,0.733965013720293
"217",-0.911182411948823,-1.00806080221408,-0.340656458724752,-0.645620406547482,-0.488230858687522,-0.122979984354923,-0.882482257097279,0.0308347618172012,-0.793816396398328
"218",1.0977612095561,1.04894166660598,1.1126182616391,0.0849179839588383,-1.87304504336609,1.66162430747321,1.41972992324747,-0.709175842292596,-0.555792696257576
"219",1.02002165923669,1.57722570600957,1.38203710951907,1.9779605658795,1.48011864236964,-0.504485843033343,1.74043714676942,1.65441027284129,0.269914233371811
"220",0.890875117647108,1.12746985447281,1.20062998625298,2.0438634498023,1.46659793003936,-0.452686143771749,1.79364418497613,1.30269926887961,-0.114453586502792
"221",-0.191450702788132,0.770949968511859,-1.08069725736019,-0.906963323530793,0.796556110431697,-0.833657305865611,-0.368915644068746,0.693955895283837,-2.16206905252936
"222",0.0990429435248341,1.23152444391132,-1.48416919834792,-1.90810711427451,0.639349702957353,-0.735092296210813,1.34044188279877,0.732940778841947,-2.44063694111507
"223",-0.965153949527219,0.167922786691287,-0.853165258172616,-0.640346488778307,-0.335971867568182,-0.421359320996428,1.22051092649739,1.89295918872834,0.274366671182617
"224",1.00732149281465,0.369164854791266,-0.753643599121863,0.0256628494077801,-0.749986668537037,1.11386544423409,-0.734226733722652,0.191014168005452,0.00651935391233349
"225",1.59864485246055,1.34115007346484,0.637722110652599,0.354498766314037,0.22815463140155,0.378550118570581,2.1066190195317,-1.01939080565852,0.388152994163168
"226",0.529605950031235,-0.0169803972210186,0.339107471783049,-0.846816490668946,0.74163795043938,1.34191201724654,0.098953029985516,0.576660515954896,0.574100103992844
"227",-3.01858266801494,-1.86069773055494,-2.43427965839731,-0.495139381272904,-1.47254829013155,-1.5013554841117,-5.24802746942141,-1.84186226616424,-0.0430326373006853
"228",0.709389885648747,0.116541216510031,-0.763857025309932,-0.125381733804751,-1.0385552851619,-0.149722054013511,0.128953739580939,0.13545871699642,0.587452400869438
"229",-0.621216280063929,-0.00496083737610044,0.239785349616181,-0.586522336952292,-1.11719345748802,-0.606332562215995,0.982345840951614,0.962819202634385,0.0662916457765972
"230",0.553668019287192,1.20458692073881,0.744416654820348,1.95487624230516,1.33307184873704,-0.155149687928963,1.02491797015437,1.3943650840678,0.136170054781211
"231",-2.47228986453397,-1.11402466956911,-2.74084113164405,-0.758296821898414,-1.2645953437022,-0.984888183882868,2.32654494187823,-0.550616582002932,1.44693452699346
"232",0.585182202447271,1.00633125247618,0.769284438028015,0.151776723949011,-0.379583615714636,-0.898708455103254,-0.389576917233567,0.0881941543332396,-0.0881419945425248
"233",-3.59714411782544,-2.38181269067909,-2.14685969637824,-0.899808472143564,-1.57529304410278,-1.32867728292852,-5.58902955120978,-1.7526191187799,0.338402386020575
"234",0.641943658619854,1.46643748542957,1.12651219124544,1.65486593268841,1.36756340482306,-0.323026556874876,1.34778884558831,1.1438984551367,0.342761600433717
"235",-1.21082217804732,-0.261785496903586,-1.78351498477342,-0.716315912914557,-0.919642769293079,-1.4216575944508,0.65526979631874,-0.372608089877508,1.4287779803056
"236",0.616416788356958,0.467411309639074,0.182840214861311,0.928200232191316,0.661842142399904,2.52425630522145,-0.221873785665047,0.0895870532593353,0.535728317706432
"237",-1.61760883594775,-1.50291048820396,0.456282337003985,-0.41661172035082,-1.05817349874619,0.0299142842043829,-1.43844968158095,1.16417817724877,-0.112362777759296
"238",-2.4294532011946,-2.20994256528835,-1.49052183874732,-0.387356351186744,-0.0647889612174953,-0.457165831608792,-2.42243109936465,-2.318703909867,-1.4372346132954
"239",-0.824103254607577,-0.972524005201092,-0.104828138137931,0.347231696143965,-1.26557361786103,-1.04413527767075,-1.50310757350523,-1.23503460067684,0.00166373785805726
"240",1.06470517805448,1.39925156444304,1.16639787550018,1.49838816356904,1.40933377189222,-0.363679869428525,1.62435516516497,1.75219739950152,0.276710367290017
"241",-0.0523380036646787,0.680614761154303,-1.05654768046156,-0.717298984978638,0.262638480414836,-0.873489517167664,-0.505377150888159,0.259610312071088,-1.78017980386646
"242",0.86485768359265,1.35556726243662,1.04901723924832,1.81001390169382,1.37870990581195,-0.471831691897944,1.35531140469327,1.51134591582155,0.0168061490109557
"243",0.237402360098007,0.271474489126636,-0.459170106102351,0.912105565401741,-0.551999855674039,0.145738949420498,0.0329532251202839,-0.0891245451325524,0.510369178358124
"244",-1.64060845706548,-1.92339085841661,0.975992964395807,-0.705523811021028,-0.688009124395053,0.37627709143009,-1.34550846117268,-0.287438580566395,-0.47020268311524
"245",0.558037543487009,0.900904317570136,0.676362954796121,0.517481963879621,-0.00232155641642173,-0.959749656217194,-0.451993153432003,0.420969052328767,-0.156900807920461
"246",-1.28371697308486,-0.877067304389258,0.29054612150492,-0.267337375808619,-1.01081869757984,-1.25627047752216,-0.304644529420537,-0.550021094651641,-1.85172973463698
"247",0.66492746594504,0.195082749721432,-0.587304447284246,-0.0355092059046841,-0.380359178684978,1.49623860408464,0.788348043340998,-0.645751635189057,-0.00889848995142519
"248",0.112964637765795,-1.58470131450524,-0.209956867111283,-0.158219564471023,-1.60653827975824,0.690471077320601,-0.318346462857092,-1.21735432493858,-0.187660509224547
"249",0.854539236040478,2.03359569617606,1.27741385898323,0.924092987570204,-0.6922474059054,3.32144483202773,-0.0420100021584662,-1.03441773129891,-0.0169021038443759
"250",-0.139251367455318,-1.12427158802519,0.333579186181577,-0.65538738489723,0.635207177982273,-0.214764400186923,-0.323901121466979,-0.780113458038906,-0.536980078044751
"251",-0.0544088783294026,-0.525640255304785,0.791315402651219,0.0943826445970291,-0.560322286576469,-0.705991074495984,0.474347988806923,-0.926303352390197,-0.609884650383133
"252",0.874675263919731,0.440824188384921,-0.857002990543006,-0.827396829402967,0.157384856606746,-0.0419381105282711,-2.60229914800133,0.0810998190214925,1.88130167835532
"253",0.965580178922711,-0.525592895252603,-1.10015786127955,-1.2769178003267,-2.44680031429915,-1.36015056503552,1.42274093831882,-0.615783847961173,1.22005984550392
"254",1.47501658526553,1.40058814692495,1.93589461482914,1.83562409975116,1.64317968916051,-0.341518775670088,1.62210565261994,0.341367503178366,0.727378040900918
"255",-2.49211225665426,-1.48626089392141,-0.193927419971065,0.139350211972387,-0.512259578009623,-1.53981042207164,0.138395911599672,1.75542791199155,-1.1279255860107
"256",-0.109212462924528,-1.49611039886255,-0.234167164151044,0.687958043232543,0.337325892867345,-1.34665780691752,-0.483105031162951,-0.408622928930165,-0.133210418553365
"257",0.108655809961271,-1.09513154165671,-0.207611584134556,-0.690060014126796,-2.16663725563707,1.18679901230258,-0.173677658825333,-0.312692672104335,0.0841874279506932
"258",0.270835753436064,-0.356686407143426,0.628769149989489,-0.748708169313227,0.457310726981484,0.951909572501154,-1.38862737012914,1.18409906455909,0.80678265460852
"259",1.10758364601653,0.0743226884298523,1.48646255781319,0.203251868238968,-0.347383338574978,0.0195844465575915,-0.0103915379830574,-0.198735146018552,0.905159660158778
"260",0.0711951916779185,0.397921075117781,0.451083555434185,0.718670888718067,0.427667944563283,1.12229696397118,-0.275007962275743,0.823714342060686,0.0330058093954412
"261",-1.76373568344179,-0.322610662934768,-1.87258360996316,-0.050421508762789,0.026250274996175,-0.667067114261339,-1.92811609644297,0.579222498031045,-0.639929211885811
"262",-0.52157359595042,-1.58067945587269,1.24638889098173,0.961073654766738,0.627909427865715,-1.16100063089679,-1.54044345668753,-1.87472099416855,-0.811645309786165
"263",0.50074539555989,0.84499574108208,-0.2051988427342,0.332654410107284,-0.993479027035198,-0.477916265921509,-0.804375901437813,-1.21525425187844,0.561689920207129
"264",0.906925221392833,0.355166965737201,1.31904009496006,-0.26939071511996,2.22802142750862,-0.685685037073122,0.822871348666979,0.920964540876479,0.310166075094729
"265",0.784387781659897,-0.140121069396481,-1.00078470071267,-0.118088963701388,-1.63016101713774,0.197578855529758,0.396307423522598,0.0329645679935061,1.33239258333327
"266",0.345657084226003,-0.22976435240482,0.459824027564514,-1.49378058625852,-0.464752336087279,-1.00149194230752,0.0445442251005083,0.412447752406607,1.78038928466195
"267",-0.0314105390345853,-2.0735905943787,0.665827570871012,0.237369277762965,0.758357420290843,1.32899580839591,-0.29748742464426,-0.368118485299848,-1.05806252473976
"268",-2.02308617023875,-2.47704335707258,-0.147079672863441,-1.65659940628593,-1.38784537718819,1.51591841512837,1.57877473755366,-1.04370387695436,-1.05152680669837
"269",0.359315371523437,0.446274648422675,-1.12909686890341,0.597370495745382,-0.343997618726328,-0.262121168900471,-0.781146473753437,0.746454826595618,0.731340687675132
"270",1.51003961445528,0.861548820614469,-1.46055773220611,-1.20723090188864,-1.93480517517121,-0.0604161000954957,0.97989739438522,-1.43342478029391,2.01947219834525
"271",0.111268137771774,0.0626118408901699,0.34513482022297,0.820677519538039,0.0626763026541372,0.15426692382264,0.764216793284065,0.217866844900251,0.0183029862776743
"272",-0.419872265357474,-0.720224827655809,-0.0171042620640168,-0.0352182887822438,-0.296848013947889,-0.199397282794388,-1.45861986965439,0.371302381987215,0.935596858613817
"273",-1.39043169185277,-0.1550778433484,-0.879227694088498,0.994497886282719,0.220059241124153,2.31453633012781,-3.17891947098779,-0.878967487098309,-1.33570139784972
"274",0.388672993293412,-0.01451701220995,-0.326340603278246,-1.02391347717524,-0.31875063108858,1.06538908741314,-0.838265032998746,-0.334862088682874,0.399620436253912
"275",-0.308254531307536,0.842909281240787,-0.726944334503138,1.54014415002427,-0.126316537706646,-0.544930315745326,-1.28698555734636,-0.550561364219005,0.631520736441141
"276",-0.315267999364736,-0.370213385856074,-0.674363775882252,0.647473369287186,0.463399026167428,-0.362166793586934,-1.43734214764201,-0.519680535164988,-0.292136357292872
"277",-1.99135046721883,-0.998705326354237,-0.771575762829699,0.163376632490633,-0.495037358474584,-0.882105063464232,-2.85953868447757,-0.351921130987442,-0.653273409762683
"278",-0.328968320158478,-0.594932988619523,-0.847618220050413,0.347054833280845,1.45609933447145,0.147263487738099,0.827684805300968,-0.590508258103867,-0.381213773421006
"279",-0.738299828955217,-1.49664838344376,-1.06319254241493,-0.190309641657206,-1.06032908566607,-0.942797193759885,-0.613576160141981,0.594793356956227,1.47063709855955
"280",-3.11597991732638,-1.94866786481961,-0.537734915002344,0.206407787230195,-2.45946640913768,0.0773377736829978,2.0821066123628,-0.763929552251427,-2.02291849082429
"281",-0.82934788952473,0.114301528416132,-0.0345042453799661,-1.40861868020218,-0.293861946461966,-1.39329245900024,0.740942070942113,0.820558648344544,0.218018614070118
"282",-0.0873489847158134,0.130755092804491,0.117794553355957,-1.08914625716561,-1.32024243890708,0.0251128060395295,-1.34661057707006,0.182928485204725,0.22115265117736
"283",0.115806423018604,0.612044697853397,-0.812163713758856,0.246728073508636,-2.64109824791461,-0.777460750309282,-0.866762490183624,-1.27244493546713,-0.806206352688844
"284",-0.693039584258316,-1.91866633764298,-1.04715813860489,-0.940294506379584,-0.131114001631199,-0.544822835651941,0.477814686275324,-0.0580837389354807,0.537249993764699
"285",0.318005252558703,0.325818335351448,-1.19169940046559,1.07863030444699,0.0797051596056404,0.171093377524213,-0.525473022233514,-1.4207942404991,0.78526666797544
"286",-0.7690047474183,-0.560692272891634,0.663088049620013,0.362036316982365,-0.0316740377295146,-0.517283915798755,-1.22628273993694,-0.732793021159044,-0.612766362104938
"287",-0.0182904102840641,0.341555925473097,-0.11610891881421,0.245925778160246,-0.540195821586261,1.4423734881545,0.544852328742166,-0.320106465673271,0.185175276410593
"288",-0.19397374002389,-1.76357212237117,0.013628560223499,-0.981873032339459,-0.47480746601377,2.36057028871681,-0.439591237643562,1.00753348660139,-0.979922657733859
"289",1.00942504024059,0.817575040635483,0.495865357935329,-0.0450140911231272,1.53501314135669,-0.78141935413097,0.329722834143571,-0.148600880077645,0.184827912494718
"290",0.27736838571346,-0.0476263947876391,1.49750928427503,0.921238759203461,0.698353854385803,1.90190492344221,-1.08743400515306,0.166222649216586,0.754872652169
"291",-0.316711631639846,-0.874827099496906,-2.52533007205796,-1.69062951292891,1.07743301174322,2.67611133455894,0.15730019311359,-0.0943046962624652,1.30041390788378
"292",-0.822368498273922,-1.87825630584723,-0.587709074356336,0.326319941226175,-0.503286584249889,0.451323761794079,1.79994716042193,-0.180321567964916,-1.28236600954503
"293",0.399137638426601,0.363985644853186,0.230588233171332,0.863607461610694,-0.26045715486388,0.436237420352382,-0.211229268392691,-1.0093164817454,0.483924443359574
"294",0.546254683144922,0.289629292240285,0.245894282539352,-0.654990462570523,-0.193694361494905,-0.634165410094217,0.251813579850438,0.515043317284363,0.630327330700009
"295",-0.823578387134086,0.00452345829190182,-0.697890369770611,-0.328670949833436,-1.48072028355327,1.49527053024594,-1.16916710352271,1.59592577438166,0.600845587133173
"296",-0.220493569167314,0.380841228617205,0.808455745457788,-0.193386644913783,0.114692615921476,-0.591080224123523,-0.689139972935064,0.244406902891964,0.571482472141267
"297",-0.613529255664194,-0.695279766429934,-0.465940199377403,-0.210775271040837,1.27507074822483,-1.19443500761667,0.239696946097052,-1.53852524947994,-0.228153725973676
"298",-0.724707618278151,-0.15166778057697,0.378785633769675,-1.09166801826481,-1.77835770834701,-0.0348926774597593,0.463217490242809,-0.0302093938317816,0.768736816516047
"299",-3.13632477149123,-1.45483769836932,0.466757822852593,-1.97138583988094,0.784454408461559,-5.65946845223929e-05,0.723113741593946,0.2641039777219,0.851406025502001
"300",-0.131013258819953,-0.62241047859211,-0.877766862455458,0.104514645761658,-0.82186651679024,1.79599037999905,-0.767628837836766,0.469512291252817,-0.316988421333943
"301",-1.3501606216436,-0.806030060436433,0.68027942638741,-0.0953276261048268,-0.823755687763471,-0.420739262606476,-0.623081829573874,0.283616640737127,0.63470058782154
"302",-2.72224696437548,1.06301028642385,0.605313897577641,-1.03969070208803,0.053143854146035,-1.11723577551054,-0.107824908729723,-1.41704254877277,0.0645645681441618
"303",0.637288336713508,0.87145123636207,0.661900349372052,-0.182348824736162,-0.24010459782712,3.4160238428489,-0.2385345006627,1.51389227097256,0.950138886057536
"304",0.540726726977519,1.0825930763245,-2.05306673833921,-1.45950074103363,0.790027270231934,-0.814687922150271,1.51033886552986,1.02753018142897,-2.20284974388467
"305",-0.27164216978368,-0.599030863576441,-0.714048760822791,-0.818422760182077,-0.296430044203027,-0.35830319647328,-1.00823858264482,0.029932958159809,-0.711825177431487
"306",0.896001417138592,-0.0931072332647764,-0.494984700244172,-1.16475475317096,-0.865969940709729,-0.460591497949004,0.5806884793524,1.09751374286781,1.06691495759885
"307",0.366569383522306,-1.26813689185419,-0.957733644996896,0.475904151080432,0.0352844191770008,-0.562391424099601,-0.849896112258774,-2.67327493466756,0.000410579026908737
"308",0.845649075400853,0.868714434573805,1.0556953838524,-0.119640223970078,0.778233540554768,1.40337995608072,-0.784268189180281,0.920470335481506,1.38125037833956
"309",0.723749597473404,-1.4989890687117,-1.46168460501493,-0.0352835577831506,-0.22792480660841,-1.10753257501614,-0.649625721514865,-0.6963944321029,0.733280537902494
"310",-0.144966259557475,0.535627588169475,-1.27158527567389,0.862363061175264,-0.269697847625054,-0.00913233711592596,-0.886220222638119,0.493966276932348,0.532941933531803
"311",-1.80991584483909,-1.68062276671368,0.639711005328023,-0.9786946829769,-0.979906785356192,-0.872109650888261,1.07121757792213,-0.549033134407246,-0.0833516417582665
"312",0.0155291775445752,1.0870479465624,-1.59264374673886,-0.606850154734284,0.563327670560708,-0.990473402726855,0.169553704323932,1.03630355268399,-0.834487555198412
"313",0.26730155651031,0.201794812192927,0.724804978087556,-0.218013069559205,-0.127791465640941,-0.140482816065997,-0.399198997412423,-0.600339530557116,0.400221879937744
"314",0.65045904095926,0.875253574533677,1.21943959890757,1.49061186969551,0.652364462711837,-0.240185148501991,1.00439924063065,0.719931570688617,-0.108341140415
"315",-0.341481269448038,0.00732397189353905,0.0113996235485029,0.733736540405349,0.0266201629367683,-0.306448566747803,-0.724972255296566,-0.52399691041631,-0.227392585456417
"316",-0.0605193187416095,0.920278085063416,-1.19218667768513,-1.96493164208259,0.266210228900142,-0.779209277358956,0.67269377870161,0.988840020481787,-2.86125439179956
"317",0.286504864246964,1.15544702241292,-1.60120443056007,-1.3244520551852,0.979620199833272,-0.368710523879444,0.269223078385188,1.55251293289903,-2.43252431661899
"318",-1.14948039431695,1.13862385400332,-0.0427879587103136,0.212074155944011,-0.771036306858842,-0.786462227215849,-0.319835057877404,-0.507142797233824,0.274712688593376
"319",-1.8086354268246,-1.74385578394563,-1.73399706258069,-0.200021641984598,-1.6428878334834,-1.06092949104365,-3.16129641963285,0.826789863663317,-0.134112839979918
"320",0.586211969134074,0.673939678560177,-0.270219715980579,-1.09617726304779,-0.712461275690422,-0.616585573070943,0.721378525129419,0.618091950353372,1.45144650981557
"321",-0.28171641274381,-0.3659606358968,-0.572785180173836,0.145728972381312,0.997785658244695,-1.19053977199039,0.0817765621908132,-0.943054300658508,0.855348095421007
"322",0.95545180295165,1.1704911513396,1.62204759222242,1.21146944435654,1.25584315613141,3.10687144833975,0.33052441838007,0.330132294566128,0.419849025996579
"323",0.64911672709673,1.00309322655431,0.56217630003187,0.49192600340367,1.48473331491277,0.423391366862272,0.898830509195576,0.309638831112613,-0.323043443823372
"324",0.0175978631772708,0.79672358053879,0.538855549905068,-0.963010969605044,-0.696026464620366,-0.580240602997197,1.00352823502293,-1.58224229018959,0.106101039041472
"325",1.18535000491194,0.229699344578671,-1.52197151075385,-0.921026428073064,-3.32399367638756,-1.06567148368664,0.58145136318599,-1.61367781029649,1.92147887882069
"326",1.34180410867359,1.20416614084613,-1.30227165844155,-0.981185292537539,-2.7693601062495,1.09120772267603,0.649890729986507,-1.33610116419197,1.20622460010577
"327",-0.224605301813088,0.967418516132712,-0.63481302482136,-0.13397823310897,0.62496886743879,-1.08857593307895,0.18246495129876,0.0496968995896707,-0.152284090156252
"328",0.823815076140748,1.3743866498442,0.817736952008942,0.529726180913279,1.4200244107274,0.364927251949588,-0.339863357924474,-0.0658366542479234,0.519476417555374
"329",-2.79763983091275,-1.81677019250472,-1.753798592891,-0.796091452850023,-1.07689743120935,-0.090452901868549,0.576091934839244,0.167416451170808,0.0876096646055388
"330",-2.20911964520153,-1.33984870723624,-1.55976950059233,0.48204920770143,-0.0891320114624065,-0.214634997614687,-0.342561347784902,-1.68964292347032,0.00573577374019366
"331",-0.472906620685775,-0.464645111155485,0.14775627293918,-1.35737791439742,-0.735838394813649,1.50480477658546,1.05211665666251,-0.555347816328899,-1.25985945383318
"332",0.669549580157703,0.08951219595089,0.0735979526641738,0.894521715625826,0.250432407134496,1.53111748926893,0.425461012666476,-0.45064136116195,-0.153906010385966
"333",1.3527322557405,0.627776760559577,0.0258033753593387,1.03868350406586,0.723326905317914,-0.541073658740916,0.569861219952248,-0.3881295154914,0.928895381707786
"334",-0.391898526019346,-0.091534191507375,-0.683065056333465,-0.0848647355693353,0.691528402515122,0.118447708466819,-0.468012678722109,0.46581238300708,-0.206106221514457
"335",1.32263593889222,-1.51748758667503,-0.0684043508208206,-1.43869904303271,0.460063249759001,2.94532126322255,2.04980961599853,0.302837679654605,1.17682253587949
"336",-3.19926608711135,-2.21518105770431,1.03057675532944,-0.737511476678087,-1.14505521868879,-1.37987625576752,-2.53916587901649,-2.69291190409027,-2.35596481272443
"337",-0.664312482899337,-0.0678121606111789,-0.515430047293871,-0.670848483886245,-1.56930574716261,0.562245229966241,-1.7064293219168,1.12842342006321,0.133249333730368
"338",-0.617271429452203,-0.737354051828064,-0.00389479064848396,0.249695761146731,0.363481124755874,0.235666827388677,-1.69174321106911,-0.189559294784513,0.0257190677205789
"339",0.154696035966954,-1.09000201034961,-0.140785116105302,0.506022586842015,0.441916360229655,-0.267206058788357,0.55856555214482,-0.383251854638157,0.507385162714706
"340",0.239468256888884,0.754429552163195,-0.766995915184506,-0.993793177713228,0.380962367568442,-0.801697021701048,0.80812882366979,0.363412058791778,-1.38301270690092
"341",-0.0277671617126337,-0.416061593044096,0.607407946178151,0.882753378337621,0.214172645837895,-0.654239801880007,-0.324800264017742,-0.4670728460627,0.096594080313993
"342",-0.977460273146314,-1.36520897122467,0.241514774803936,-1.84763925735041,-0.168041080330112,1.22469275171744,0.655631869776474,5.07825424353049,1.50020409532521
"343",0.0159129123595386,-1.50709174588962,0.105353222360263,-0.448623657942404,-0.222109508239902,-0.878910002626085,0.0640331649918431,0.241429523184339,0.150466308314853
"344",0.267690733856054,0.214489885895027,-1.13138753697105,-0.59753581343621,0.399990449922255,-0.827375575918162,-0.181705850193686,-2.14985315434348,-0.101215640535579
"345",-1.54904204771291,-0.442811012539843,-0.811179857265808,0.109576803140484,0.440165223201146,-0.83692798641109,-3.30034279985906,0.318306834405821,-0.939373414666399
"346",0.241644403004523,1.15518055076331,-0.0608430519201266,1.9642423208229,0.436625468050071,2.82822233710293,-0.163682904446503,0.506725548578608,0.104428007380447
"347",0.828367083325755,-1.57239355651538,1.12524684586844,-0.731251810196418,0.0643424088729676,-1.03743070909384,0.388086201071213,-0.318125470534627,0.0811018690258213
"348",-0.911261549787021,-1.10992551042049,-0.810407251380532,-0.870125664965109,0.598932027689196,-0.230908420716422,-0.128923993496512,0.336474426984478,-0.107942969057399
"349",0.390715701741352,0.94543786096213,0.681962714006959,0.319465032811355,-0.802147318026267,-0.758561988881146,-0.0354434727816377,-0.480558302300565,-0.134263284838908
"350",-0.358011361855498,0.431410263003215,-0.809444221355296,0.296822934411633,-0.174057272098495,-1.41253909253755,-0.40247852173014,0.0765905815799564,0.649318072329256
"351",-0.168546711522812,-0.122760539029443,0.31316024599071,0.763346349559489,-0.494810231836154,0.667830329453376,-1.20134235260001,-0.510146408226962,-0.477309437032433
"352",-1.40066265861972,-1.89673876625034,0.698415614604645,-0.47598501367805,-1.07191284880926,-0.373515683270141,-2.12196202790287,-1.51654290190252,-1.75934911045092
"353",0.356022778446602,0.529855438333871,0.925682085607347,-0.432301178907871,0.247032967861912,0.146240805379038,-0.595455502909961,-0.572880727875669,0.386258120032365
"354",-1.01692119439192,-0.064751175524766,-0.635318151726048,-0.0497836314993745,-1.60091324712696,-0.195610686463937,0.624630531133211,-1.03520960077116,-1.17441662041571
"355",0.745366414527141,1.54769946521436,0.853226943675619,1.12468235684192,2.22115393171894,3.43473744031338,0.12875200504993,-1.06422620721176,0.98757943186955
"356",0.703265270136241,0.466591574170868,-1.69911247003864,0.193035285153036,0.825414047659278,-1.11726887761876,0.0357794053466944,0.822571527863142,1.62708638198264
"357",-1.40632329315953,-1.56588057591677,-0.0752231125697135,-0.870630904302082,-0.931657350155434,-0.877578404952813,0.338129857250753,-0.492554709139404,-0.513388361716438
"358",1.7018848680797,0.548619990672482,-1.3213238770281,-1.2618385188181,-3.04560739999784,0.000955270869802839,1.9489414068062,-1.2571724809847,1.19619104016677
"359",-0.111521670551968,0.0760182616228518,-0.993915222030921,-0.301732614924505,-0.934877969903027,0.631472354568323,-0.529039701277862,1.08752236966646,0.624405434810255
"360",0.320547041846585,0.452145837578914,-0.216189603754045,0.637144152118004,0.602984041737446,0.0413243137598134,0.282174857512474,0.513372765506074,0.389252879147169
"361",0.149269528332797,1.29059296408462,-1.09127534206673,-1.11873823328551,0.938483893611265,-0.763675730905098,-0.2844092008506,1.27204209660594,-2.21622725876497
"362",-2.58849567349461,0.885951677744763,0.75063053430232,-0.865555072303185,-0.107720980190996,-0.952722852853734,-1.01242406448789,-1.63279963615332,-0.0941098760504011
"363",0.0246753853954786,-0.453160664644412,-0.98023913725761,-0.166532160919062,-1.37443144941311,-0.298732895676606,-1.1061129306801,-0.579370048648671,-0.0134804034114189
"364",0.174112856634931,0.907117826300283,-1.76008147295443,-1.66003472927093,0.1188164138032,-0.343752826813055,1.16240090417335,0.863105100004126,-2.72369006970237
"365",-2.02964573741953,-1.36651758197336,0.260802259019831,-0.960641378373991,0.153595898185472,-0.801173164863636,-0.959923072680256,-0.205514441504531,-0.0471708730618435
"366",0.885732296664489,0.467303957773219,-0.122325184836614,-1.06759648831071,-0.491315827747954,-0.544297252286434,0.617774580051523,0.623734771430496,1.19759417279155
"367",0.667532426622765,0.460350863201029,0.978345765159769,0.335793811731709,0.246795238174934,1.19753617180471,0.10412376031747,0.281908151628632,0.12282068994326
"368",-2.41006374523901,1.04498451742785,0.470408021110887,-0.832771081566347,0.170944772153512,-0.749737469722555,0.162910482651737,-1.26378735379813,-0.0655325329388843
"369",-0.545159446186753,-1.33092450209295,-0.140005505480861,-1.1528548601114,0.397502654163405,1.18412893862085,0.505575623929791,1.44316009174066,0.228451316965923
"370",0.515734126357602,0.0395078258199282,-0.193084494085648,0.122199866125223,0.874110099430038,0.276834528725228,0.278856825205029,-0.370551584746046,0.462620147992837
"371",-0.239355045028612,-1.56431174547635,0.51942131527587,-0.390113686934946,0.697364015999056,0.92356127028439,0.596670495348443,0.0182933920351756,0.367798199227555
"372",0.219675015195408,0.967730594817241,-1.56385364772389,-1.5079508913986,0.330629691441285,-0.887230647420863,0.0330259908430263,1.53438409066489,-2.39156030742709
"373",0.649292721062506,1.16261309650564,-2.14066323168796,-1.26425487218381,0.859009758789177,-0.461286485760083,0.0684400802009334,0.881844368550847,-2.14491437358153
"374",0.0116434535566093,-0.498712242908759,-0.364237675836902,-0.0136359613521412,-0.468620283580833,-0.686900110677561,-0.992226018674625,-0.046699419863171,0.164553110132994
"375",-0.878185120368041,-0.546072709465646,-1.26668105617351,-0.725214979095042,-2.06138495284406,-1.36901909971007,-2.0223477792046,0.670056739340732,-0.552558940576057
"376",-0.249899018479668,0.454381429509242,-0.572760538248058,0.281837568215737,-0.752522099194155,-0.731670737292809,-0.367355003518734,0.02866783899645,-0.28655478798942
"377",-1.39640921317649,-1.2645025850849,-0.422321275169129,0.598809228201473,-1.49019810415792,-0.192786763234981,-0.966243268775189,2.60814694432824,0.115746851831478
"378",0.0540743339115794,-0.651496869110379,-0.969859670003272,0.462327113820422,-1.63953214277212,-0.0589807374324144,-0.895832134153896,0.0480211899275446,0.0804269151615648
"379",-0.0502936397086062,0.720650579175638,-1.08759744332135,-0.32611388265388,0.665012851981893,-0.646045601526241,-0.160207426581859,-0.133595766786978,-0.089758770024843
"380",-0.271271561590471,-0.592751223368639,0.413755802627866,1.01921874849106,2.03982325372137,-0.63584475476589,0.177319540877708,-0.496511148564005,-0.425977438187786
"381",0.269588173071099,-0.536425748524029,0.330073061381565,0.07314597626165,0.0103647562454031,1.36616969003248,-0.376158131477634,0.205219656660822,0.365877305054553
"382",-0.251239775364754,0.171462980948694,-0.311089644948713,0.0941904865197969,0.309470693311569,-1.12238567306749,-0.500841932312831,0.272552863176289,0.24239528442322
"383",0.561429331960057,0.728036438711298,-0.571376202541951,0.572219987636436,1.90500690148277,1.00321142570929,-1.91067051087198,1.8802517861457,2.46369820476221
"384",-0.0451140905770826,1.04480584402421,1.1690467901267,0.381205125414891,0.103447207566162,1.9431339628497,-0.518789837235179,0.469136610673884,0.0141518932135761
"385",1.1181646698195,0.166198918541573,-0.777636493456984,-0.26236462842201,-0.280449330440976,-0.474644914735373,-1.49977374842953,0.192769899139659,-0.00703185145214593
"386",0.312113096138842,-0.0353852568254424,0.714758471341866,0.0382219919782178,0.370841817416805,-0.590588519720997,0.333446377738577,0.0830570677799468,0.495799876211337
"387",0.276252270319372,-0.0732674311914124,-0.980824102863781,-1.04572223954055,-0.954175018291384,-0.509042858328391,-0.213149778119411,0.564257497895868,1.05013891785843
"388",-0.0201882125340716,-0.192157343136524,0.726949211978759,-0.773570910277402,-0.757904927997702,-0.302706486996776,-1.13602827141174,-0.528418356151931,-0.4846435737512
"389",0.317272079967684,0.989728585965448,-1.18111674831423,-0.970919455967201,0.182623117752746,-0.913732038496987,0.514130498172098,1.21797464265691,-2.29497620280477
"390",0.9759031950095,0.753948522140918,1.2186062783996,0.99624135825692,0.156672996031373,3.34325664619806,0.148937692446532,0.643106552772709,0.0970301877349099
"391",0.498432803543461,-0.643527137312583,-0.254368466649672,0.891333976761851,1.36221203812984,-0.353635283211817,0.448639501554509,0.0498341986900429,0.0813140679538666
"392",0.697148173971674,-0.717770109409215,1.17589350425346,-0.912875041723407,-1.0745333069275,1.11960686536775,-0.655182093764698,-0.13346985550231,1.56923728267454
"393",0.244056305336322,1.32501051881046,0.641376372525676,-0.153236714693892,-0.626538116261185,2.47363707764762,-1.71051550229623,-0.043939851493174,0.172257046229111
"394",0.358287398702746,-0.0810387162812793,0.835744417524993,-0.183151439480221,0.124022900723572,1.20128437433641,-0.153719681331407,0.677916489778439,0.387557721402445
"395",0.116843652260023,0.835990274340498,0.355886806771625,0.354654317172156,0.305565541384113,-1.4527159799888,-0.655270052742535,-0.931323335942494,0.57828196522324
"396",-1.0469432115902,-0.781291840171764,-0.0736394518176246,-0.58763471283137,-1.33568324942368,0.712591990650606,-1.6159619135801,0.658487475476138,0.913370250180756
"397",-0.48864279402307,0.0388369587760275,0.465836821185245,-0.450095831931033,-0.421645762884896,-1.00036757084844,-0.477709823981969,0.748497153130348,1.05080253469756
"398",0.182507413877327,-1.57984493500517,-0.448346604625211,0.0866056589220358,0.94899679931905,-1.69697792730857,-0.932730001582866,0.947013756534085,-0.372105124502774
"399",0.084935145903622,1.22995680600579,1.03001085224035,-1.59038994191567,-2.51392419559137,1.32780563120077,0.814535660479513,-0.702578445904805,1.0227166043382
"400",-0.185176104971358,-0.725107926175839,-1.10232942079713,0.0192120858440587,-0.962692256480992,-0.262912488552607,-1.12392788895075,-0.680652527354733,-0.304383112485603
"401",0.466106778161791,0.155509988412098,1.0074064413787,0.827563717880715,0.336718914926663,-0.626917366167408,0.0579518009545508,0.452881830364849,0.955265784310405
"402",-0.784139929466218,-0.418560828514682,-0.904737459771909,0.339863046998556,-1.37877548862364,-0.355440669860124,-1.75052464205211,0.519583258792889,0.0200333678424056
"403",1.16287880487477,1.0907240544795,1.56990047544434,1.34341278233902,0.553760555630822,2.85175451692593,0.0202531162198503,-1.14552047260038,0.115280577856967
"404",-2.54222441461131,1.44390683025193,0.102610684148156,-1.06288049136066,-0.35025847035087,-0.920430628803383,-0.439609416172645,-1.47001171846671,-1.16493398344807
"405",-0.64072912062757,-0.762285946742774,1.04116593016289,-0.794448544848203,-0.228946414591317,-0.962482645581978,-0.153202680995878,-1.83470952043396,-0.113614540125275
"406",0.24679465973098,-0.632621191673504,-0.153596610948452,0.141435022656582,-0.465277313227605,-0.979556191046678,-1.04096195675242,-0.486882198424954,1.5660904641291
"407",0.56555260968038,0.552907914308429,1.13526147051308,-0.254842453416614,0.141874666075691,-0.06624397887193,-0.28216864528139,0.376811500306248,0.798648309569548
"408",0.86619325899552,0.494545995365968,2.14976265904727,0.408640267099213,1.83539019476652,1.37627770381792,0.476618057837026,0.259546821807979,0.0379340327010964
"409",0.936116097329316,1.27260401759392,1.32423228406345,2.19505428779365,1.23146680996095,-0.5624497890127,1.83828891123216,1.15262011849293,0.115367203897267
"410",0.896460864409355,1.00940960324565,-0.166488854809213,1.03301431391521,1.42602266591866,-0.148955766053458,0.140691123762475,0.0359111015946535,0.632629463398925
"411",0.233397307568202,0.503528045651796,0.802221904172638,1.13274148508632,0.695110823630521,1.48050452839369,-0.610278124050737,-0.577235505703714,0.0814947984343043
"412",0.628730228393124,0.448440491088865,0.268311185122723,-0.105952558222008,0.413768187320357,0.397144388677844,0.00314053290275209,0.759068553994857,-0.026776494269333
"413",0.659942690133431,1.0490599150615,-0.0762767031886891,1.37400969846999,0.492745411313266,2.96641829366681,0.662378222557165,0.186363363198884,-0.0560024116600952
"414",0.556465870528566,1.39710121488249,-2.66670926585381,-1.44821925373122,0.439799887975204,-1.00524737446794,-0.20310900462926,1.01090285164599,-2.51423783431066
"415",0.0589991326379989,0.925042945369718,-2.6776820617182,-1.41068448176709,0.287683840854561,-1.07083084250366,0.433668018992217,0.72958652449591,-1.91600916053172
"416",-0.0482742292490791,-0.780244177915142,-0.196822034067391,-0.509982038538441,0.0422426253326289,-0.677385390859855,-0.316053582610257,-1.84474152224071,-1.96584939373781
"417",0.207214316824729,0.61901105080985,-0.698830871926402,0.296156609205757,-0.135882278207647,-0.670545300856352,-0.213316430628297,0.163334347902081,-0.488708937432006
"418",0.933236213894455,1.78714297885954,1.46061064771883,1.83768119512045,1.38862754346541,-0.588044531454534,0.562044073420708,0.806792767153009,0.618547563566276
"419",0.55076007264965,0.449988875681118,-0.132260271347918,0.493953155545022,-0.0216858308493608,-0.656622449949664,0.195656082282713,-0.202607824049244,0.00650710993221982
"420",0.785134422583303,1.30749580074075,-1.38118495660027,1.51729099338908,0.167654603657882,-0.301904396416235,-0.353291384150993,0.727302274225446,0.911933620781642
"421",-0.00194848515198249,0.152923256363422,0.637740641011231,0.0641021314001295,0.103820968599346,1.2633489893495,-0.353335719527269,-0.435226759467006,0.48967051810196
"422",-0.0454320013004454,0.382839805602045,-0.531649830990375,-0.0455851520286937,-0.179531878387982,-0.0554711970111562,-0.091064998783856,-0.476496720697947,-0.0970495742951365
"423",1.02814346848007,0.569204174091623,1.53115115765858,0.0932531454414295,1.62421078910777,0.712420579091401,-0.0563286119270953,-1.04739641562742,0.393052925132712
"424",-2.13575882339788,-2.54644208932722,0.297035843612159,-0.693030092084035,-1.96394538657979,-0.385963894491404,1.50833165775271,-2.25054553159039,-0.427580555121837
"425",0.598551865293932,1.30212463474392,1.05237898212789,2.05075147692585,1.14171495131937,-0.612495964613732,1.30697065155084,1.81467165215168,-0.117993986333549
"426",0.584685717519875,0.0740051897214361,0.216422886768539,0.0266003680418318,1.25057408446459,-1.14381865147704,1.7088858465213,-1.45996885617352,0.420729617610942
"427",0.839598785759833,1.27585572349575,0.89974285064055,2.23906005116719,1.35769006492946,-0.470092776622153,1.387999161061,1.42336877352556,0.055771894967671
"428",0.328247090640113,1.26835618802402,-2.24992196711667,-1.16010049152689,0.246312496255904,-0.962335545494251,0.686977652735562,0.586432027728266,-2.86534189269378
"429",-1.33296111398716,-1.71529731312282,-2.00718953405841,0.457927325698752,-2.57293739970757,0.531548108565267,-0.541037934304419,-0.581671433917662,-1.04127964396464
"430",0.0823752488181041,0.0410357152593965,-0.430406985446546,0.594350078091783,0.515793987048394,1.07062401584508,-0.369344420366156,0.273195763400779,0.13963170947442
"431",-0.268897811401373,-0.447864671528523,-1.3407032547447,-0.0376002294842283,-0.847642295268473,-0.554460702349894,-1.24505904401981,0.24952762393854,0.496179310559271
"432",-0.497838219249421,-0.150994646024637,0.11943219414718,-0.346465277633616,-0.0933697165040066,-0.38628021630784,0.0163321761636371,-0.54665005948111,-0.284826379712502
"433",-0.0143914661802061,0.364409637849115,0.456626786198196,0.273555459118041,-0.812493381610259,-0.675058770908761,-1.15794970077697,-0.443159839950514,2.33833550894039
"434",0.132382979199797,-0.0470577348359763,0.176641492238125,0.656617300630455,-0.411994866033443,0.278755072700116,0.2791346542294,-0.306523541738489,1.08077875680654
"435",0.0374207052171991,1.18522303378848,-2.62340262451425,-1.32622197011787,-0.135163573470946,-1.04883107319048,1.20787378701254,1.13092800069858,-2.63376071312386
"436",-0.202966083077454,-1.19916060351554,-1.24902450534501,0.0924241695999888,-2.25681226733908,1.21846368832701,-1.02117023150918,1.03486211534189,1.2864365430753
"437",0.201200198653638,1.39973946391167,-2.4618460820851,-1.57779522922612,1.06464226552155,-0.899940179628645,0.151052997266294,0.748487916599031,-2.49243636325631
"438",1.15964008376284,1.0289426604968,1.62265262313413,1.31779358594642,1.48816909003539,-0.11425306324149,1.13063599072944,-0.318384906757929,0.0103457950196065
"439",-1.44537723084129,-1.06766223940049,0.21449733594903,-0.891147390792642,-0.213251001734449,-0.788465097259166,-1.28161283846072,0.712653702287827,-0.392010297646387
"440",0.823803575829946,0.290075268737223,0.275939797062686,0.762658545137539,1.05701384266461,-0.280528161672396,-0.4409853545203,0.912242278188655,0.0365573077026936
"441",-0.834275007130647,-1.3037661339265,-0.88585280436401,0.101964092541817,-0.435398417627269,-0.656916721360095,-0.603585205099264,-0.370662611476227,-1.37407458486463
"442",0.98509128124948,0.83722296906379,2.12780418118872,-0.445601048278393,0.665745074052421,-0.130731587236804,0.217284378001852,-0.191375387585473,0.405549132691436
"443",0.561664789677977,1.21958355210659,-2.29789244403813,-0.715351647520237,0.711581099933771,-1.0862387329016,0.808185471134761,1.18843610942866,-2.57472213105471
"444",-2.86811887333149,0.928065194285685,0.374248227856632,-1.01010365637164,-0.459855525161657,-0.562162811366321,-1.0290239671305,-1.89714354794871,-1.13971593485331
"445",-2.94516740210505,1.16285773062342,0.58697612671277,-0.999339358679911,0.23611672980178,-1.04022716130085,-0.49164364368565,-1.80341265090012,-0.791663510813033
"446",-0.267205562411052,-0.753994224019449,-0.47416721845855,0.353957424909272,0.10416799038337,0.403659934607057,0.618734848377859,0.993459314125914,0.188576819770439
"447",1.09614174542198,-0.105012875231275,1.10769992926086,0.0831910594930732,0.725278982479745,-0.239154881832533,0.774606062993771,0.163591796756953,1.24702060222056
"448",0.79337763051311,0.623908807017548,1.9923551566945,-0.422520920841179,0.580965535153635,-0.737881118941595,0.8635505566007,-0.16918586371531,0.498149626853499
"449",-0.137157731937332,0.611687631840729,-2.92720636140369,-1.14663877700046,0.481179581558082,-0.923351937164466,0.819057774473222,1.56921846116057,-2.89096395565447
"450",0.10044463657972,0.576629894698933,1.10847014315875,1.47871601830499,0.734198118887083,-0.553827727378007,-0.700342849967626,0.0528509069435579,0.178738710918078
"451",0.868590555966367,1.10985082683717,-1.85435207009912,-0.996536119882336,0.615109313893299,-0.759251656789802,0.511281955646902,1.13572904177873,-1.43073349800603
"452",0.0146945420534612,-0.27175188114109,-0.11924462119633,-1.24192981344474,0.101415046013031,-0.302683549992985,-0.0258290935151028,0.0799222169326907,0.997864023422043
"453",-1.03377453752976,-0.751696671295609,0.0965247148858956,-1.17305877227232,-1.16097312964143,-0.836902733501492,1.009645893967,-0.938461002789048,-0.483437808933091
"454",0.0428331217634339,-0.806416892532443,-0.727135143809883,-0.390094630345666,-0.856078961751671,-0.09781512499283,-0.900113704254034,0.0344134549476472,0.699207171229167
"455",0.428656015167752,1.20263198238464,-2.56640498699775,-1.34232725286135,0.672791450729893,-0.950304909987376,-0.332188593905121,1.30504582403217,-2.65881392437429
"456",0.813875437119764,1.10994651241479,1.09032462353076,1.84736010593671,0.930392770080021,-0.425065327219432,0.167707656779504,0.472774860773167,1.53621519882835
"457",0.91324693416335,0.0888763526868907,0.946354145718191,0.357167505129626,0.177944469940483,-0.774557882861574,0.447400420873559,0.912223943365662,1.63727743153983
"458",0.689527031556309,-1.55081525304925,0.0231519067497994,-0.254728310807798,-0.422691012095127,-0.305837439284337,0.395169735723703,1.47502908608337,0.934577080059238
"459",0.445175554197591,0.798286170378466,0.201105693978563,-0.0290423904166132,-0.7623427347728,-0.824545993071224,-1.03837659636765,-0.673082984436731,1.23884727492105
"460",0.50453726194429,0.864948794397668,-2.65737290392759,-0.918440656789175,0.799685439109596,-0.834964094113202,-0.10535049800544,1.6040894332735,-2.29677941893682
"461",0.835230834013989,-0.44669423796939,0.906990946943268,-0.292214344724001,1.44875925241035,-0.30346064451322,0.531317670189774,-0.804964157141897,0.234144422537696
"462",0.647071099636096,0.137320138853826,-0.472794630640575,0.019004901847355,-2.03960700732702,0.663218939620384,0.512832175361083,-0.847034345062797,-0.520788709387707
"463",-0.394890762147683,-0.031451911226139,-0.126131440869527,-1.11715041365883,-0.33609003897273,-0.546855819588551,-0.424755211063002,-0.0384336768105777,0.939906153403427
"464",0.595284222678907,-0.841326404931261,0.843278354178335,0.676128390276231,0.770957154966152,-0.0334253253036327,0.406663925852035,-0.206347963501775,0.604579314784843
"465",0.3210205493189,-0.0990979982374475,-0.349251454418476,0.334655979464694,0.00764157546909766,0.545889684748789,0.253667700670207,0.100302233876709,0.79195352117281
"466",0.582148514211087,0.730843175483494,0.015177127515774,1.24756932095453,0.893113154289783,0.112588126458726,0.0520226634732313,0.161206715891124,-0.51505457395573
"467",-0.209327682757381,-0.489246279649023,0.70888528949882,-0.732889624563585,0.0223004988693017,0.883428350642006,-0.490213784106417,0.256007801116995,0.624824782306402
"468",-0.252194430464384,-0.965137569688544,-0.445415056160317,0.738249737713595,0.947945587738788,-0.00755370221328017,-0.0326964874055767,-1.10534378163816,1.78207099994011
"469",-1.60939463871384,0.361640051455368,-1.3049195699993,0.941578757726625,-2.18816432312074,0.511255716412387,-1.05149687492836,-0.0689301174398714,-0.644519405847962
"470",-2.27054546914904,-1.86115429313999,-0.310477016533823,-0.0316033775810379,-2.36005252357239,-0.388092334965938,-0.929730033619433,-0.0795877375679192,-0.962151111202162
"471",-0.269121854443794,-0.0521781189933447,-0.186827232762801,-0.410834771444725,-0.195006297378789,0.783141610410716,-0.297526132021332,-0.120715818711204,0.181751753382804
"472",0.740901734375243,-0.433707068109628,1.12427370970901,0.190810245985663,0.169335066215726,-0.104512774952094,0.0470073780137481,-0.525804918414833,1.07315566378078
"473",1.02513409907308,0.572847651159761,1.64551902156812,-1.809259508757,1.75905049078335,0.739401940682343,0.627877761737466,0.687148509806749,1.07956108117374
"474",-0.776449802153385,-0.302811513048449,-0.260452107664358,0.374855096747405,0.274922434053153,-1.14667081406272,-0.14656807259517,-0.835436732282324,-0.669175801932884
"475",0.388650739056907,-0.895169956611123,1.55218453001233,0.36119023743589,-0.488105193963954,1.66602726530614,0.476488916416937,0.887347750185541,-0.0913972643533234
"476",0.235905915969718,-0.45809565266861,0.62570629436881,-0.667382401539649,-0.615375601990355,1.51407139784338,0.158038854745996,-0.701661738729308,1.25712827204537
"477",-0.113790187958582,-0.729206621868508,0.0473984312862901,-0.229629542303894,-1.77390007846161,1.02794558975687,0.737979447446583,-1.47767424728837,-1.44728075049433
"478",1.69599299257887,-0.207100343141904,1.26174168917056,-0.405170102696589,2.02579086486448,1.53859207112266,0.758168271359853,-0.0380091394356322,1.40631684783717
"479",-0.439871756194821,-0.415206679953016,-0.0800942396312846,-1.22842320761658,0.25721880282594,0.876566360608633,0.339480963988001,-0.644236317126307,-0.192034922468182
"480",0.916645881989854,1.35395226129955,-1.77168645217638,-0.772618349190953,0.0417275767396363,2.19538130221999,-0.230763431140746,-0.730815414746623,2.53813519756088
"481",1.53191238477277,1.28573627820908,0.831635207043171,-0.12048722965617,-0.0435874089683389,0.328918468665899,0.759289993392711,1.30531698442695,1.8197449795513
"482",-2.36721551876538,-1.82871225675414,-2.595999171839,-0.184915961726941,-2.60783666493065,-1.42729441790559,-0.30807058357755,-1.91967447649973,0.455350750882794
"483",-0.277148640909038,-0.942125616914567,1.12118803140844,-1.23973091423104,1.43256597423587,-0.0245641913207116,0.793165294856653,-0.25262818226217,0.690481039195318
"484",-2.1538000572348,-1.65058866813446,0.386926286013902,-0.377824013657245,-0.160931052130704,-0.222471825422766,-0.264968704530343,0.709891697849474,-1.88424719404009
"485",0.722003734135827,0.725752937128342,0.0288202385693634,0.418533636580059,0.85943362894313,-0.313581543918821,-0.112760556965715,0.6609656663323,-0.0963158034249443
"486",0.414096922072408,-0.157826889895544,-0.379588100375753,-0.736666786099162,-1.18232401319554,-0.128595175642426,-0.206129163694711,0.00664651144000267,0.622538081648266
"487",0.266938244279799,0.466508021175338,0.87256042552371,0.384103730566204,0.50059259469893,-0.108528030159755,0.314163516282553,-0.847603541288641,0.52711771409422
"488",-0.549402269632515,-2.42780358127575,-1.07180515119901,-0.982222984009312,-0.810630559476635,-1.22673963068846,0.451812965575073,-0.875755089216321,-0.411477059996143
"489",0.508678992735572,0.0595257998383738,-0.552116798870051,0.711585161241098,0.667022598855253,-0.208173715329987,0.0415776885542457,-0.781995425349387,0.436108782710548
"490",1.27187664230152,-2.98180787154748,1.01437949639272,1.59766161529548,1.33684902032157,-0.646250541094963,0.825684069983271,2.6745679899519,-0.358488676536299
"491",-0.167272394130952,0.341530941324724,-0.717172468859186,0.072651146737094,-0.166018833977714,-0.0262114306494468,-0.865329928302497,0.476681559905144,-0.415341900626327
"492",-1.42332502432381,-0.303494627654976,-1.03188043283988,-0.130648996840297,-1.69297720804815,-1.05345433602516,-0.561307822286513,-0.177525031869472,0.396777697453662
"493",1.08172046691337,0.567565515810164,-0.00451272024540008,0.94413083845426,-0.267582163169921,0.949675008227516,0.728906988825646,0.0324169646107127,0.793997070623458
"494",-0.269195377513503,-0.0755181013865738,-0.642949613457417,-0.781963991850641,-2.18722338483112,2.78871780305967,0.398074361302853,0.497439032151101,0.42006995697608
"495",-0.0202804419061159,-0.703653864121074,-0.0371357626398447,0.181823019390919,-0.143584856135827,-1.2703735710118,-0.22231595322379,-1.10451283882102,0.258183855582372
"496",0.944419975741407,0.404518858451753,1.10558298003161,-0.22752785420604,1.96489180494303,-1.05433317015957,-0.0340533444566227,-0.68570998941596,0.469895368065531
"497",-1.29433743036873,-1.25091429335634,-1.70684652307143,-0.0519285514923808,-2.50208857346996,0.63687977306425,-0.384025435147431,-0.91438692812706,-0.864142532867872
"498",-0.583411413711196,-1.08249462275966,-0.248524120926668,0.224574612453574,0.2927951741261,-0.550644204465075,-0.703161890054781,1.55422850194037,0.728510192496893
"499",-1.18730425267723,-1.71075629957237,-0.884238119047826,-0.699852986298464,-1.44859985298127,0.182187370569902,0.878466360256933,0.370682463021048,-0.424769246967316
"500",-0.869859076377643,0.167748400575854,-0.637034614895959,0.625506698227198,0.339816349575537,-0.598749301558675,-0.285914866012122,-0.772790729180527,1.87528693469653
"501",0.35058299515578,-0.677680299419523,-0.434407738627777,-0.44188691238086,-0.577830751218271,0.273469007857436,1.09075797275988,-0.29482481105012,0.0989240684098517
"502",0.143266845228166,-0.253143678227228,0.84166260562982,-0.620150912659743,0.48303251916988,0.247176958745618,0.0256302310315725,0.184387221403441,0.0254122411069734
"503",-0.0514181572097851,-0.445819136230619,-1.00273915080214,-0.169004421749922,-1.29944746723839,0.256964247427221,-0.706144018120017,0.0231416046641222,0.228704518947337
